{"type":"FeatureCollection", "features": [
{"type":"Feature","geometry":{"type":"Polygon","coordinates":[[[-74.83058344599993,8.199945329000059],[-74.83385996399994,8.20193267400009],[-74.8608381009999,8.201150699000038],[-74.86787587799995,8.196067862000064],[-74.86641562499995,8.178433613000038],[-74.86976679199995,8.166149759000064],[-74.8686957029999,8.15742754300004],[-74.88346466899992,8.138630681000052],[-74.89375279199993,8.121708496000053],[-74.89393909099994,8.11560325000005],[-74.9034468879999,8.105762364000043],[-74.91120389899993,8.10397284000004],[-74.92184234099994,8.088830642000062],[-74.9279278379999,8.074597633000053],[-74.95564115399992,8.079340764000051],[-74.96631985499994,8.09012139400005],[-74.98991255099992,8.07483349100005],[-75.00297713499992,8.075173512000049],[-75.01343621799992,8.070625152000048],[-75.01998736399992,8.058975536000048],[-75.02762495499991,8.052977049000049],[-75.04297440699992,8.050210029000084],[-75.04835999399995,8.042473814000061],[-75.0561145499999,8.04794613100006],[-75.08154652799993,8.054370582000047],[-75.0818022869999,8.062906608000048],[-75.09540412599995,8.070047570000042],[-75.10075085799991,8.05570106500005],[-75.11566288599994,8.048551761000056],[-75.12145805299991,8.041599604000055],[-75.1313261549999,8.044331814000088],[-75.13269225899995,8.05363740200005],[-75.1549036049999,8.051031083000055],[-75.1631159069999,8.052829153000062],[-75.1792039149999,8.04980682200005],[-75.18575726699993,8.044309818000045],[-75.19302582799992,8.047263591000046],[-75.1961731749999,8.056262279000066],[-75.20838351499992,8.05672183300004],[-75.2203076269999,8.06625862900006],[-75.22676154899995,8.062976714000058],[-75.23036761999992,8.053304874000048],[-75.24656989999994,8.043018110000048],[-75.24797225999993,8.038065325000048],[-75.23735354599995,8.031669755000053],[-75.24333861199995,8.008969412000056],[-75.25213940599991,8.001046143000053],[-75.26560844399995,8.000200389000042],[-75.27422377999994,7.99212000600005],[-75.2789959399999,7.981019124000056],[-75.28704037299991,7.974361208000062],[-75.29197612699994,7.960006239000052],[-75.30147353799993,7.957923719000064],[-75.30928456999993,7.947435993000056],[-75.33615890399994,7.946586632000049],[-75.3298731079999,7.937211464000086],[-75.3291459969999,7.926935502000049],[-75.3354253409999,7.92095497300005],[-75.33562361399993,7.906841553000049],[-75.34435185099994,7.891934775000038],[-75.34346465899995,7.881319717000054],[-75.35451896699993,7.86881756400004],[-75.3649495759999,7.868215378000059],[-75.3763291329999,7.863267093000047],[-75.39110983699993,7.862867475000087],[-75.4043481029999,7.85752788800005],[-75.40518201299994,7.843095899000048],[-75.41614583699993,7.839057197000045],[-75.4187222189999,7.823567568000044],[-75.42792997099991,7.817996494000056],[-75.4465002259999,7.82937077400004],[-75.4586580109999,7.833844361000047],[-75.46683141599993,7.825932271000056],[-75.46624453299995,7.818772465000052],[-75.4556517709999,7.809047415000066],[-75.45387264999994,7.803225478000059],[-75.46127810399992,7.785718283000051],[-75.47455562999994,7.77717909200004],[-75.47958642499992,7.765717857000084],[-75.48022751299993,7.746688062000089],[-75.48567840999993,7.734663751000085],[-75.4957012779999,7.721711546000051],[-75.50294141599994,7.718738611000049],[-75.51872629299993,7.725358148000055],[-75.53070612499994,7.72494931600005],[-75.53785219799994,7.714897645000065],[-75.53412060699992,7.691458517000058],[-75.54022850399991,7.677890602000048],[-75.55143115699991,7.666638189000082],[-75.54881325399992,7.644914379000056],[-75.55762782799991,7.643329059000052],[-75.5516840279999,7.632667154000046],[-75.55522432899994,7.624305806000052],[-75.57089853499991,7.62492353500005],[-75.57606156899993,7.616842133000091],[-75.59236744899994,7.603874738000059],[-75.60144439599992,7.602151268000057],[-75.60518048199992,7.585517199000037],[-75.61938526699993,7.582678509000061],[-75.64574655899992,7.585811621000062],[-75.65330152699994,7.592579860000058],[-75.6768851779999,7.595542637000051],[-75.68064856799992,7.585058179000043],[-75.69765967099994,7.580945679000081],[-75.71186875699993,7.581286822000038],[-75.72087141999992,7.588569410000048],[-75.74263608099994,7.611996069000043],[-75.7517104769999,7.613615370000048],[-75.76525372299994,7.60194378500006],[-75.76100466199995,7.588699775000066],[-75.76089425599992,7.577501360000042],[-75.76839403699995,7.566578966000066],[-75.7763983449999,7.544913898000061],[-75.76684080799993,7.529012566000063],[-75.77673160499995,7.523294970000052],[-75.78721823799992,7.512000786000044],[-75.77516124199991,7.501546641000061],[-75.78263230599993,7.491377447000048],[-75.78151031099992,7.48454752300006],[-75.78822447399995,7.473327571000084],[-75.78767238099994,7.460193104000041],[-75.80218708099994,7.445972261000065],[-75.82161718799995,7.443933078000043],[-75.82755663699993,7.426364057000058],[-75.81780240199993,7.416595008000058],[-75.82954429999995,7.40771458200004],[-75.8357247159999,7.389164360000052],[-75.83373334799995,7.371340718000056],[-75.84570846999992,7.354019403000052],[-75.84549601399993,7.347087269000042],[-76.00824491299994,7.360722923000083],[-76.1873503079999,7.375626466000085],[-76.38092539299993,7.391709823000042],[-76.38989974299994,7.396983547000048],[-76.40304947899995,7.412764582000079],[-76.4128215049999,7.41492403400008],[-76.4241366949999,7.433209411000064],[-76.42691706999994,7.448709957000062],[-76.43762394499993,7.457248897000056],[-76.43883669799993,7.469737479000059],[-76.44502771899994,7.479581435000057],[-76.45474980999995,7.482685968000055],[-76.45229481899992,7.500649979000059],[-76.46114641199995,7.508911468000065],[-76.46249794699992,7.516773209000064],[-76.47433814499993,7.521646343000043],[-76.47993463799992,7.537331752000057],[-76.4943636889999,7.541824173000066],[-76.49280276199994,7.549895305000064],[-76.50157821499994,7.554635190000056],[-76.5104075779999,7.582376640000064],[-76.51453012799993,7.586664649000056],[-76.50827137699991,7.602142012000058],[-76.51187906299992,7.610076120000087],[-76.50470901599994,7.617598298000075],[-76.50244959299994,7.626998996000054],[-76.49229868299994,7.640469144000065],[-76.49556191099992,7.652982084000087],[-76.49045288799994,7.662502762000088],[-76.48556311499993,7.689319447000059],[-76.4913117399999,7.717208095000046],[-76.49098799599994,7.730255398000054],[-76.49663120399993,7.749715600000059],[-76.48349733999993,7.758035071000052],[-76.48049207799994,7.776568096000062],[-76.48351875199995,7.803332275000059],[-76.4791405439999,7.81292626000004],[-76.48123446999995,7.820673786000043],[-76.47360115799995,7.838814796000065],[-76.46513027799995,7.848979854000049],[-76.46405565399994,7.871870957000056],[-76.44953076999991,7.878741392000052],[-76.44546627799991,7.893555124000045],[-76.4381625719999,7.904778899000064],[-76.42111738499995,7.911825227000065],[-76.4192083719999,7.926827490000051],[-76.42293247599991,7.950497503000065],[-76.41549251099991,7.954524622000065],[-76.41690540099995,7.982326080000064],[-76.4115737109999,8.00695201700006],[-76.42710635399993,8.018543708000038],[-76.42251800999992,8.029558221000059],[-76.42877673499993,8.03563536900009],[-76.42868058899995,8.058306017000064],[-76.42372159999991,8.061122683000065],[-76.42262802899995,8.07411750500006],[-76.40872379799993,8.07392512000007],[-76.4062872149999,8.088030145000062],[-76.40852664099992,8.09971715000006],[-76.37485222399994,8.111544446000039],[-76.37112126099993,8.149812867000037],[-76.36711750599994,8.153053377000049],[-76.35733513199995,8.146242279000091],[-76.34851362099994,8.155265560000089],[-76.3353340669999,8.14774783200005],[-76.3325203039999,8.15566136700005],[-76.34958237099994,8.172130407000054],[-76.35330792199994,8.183456052000054],[-76.35141188299991,8.203343249000056],[-76.34305936499993,8.210933620000048],[-76.33371388699993,8.229280642000049],[-76.32411989999991,8.26474412600004],[-76.31473530599993,8.270569047000038],[-76.31069974099995,8.281057713000052],[-76.30327582199993,8.284522208000055],[-76.29977325599992,8.29862765200005],[-76.30343039299993,8.311179062000065],[-76.29474539599994,8.315085570000065],[-76.28802482799995,8.328230273000088],[-76.26847136899994,8.35111592900006],[-76.23724272899995,8.370129013000053],[-76.22676358299992,8.38078899900006],[-76.19987967399993,8.387394965000055],[-76.18042894799993,8.396064368000054],[-76.18870459899995,8.40726410700006],[-76.19694031799992,8.423434107000048],[-76.21187008499993,8.430029113000046],[-76.21866846299991,8.443560473000048],[-76.21005655699992,8.474779733000048],[-76.20871944099991,8.502418397000042],[-76.20999636999994,8.522922531000063],[-76.2281050929999,8.541774632000056],[-76.23627685199995,8.552649681000048],[-76.23716951599994,8.559328017000041],[-76.22277815699994,8.563384746000054],[-76.22281106899993,8.573270138000055],[-76.24406344699992,8.57208690400006],[-76.2654422729999,8.584190250000063],[-76.25492287399993,8.592788994000045],[-76.25158547399991,8.612448267000048],[-76.26476177599994,8.61763458900009],[-76.26856129299995,8.62245974700005],[-76.26605742399994,8.63880709700004],[-76.28243049699995,8.644325068000057],[-76.29497937799994,8.652884782000058],[-76.3028787369999,8.651973393000048],[-76.3183932739999,8.655847209000058],[-76.32785163299991,8.652028174000066],[-76.34016534199992,8.64089229700005],[-76.3448766759999,8.642748279000045],[-76.34962369999994,8.657524730000091],[-76.3514668059999,8.675772125000037],[-76.3556987149999,8.692978692000054],[-76.36756585599994,8.71450621300005],[-76.36788788399991,8.720674675000055],[-76.39965708999995,8.746125609000046],[-76.41601216899994,8.749174832000051],[-76.41956591199994,8.754994157000056],[-76.4153371939999,8.76264999600005],[-76.39961431299992,8.779618433000053],[-76.38943379499995,8.783733096000049],[-76.38116683499993,8.794208980000064],[-76.41360457999991,8.873973720000038],[-76.41905325899995,8.862201794000043],[-76.4286037949999,8.85390497700007],[-76.48014574599995,8.826281275000042],[-76.48788121299992,8.816497740000045],[-76.51127752299993,8.802970281000057],[-76.51314665399991,8.783524969000041],[-76.52405472499993,8.773565873000052],[-76.54434169099994,8.76239941600005],[-76.58405996499994,8.74616181500005],[-76.6083047969999,8.74107919100004],[-76.61079205099992,8.736873005000064],[-76.63086726699993,8.731672943000092],[-76.62852154899991,8.720059133000063],[-76.63810797499991,8.708947582000064],[-76.63328820699991,8.697291645000064],[-76.63523591699993,8.688256228000057],[-76.64967430599995,8.671171764000064],[-76.67748774599994,8.65946877400006],[-76.71433941299995,8.649569886000052],[-76.74723907999993,8.643689284000061],[-76.79845078699992,8.631601321000062],[-76.8463749679999,8.625030563000053],[-76.88524518499992,8.623096325000063],[-76.88929714799991,8.59553943900005],[-76.89889305199995,8.583738165000057],[-76.93646985599992,8.556313081000042],[-76.93852629199995,8.552007727000046],[-76.93485496199992,8.536468544000059],[-76.92753497199993,8.541920177000065],[-76.91719038699995,8.53832761800004],[-76.89390895699995,8.52568608100006],[-76.85058823799994,8.511560744000064],[-76.83718301999994,8.505272982000065],[-76.8238165809999,8.49550404200005],[-76.80892990399991,8.478676054000061],[-76.7984574059999,8.45768455700005],[-76.79434049299994,8.43483544500009],[-76.78805819899992,8.421150802000057],[-76.7735625169999,8.420522017000053],[-76.76812386699993,8.414566874000059],[-76.75798668599992,8.39148085100004],[-76.76100269699992,8.352551765000044],[-76.75389232499992,8.341516377000062],[-76.75353471599993,8.325645561000044],[-76.75933448199993,8.303292075000059],[-76.77420323399991,8.267927366000038],[-76.7712353899999,8.25843528200005],[-76.7601903339999,8.251936177000061],[-76.75486559699993,8.238272393000045],[-76.75342455899994,8.21866500100009],[-76.75068927899991,8.216031273000056],[-76.74820898699994,8.195383805000063],[-76.73996069599991,8.172624944000063],[-76.73979223099991,8.15880932400006],[-76.74268514399995,8.144577581000078],[-76.75134088699991,8.128735662000054],[-76.76149230599992,8.118038132000038],[-76.7479428229999,8.11108118900006],[-76.73980691499992,8.110952015000066],[-76.73865594699993,8.097647103000043],[-76.74279480099995,8.08583634200005],[-76.72793588799993,8.087304996000057],[-76.72202530399994,8.080618857000047],[-76.72106338899994,8.07102008000004],[-76.71476101399992,8.061643607000065],[-76.71956072199993,8.04027573500008],[-76.7338730269999,8.039586042000053],[-76.72791306599993,8.030689252000059],[-76.74292094799995,8.011220735000052],[-76.73097613899995,7.997998639000059],[-76.72602813899994,7.983472669000093],[-76.7326621929999,7.971014310000044],[-76.74457248699991,7.961933251000062],[-76.7398177099999,7.947190354000043],[-76.74702158899993,7.941035925000051],[-76.74836664399993,7.922084052000059],[-76.7566260239999,7.914958846000047],[-76.76818461199991,7.910304693000057],[-76.79643422999993,7.904993310000066],[-76.82816477299991,7.902939865000064],[-76.8856622159999,7.90571439100006],[-76.91179560799992,7.912035072000037],[-76.9222480009999,7.917593947000057],[-76.93132809199994,7.933043042000065],[-76.93266873199991,7.942002861000049],[-76.9283760319999,7.967790852000064],[-76.92752773699993,7.990733132000059],[-76.92046878499991,7.998936248000064],[-76.9268495469999,8.00764674900006],[-76.92482717899992,8.024643583000056],[-76.91356416499991,8.04054829200004],[-76.90462722599995,8.045098102000054],[-76.8836560389999,8.043298418000063],[-76.87425418499993,8.029059501000063],[-76.85855581499993,8.022567320000064],[-76.8517441219999,8.02293536700006],[-76.84351560599993,8.016148521000048],[-76.8358114099999,8.024942689000056],[-76.86072540999993,8.036420974000066],[-76.85786534699992,8.043536632000041],[-76.8706321539999,8.048399689000064],[-76.86970467899994,8.055014013000061],[-76.8534055909999,8.056847522000055],[-76.84534382699991,8.051065574000063],[-76.83954221499994,8.059519116000047],[-76.86140146899993,8.06292508100006],[-76.8655671649999,8.07426631900006],[-76.83451896199995,8.081160474000058],[-76.8261422619999,8.094987647000039],[-76.84919750099994,8.08824233100006],[-76.85547904099991,8.094347276000065],[-76.85207495899994,8.107728043000066],[-76.85664286399992,8.113567445000058],[-76.84316730599994,8.124073269000064],[-76.83763071599992,8.122475049000059],[-76.81522520099992,8.13516463700006],[-76.8235840719999,8.138211539000054],[-76.84240178899995,8.136636167000063],[-76.89044269599992,8.128832584000065],[-76.88780821699993,8.115314737000062],[-76.89669319799992,8.109696812000038],[-76.90066112499994,8.102317352000057],[-76.92910879099992,8.090571259000058],[-76.93450790499992,8.096434396000063],[-76.93462316599994,8.109951109000065],[-76.95046363799992,8.121918010000059],[-76.94973565899994,8.146439154000063],[-76.94360019399994,8.15500991500005],[-76.94065296299993,8.166828549000059],[-76.92817557799992,8.174411356000064],[-76.9256981719999,8.201735675000066],[-76.93495200899991,8.204140215000052],[-76.93473341499993,8.18883859600004],[-76.93925103599992,8.181187788000045],[-76.94626602599993,8.185048606000066],[-76.9564345629999,8.183985350000057],[-76.9619141849999,8.195092557000066],[-76.96706401299991,8.213199406000058],[-76.9650672109999,8.222144755000045],[-76.96722377899994,8.238831779000066],[-76.95429113499995,8.242165296000053],[-76.95025313699995,8.253395958000056],[-76.96228386399991,8.256126838000057],[-76.98018975199994,8.255281794000041],[-76.9782916449999,8.227691015000062],[-76.96651136699995,8.191789282000059],[-76.94933258599991,8.17233684100006],[-76.95426732199991,8.145647930000052],[-76.9552751949999,8.120398787000056],[-76.95125390599992,8.099102609000056],[-76.9439727539999,8.094367481000063],[-76.9382858429999,8.067979261000062],[-76.94742297399995,8.049776382000061],[-76.95991514399992,8.036903499000061],[-76.97133655699992,8.031906630000037],[-76.98715997099993,8.031026230000066],[-76.99660643199991,8.019057541000052],[-77.00324512899994,7.997618597000042],[-77.00574356299995,7.973038766000059],[-77.00008044599991,7.958428874000049],[-77.00383999299993,7.952956115000063],[-77.01814055499995,7.950671833000058],[-77.01266779399992,7.938298637000059],[-77.01611801299993,7.921261694000066],[-77.0221142549999,7.909031266000056],[-77.02639728399993,7.890423881000061],[-77.03470405099995,7.876080624000053],[-77.04745551399992,7.865629895000041],[-77.05837723899992,7.851543488000061],[-77.08061160199992,7.845174144000055],[-77.09520831599991,7.825067171000057],[-77.1055841459999,7.823923762000049],[-77.1168965999999,7.830954512000062],[-77.12783197099992,7.826380875000041],[-77.12357459599991,7.806578],[-77.12272312099992,7.78939037300006],[-77.11330824099991,7.781483816000048],[-77.0397014959999,7.70476172900004],[-76.9996968069999,7.668326232000084],[-76.96013826799992,7.639772700000037],[-76.94541535299993,7.591737331000047],[-76.93619494099994,7.583409218000043],[-76.88473909699991,7.581624622000049],[-76.82584743699994,7.581475905000048],[-76.80101181299995,7.571660629000064],[-76.7447970469999,7.522584246000065],[-76.6618570789999,7.449177969000061],[-76.65959563899992,7.444202801000074],[-76.62115116399991,7.324949546000084],[-76.61516926199994,7.311861712000052],[-76.6038263069999,7.308521665000058],[-76.59060408399995,7.30075471400005],[-76.57963897999991,7.304382472000043],[-76.57360408199992,7.297979343000065],[-76.56701683599994,7.279874647000042],[-76.54643680899994,7.258762730000058],[-76.53052948099992,7.255125980000059],[-76.5182466739999,7.225112582000065],[-76.51292588399991,7.204636945000061],[-76.50536109299992,7.196554838000054],[-76.50839938099995,7.183965913000065],[-76.49990867299994,7.168215929000041],[-76.49551149899992,7.146505585000057],[-76.4854632229999,7.136018718000059],[-76.49271274699993,7.131584470000064],[-76.5071940659999,7.139494033000062],[-76.50998537599992,7.120729546000064],[-76.51471675399995,7.110580088000063],[-76.52451972799992,7.105134336000049],[-76.53124473199995,7.093175643000052],[-76.53006341999992,7.079621658000065],[-76.53878024999995,7.068480034000061],[-76.53071003299993,7.060347644000046],[-76.53620271599993,7.049807251000061],[-76.53530818599995,7.038684697000065],[-76.54529628199992,7.019938964000062],[-76.5480467669999,7.001554145000057],[-76.55372202199993,6.994202696000059],[-76.57001730999991,6.980476936000059],[-76.58398878299994,6.983105518000059],[-76.59492452199993,7.012315763000061],[-76.60589564999992,7.008238962000064],[-76.61623746099991,7.016177390000053],[-76.62818249599991,7.016178789000037],[-76.6521924779999,7.01110436600004],[-76.65587599199995,7.017262739000046],[-76.67016878899994,7.023142931000052],[-76.67591583699993,7.029544552000061],[-76.68426350899995,7.021364346000041],[-76.7066598159999,7.02491520600006],[-76.82477514199991,7.005457572000068],[-76.83463708099993,6.99926860100004],[-76.82880904299992,6.979903562000061],[-76.81914920499992,6.972518492000063],[-76.82332843299992,6.96413887500006],[-76.81082248699994,6.961536115000058],[-76.8098596769999,6.953558547000057],[-76.7999882339999,6.948278965000043],[-76.79694031499992,6.932599331000063],[-76.79842509799994,6.925641788000064],[-76.79457037199995,6.896317312000065],[-76.7880887199999,6.890692264000052],[-76.78553793799995,6.877529086000038],[-76.79343774799992,6.865013121000061],[-76.83186213599993,6.85478710600006],[-76.81911728799992,6.846190922000062],[-76.82089277699993,6.835344616000043],[-76.83129960399992,6.839282335000064],[-76.83644174299991,6.828941070000042],[-76.8502759289999,6.835422725000058],[-76.85507292199992,6.846158850000052],[-76.86778933699992,6.845374590000063],[-76.87584908699995,6.851951514000064],[-76.8840505579999,6.848223141000062],[-76.89085933799993,6.838396290000048],[-76.8996463549999,6.834457880000059],[-76.91657834099993,6.845472008000058],[-76.9231284569999,6.837487979000059],[-76.93158472199991,6.813468973000056],[-76.9611760539999,6.816144350000059],[-76.97004054299993,6.812874093000062],[-76.97216968999993,6.798123137000061],[-76.95833718999995,6.790733740000064],[-76.9654204329999,6.779517446000057],[-76.96213846499995,6.763784430000044],[-76.96743038599993,6.743873102000066],[-76.95494297499994,6.723390700000039],[-76.94494923899993,6.724589949000062],[-76.93618224599993,6.719203434000065],[-76.93367248699991,6.71018779700006],[-76.94187152799992,6.706125998000061],[-76.94767994799992,6.695666474000063],[-76.96351116699992,6.687456075000057],[-76.96353300299995,6.679660565000063],[-76.95455215099992,6.674820072000045],[-76.94009808599992,6.677386372000058],[-76.93748699299994,6.654588692000061],[-76.92425718999993,6.646841166000058],[-76.91753759199992,6.660013860000049],[-76.90872406799991,6.670578669000065],[-76.90246132699991,6.672006345000057],[-76.89511355099995,6.66302150100006],[-76.89954886699991,6.653903404000062],[-76.91049438699991,6.644214239000064],[-76.91228374199994,6.635172287000046],[-76.90689664199994,6.627063084000042],[-76.8943140529999,6.625483122000048],[-76.87554486399995,6.630489508000039],[-76.86088738299992,6.624797838000063],[-76.85816527999992,6.615698780000059],[-76.86307648799993,6.609036287000038],[-76.88388249499991,6.608960147000062],[-76.89100184299991,6.603420760000063],[-76.89895875899992,6.587868603000061],[-76.89886475899993,6.580047573000058],[-76.88668756999994,6.561341217000063],[-76.87488595299993,6.569979364000062],[-76.86478885299994,6.571886113000062],[-76.8516438449999,6.561326770000051],[-76.84528079499995,6.530214511000054],[-76.83913682699995,6.519621465000057],[-76.8274652149999,6.525438011000062],[-76.81901003899992,6.524359446000062],[-76.82284279499993,6.512668573000042],[-76.82126294199992,6.489543206000064],[-76.8162755059999,6.48779578500006],[-76.80515344199995,6.50612060800006],[-76.79692915399994,6.505256062000058],[-76.79198571199993,6.496167223000043],[-76.77721731699995,6.488917936000064],[-76.76865125699993,6.479152628000065],[-76.7670141879999,6.470358142000066],[-76.78150034599992,6.463391080000065],[-76.79324536599995,6.45126534700006],[-76.79591036199992,6.438321078000058],[-76.78380366499994,6.432819763000055],[-76.7715827529999,6.439805863000061],[-76.7617793739999,6.432153514000049],[-76.77217285899991,6.420560781000063],[-76.7860689119999,6.424482132000037],[-76.79570096999993,6.417572178000057],[-76.79204611799992,6.40923454600005],[-76.76984793399993,6.39746305500006],[-76.76507436999992,6.389292350000062],[-76.76769543799992,6.381004507000057],[-76.78472505799994,6.381517003000056],[-76.78743398199992,6.374752012000044],[-76.77441649899993,6.369583091000038],[-76.77403578699995,6.358923107000066],[-76.7882686239999,6.351440616000048],[-76.79078719099994,6.338657420000061],[-76.77784292399991,6.32987171700006],[-76.78734612399995,6.326211010000065],[-76.78977683499994,6.31887494700004],[-76.7830691389999,6.30924064900006],[-76.78396381599993,6.292584422000061],[-76.77703482699991,6.28567447000006],[-76.7542871789999,6.284608468000044],[-76.74964247199995,6.273891376000051],[-76.75961717199993,6.260452181000062],[-76.75584810499993,6.251410228000054],[-76.73249131699993,6.237171536000062],[-76.72306865099995,6.236981178000065],[-76.72689482399994,6.226511549000065],[-76.71752958199994,6.214934180000057],[-76.72116453199993,6.198690500000055],[-76.71404608899991,6.189773516000059],[-76.72033152199992,6.17758129300006],[-76.71601501899994,6.171030809000058],[-76.70351277299994,6.168887531000053],[-76.6939978229999,6.163219745000049],[-76.68475354499992,6.162954442000057],[-76.68318951599991,6.169978700000058],[-76.67134683099994,6.173663395000062],[-76.66349291499995,6.170608018000053],[-76.65544088799993,6.173254391000057],[-76.64541846299994,6.168244137000045],[-76.62660480499994,6.183238261000042],[-76.62047424399992,6.182943686000044],[-76.60138423599994,6.192533411000056],[-76.59668274099994,6.186949975000061],[-76.58258228099993,6.189144946000056],[-76.57112240999993,6.186490639000056],[-76.55991512799994,6.180186424000055],[-76.53166654299991,6.177586243000064],[-76.51757333299992,6.17930014600006],[-76.50819789499991,6.173904112000059],[-76.5004297779999,6.174441763000061],[-76.48952944199993,6.169375656000057],[-76.48158838699993,6.160441376000051],[-76.47559119699991,6.171098250000057],[-76.4676327169999,6.176584431000038],[-76.4503060209999,6.168826357000057],[-76.43794332399995,6.169561574000056],[-76.41987194299992,6.165732956000056],[-76.41120569799995,6.170266724000044],[-76.40517388799992,6.185585769000056],[-76.37781577699991,6.193474198000047],[-76.36264065199993,6.192552670000055],[-76.35126124499993,6.196153080000045],[-76.33096661399992,6.196878265000066],[-76.32640514899992,6.202591713000061],[-76.30973439299993,6.199792092000052],[-76.29562423699991,6.200685761000045],[-76.28518559199995,6.193406707000065],[-76.2605379659999,6.209461976000057],[-76.25029566799992,6.204215198000043],[-76.23767364199995,6.208345312000063],[-76.22358968599991,6.187808173000064],[-76.20946804599993,6.184548608000057],[-76.21465226899994,6.174122753000063],[-76.21333063899993,6.167067578000058],[-76.2025437989999,6.162801430000059],[-76.2057975809999,6.148304990000042],[-76.20067517199993,6.141202254000063],[-76.20205828999991,6.12182630600006],[-76.19592172199992,6.105451162000065],[-76.19695652399992,6.080175259000043],[-76.1917078379999,6.059553795000056],[-76.18323649199993,6.048207794000064],[-76.17474142999993,6.043577750000054],[-76.17023350399995,6.025699438000061],[-76.17265157999992,6.017391196000062],[-76.1595691899999,6.00370739400006],[-76.14921488399995,6.00302537400006],[-76.1446887489999,5.997817220000059],[-76.13185437599992,5.999801275000038],[-76.12373213199993,6.01821581300004],[-76.11353283099993,6.021253908000062],[-76.10485258099993,6.018401827000048],[-76.09645233999993,6.003148163000048],[-76.08888709999991,5.999987283000053],[-76.08752306499991,5.990519603000052],[-76.07099957899993,5.984133408000048],[-76.06678196399992,5.978117746000066],[-76.06758947499992,5.962240566000048],[-76.05112799199992,5.951328247000049],[-76.0559021329999,5.942027970000083],[-76.05398007999992,5.931177651000041],[-76.06073827599994,5.925554079000051],[-76.05633614499993,5.912242287000083],[-76.05639814699992,5.895210391000091],[-76.06098628299992,5.886034119000044],[-76.07419267699993,5.887584161000063],[-76.08230290799992,5.880517295000061],[-76.08743970499995,5.865897121000046],[-76.0989003979999,5.849818853000045],[-76.09927240899992,5.83111290100004],[-76.08141588399991,5.815699242000051],[-76.08141588399991,5.800037579000048],[-76.08445397899993,5.79092330900005],[-76.07149068199993,5.781432538000047],[-76.08036185499992,5.769191670000055],[-76.07385165599993,5.76144144500006],[-76.06552373399995,5.765274734000059],[-76.06119884299994,5.758127345000048],[-76.07085980999994,5.742425035000053],[-76.06322751699992,5.727048460000049],[-76.08027573499993,5.707988469000043],[-76.08695398999993,5.688642279000078],[-76.0661504009999,5.67153957000005],[-76.06601794399995,5.666893142000049],[-76.0441623829999,5.653995473000066],[-76.03570634199991,5.651523445000066],[-76.0220834079999,5.63569970900005],[-76.0114587569999,5.630564931000038],[-76.00603836699992,5.623093041000061],[-76.0071377239999,5.611080850000064],[-76.00236907499993,5.602230192000093],[-76.01124325899991,5.594474925000043],[-76.00637192199991,5.581182528000056],[-76.0090809479999,5.567649286000062],[-76.00249926499993,5.560199705000059],[-75.99855264299993,5.541091803000086],[-75.98802773699992,5.537325657000054],[-75.98804162699992,5.52849763100005],[-75.98285911999994,5.518872462000047],[-75.96946854399994,5.512539915000048],[-75.9536203589999,5.509179620000054],[-75.93617654099995,5.510002209000049],[-75.93031328899991,5.507866794000051],[-75.92271435799995,5.493029537000041],[-75.90966896399993,5.48711062700005],[-75.90517773099992,5.47991870900006],[-75.88357222499991,5.483399857000052],[-75.87466352299992,5.490490652000062],[-75.86802412599991,5.490242126000055],[-75.8635312639999,5.505504277000057],[-75.85018585799992,5.492465181000057],[-75.83249416699994,5.488838934000057],[-75.82570868999994,5.495844186000056],[-75.8169993429999,5.512099427000066],[-75.8068568889999,5.514389657000038],[-75.78844581099992,5.537381199000038],[-75.7831217669999,5.540682701000037],[-75.7728008549999,5.537024282000061],[-75.76521632299995,5.547969803000058],[-75.7447719939999,5.552277817000061],[-75.72992415699991,5.563432729000056],[-75.72657387499993,5.557284202000062],[-75.70903197699994,5.543856093000045],[-75.70114152199994,5.531634045000089],[-75.6931608129999,5.527151142000093],[-75.6894504359999,5.51941258100004],[-75.67047090799991,5.529473892000055],[-75.65637973999992,5.525390739000045],[-75.64329329799995,5.530906922000042],[-75.62756505399994,5.526106845000072],[-75.6166248689999,5.53230817900004],[-75.59643514299995,5.518102795000061],[-75.57743107399995,5.516206683000064],[-75.56930394599993,5.522803239000041],[-75.56912548499992,5.539935357000047],[-75.57607950499994,5.549743725000042],[-75.57509440899992,5.574742340000057],[-75.5804110759999,5.591953463000038],[-75.57995421599992,5.606501482000056],[-75.58406592599994,5.617780128000049],[-75.5841944149999,5.631671424000046],[-75.58976235299991,5.641865033000045],[-75.58445140099991,5.655585005000091],[-75.57341545699995,5.662223702000063],[-75.57415785299992,5.669818942000063],[-75.5887772609999,5.67383071200004],[-75.59959904999994,5.680911989000037],[-75.59974657599992,5.696708753000053],[-75.59547734699993,5.711273435000066],[-75.59902383699995,5.715643629000056],[-75.59881037799994,5.737477845000058],[-75.58695570499992,5.734718659000066],[-75.56925251399991,5.724915281000051],[-75.5545351749999,5.724539701000083],[-75.54374193899991,5.720256671000072],[-75.54417024199995,5.708878089000052],[-75.5360354689999,5.691888754000047],[-75.52025897399994,5.695285425000066],[-75.50834199199994,5.680801959000064],[-75.50545165199992,5.684579031000055],[-75.48920469299992,5.677512033000085],[-75.47856850199992,5.664405961000057],[-75.46127933799994,5.672443780000037],[-75.45466919499995,5.682191195000087],[-75.4422959979999,5.685712798000054],[-75.4293201189999,5.696496884000055],[-75.41271967099993,5.694287563000046],[-75.4066282469999,5.681229083000062],[-75.39633275799991,5.677379955000049],[-75.37689255899994,5.674191475000043],[-75.3679538319999,5.654536652000047],[-75.36866767099991,5.639902964000044],[-75.38328945799992,5.627446487000043],[-75.38263510699994,5.620510358000047],[-75.37365264099992,5.608791512000039],[-75.36331388299993,5.601272416000086],[-75.3402093169999,5.603009424000049],[-75.34579137399993,5.586966799000038],[-75.33968091799994,5.580006877000073],[-75.33841028599994,5.568506942000056],[-75.32989419499995,5.562503559000049],[-75.3338274429999,5.550232682000058],[-75.33060862799994,5.532900686000062],[-75.32145959999991,5.517588853000063],[-75.31144206899995,5.509938886000043],[-75.31600591699993,5.492412280000053],[-75.31330855199991,5.482250879000048],[-75.31858625699994,5.467167504000088],[-75.30413757799994,5.465573459000041],[-75.29687070599994,5.474196625000047],[-75.28343887299991,5.466295354000067],[-75.28692240399994,5.45934733100006],[-75.28352571999994,5.442412706000084],[-75.27915346299994,5.437624041000049],[-75.28113317499992,5.424213398000063],[-75.27592951399993,5.418558389000054],[-75.25457928999992,5.449193484000091],[-75.24996051999995,5.46031860100004],[-75.24368727599995,5.464005090000057],[-75.23042094399995,5.489783934000059],[-75.22072681999992,5.502936207000062],[-75.20612363399994,5.507678671000065],[-75.20173791899992,5.51608473400006],[-75.18094810999992,5.523522631000048],[-75.14769156999995,5.530193688000054],[-75.1379705729999,5.52708633900005],[-75.13183572399993,5.536871376000079],[-75.12984004399993,5.553236626000057],[-75.12109552299995,5.559211453000046],[-75.11257627099991,5.571584228000063],[-75.10348733299992,5.574233667000044],[-75.0912711819999,5.58593109800006],[-75.08743931599992,5.597633785000085],[-75.09492967099993,5.605727387000059],[-75.08908317399994,5.615535223000052],[-75.09149617399993,5.627303623000046],[-75.09916247399991,5.64264627700004],[-75.0872432619999,5.660723663000056],[-75.07719915299992,5.656732159000057],[-75.06690830899993,5.665187819000039],[-75.05224848699993,5.66503162500004],[-75.0484193289999,5.660870893000038],[-75.02852741599992,5.674643222000043],[-75.00828705599992,5.682817871000054],[-75.00021061599995,5.701647642000069],[-74.99312256799993,5.704864493000059],[-74.99278852599991,5.715526306000072],[-74.98058921499995,5.717525970000054],[-74.97080139299993,5.715050416000054],[-74.95194416499993,5.720065591000093],[-74.92969162899993,5.734044919000041],[-74.90034189199991,5.736506749000057],[-74.88625731199994,5.739151608000043],[-74.88015693299991,5.745964571000059],[-74.86512118499991,5.747207479000053],[-74.85514999299994,5.744367198000077],[-74.83742102299993,5.734539338000047],[-74.83384399599993,5.719520473000046],[-74.82026992499993,5.708381578000058],[-74.81107684099993,5.709267097000065],[-74.8063463069999,5.69937492300005],[-74.79690854099994,5.702171295000085],[-74.77041144799995,5.690394523000066],[-74.76666141699991,5.698903475000066],[-74.75281149199992,5.696424480000076],[-74.73912312899995,5.699300832000063],[-74.73770973299992,5.707167330000061],[-74.72538888499992,5.723528505000047],[-74.7275732299999,5.738747536000062],[-74.7215341559999,5.755822551000051],[-74.71238275099995,5.758435198000086],[-74.7143957749999,5.769099944000061],[-74.69331417299992,5.772899726000048],[-74.67930390799995,5.77895307600005],[-74.67039401699992,5.768595283000082],[-74.66496042599994,5.768536586000039],[-74.65327302899993,5.786512410000057],[-74.64713752799992,5.80847820300005],[-74.65139710199992,5.823974767000038],[-74.65094859499993,5.833017397000049],[-74.63804159099993,5.866365644000041],[-74.62407820999994,5.882350300000041],[-74.6124486029999,5.889593053000056],[-74.59037624599995,5.894692423000038],[-74.58538663699994,5.90306180400006],[-74.58570502299995,5.925019123000084],[-74.59674857999994,5.929639394000048],[-74.60825057199992,5.945461804000047],[-74.60751387999994,5.955096927000056],[-74.61274582399994,5.965846558000067],[-74.60343602699993,5.981091348000064],[-74.59411056499994,5.985965581000073],[-74.57859916899992,5.983021017000056],[-74.56897741499995,5.986948756000061],[-74.56272437299992,6.001891479000051],[-74.57163125799991,6.034521129000041],[-74.57134041599994,6.04288617900005],[-74.5617478449999,6.078295787000059],[-74.5762262639999,6.082614378000073],[-74.58451333199991,6.088208061000046],[-74.6039351359999,6.111565880000057],[-74.61171003499993,6.126644560000045],[-74.60847561899993,6.138618705000056],[-74.60239588899992,6.145094283000049],[-74.59693273499994,6.159908246000043],[-74.58892158299994,6.166175527000064],[-74.57929915599993,6.187096672000052],[-74.57492607699993,6.192109186000039],[-74.57111997099992,6.206984417000058],[-74.57341573299993,6.215661242000067],[-74.5616249279999,6.230312273000038],[-74.55234823899991,6.237802257000055],[-74.54379515499994,6.250301014000058],[-74.53949724299991,6.264252286000044],[-74.52657102199993,6.273641081000051],[-74.51608228599991,6.281798144000049],[-74.50072729099992,6.289209271000061],[-74.48483291399992,6.305677501000048],[-74.47255365899991,6.310587903000055],[-74.45038759499994,6.331878705000065],[-74.44667563799993,6.34033055000009],[-74.44490531899993,6.356491849000065],[-74.4403938609999,6.371054153000046],[-74.4204440979999,6.392333369000085],[-74.39025347799992,6.394085117000088],[-74.37299577099992,6.406078315000059],[-74.36871273699995,6.415001294000092],[-74.37406602199991,6.429123404000052],[-74.39076233999992,6.443481362000057],[-74.39706791299994,6.451809476000051],[-74.4046812659999,6.470891263000055],[-74.40431245199994,6.477341981000052],[-74.39431871599993,6.493855441000051],[-74.39463312099991,6.506193417000077],[-74.4027890239999,6.527469685000085],[-74.40667688999991,6.549372306000066],[-74.40297920699993,6.568036798000037],[-74.40887625399995,6.586502135000046],[-74.40473599599994,6.593854669000052],[-74.38744689499993,6.60351042800005],[-74.37980882799991,6.61621675300006],[-74.36760219399991,6.622784062000051],[-74.35939388699995,6.632838419000052],[-74.34590150899993,6.634419627000057],[-74.3284133059999,6.63098244300005],[-74.31222182199991,6.654311720000067],[-74.2931964469999,6.657738345000041],[-74.27670836599992,6.663532132000057],[-74.25650054699992,6.675080919000038],[-74.2452868179999,6.693898482000066],[-74.2309980789999,6.710316574000046],[-74.2059423529999,6.722380440000052],[-74.19280772899992,6.720203233000063],[-74.17731080399994,6.724945431000037],[-74.1679185669999,6.734134977000053],[-74.15968860699991,6.735975096000061],[-74.14261450599992,6.756588658000055],[-74.13296341299991,6.755246640000053],[-74.11514600899994,6.765573502000052],[-74.09629948699995,6.797396414000048],[-74.0952287309999,6.802571741000065],[-74.07987104499995,6.824677802000053],[-74.07885303099994,6.839412026000048],[-74.05100143999994,6.869167184000048],[-74.03903275199991,6.87641026600005],[-74.02296036899992,6.891313163000063],[-74.0106464779999,6.913279398000043],[-73.99787403499994,6.919244550000087],[-73.98757738299992,6.929667839000047],[-73.97426936699992,6.936079200000052],[-73.94880168799995,6.951939590000052],[-73.93574796399992,6.954847760000064],[-73.92389824899993,6.967268550000085],[-73.91561772099993,6.969124525000041],[-73.8979859179999,6.98589972700006],[-73.88570789999994,7.002032471000064],[-73.88142486899994,7.012882816000058],[-73.8881509279999,7.059396500000048],[-73.88817525099995,7.070210071000076],[-73.8993772629999,7.084097231000044],[-73.91231201599993,7.095137932000057],[-73.92927281399994,7.115296726000054],[-73.9331560949999,7.124833604000059],[-73.93052916999994,7.151159962000065],[-73.93277176999993,7.163729913000054],[-73.93791140399992,7.171629725000059],[-73.9387680129999,7.182289711000067],[-73.9249671359999,7.207416820000049],[-73.91995916399992,7.241756605000091],[-73.92424219499992,7.255735937000054],[-73.92454779399992,7.267565294000065],[-73.9158523349999,7.29558379000008],[-74.07854287299995,7.151305678000085],[-74.20743649799994,7.037670581000043],[-74.24576897899993,7.002673943000048],[-74.25909896799993,7.004292761000045],[-74.26036660799991,7.008521693000091],[-74.27720960099992,7.012199929000076],[-74.28563629199994,7.006744919000084],[-74.30581463099992,6.999159857000052],[-74.30997083199992,7.006807262000052],[-74.32247059799994,7.018860239000048],[-74.3297647249999,7.010682917000054],[-74.33505348699993,7.012449301000061],[-74.35504343699995,7.010498746000053],[-74.3547622829999,7.029318892000049],[-74.35069816599992,7.056704063000041],[-74.3532181029999,7.063123191000045],[-74.35140300699993,7.081414512000038],[-74.3546361789999,7.086792178000053],[-74.36746728299994,7.09232729200005],[-74.37217637399993,7.098961713000051],[-74.36902292499991,7.105504179000093],[-74.36906792899993,7.121859993000044],[-74.37672299399992,7.131739935000041],[-74.37715909299993,7.142930960000058],[-74.38196236199991,7.147402069000066],[-74.38846204599992,7.164508878000049],[-74.39664670799993,7.171782201000042],[-74.39975409399995,7.189201972000092],[-74.40545216699991,7.189045341000053],[-74.40982549799992,7.20202781100005],[-74.40383442899991,7.210487636000039],[-74.4079698349999,7.215854551000064],[-74.40476393199992,7.228256990000091],[-74.39926691699992,7.234932857000047],[-74.39589843499994,7.256472407000047],[-74.3887591159999,7.264750887000048],[-74.38900906799995,7.283346946000052],[-74.38631315599991,7.298800615000061],[-74.39908715999991,7.310773601000051],[-74.40255659399992,7.323789445000045],[-74.39772751999993,7.347909258000072],[-74.38892150499993,7.35946105700009],[-74.37396229399991,7.364279335000049],[-74.3736364749999,7.373169048000079],[-74.3608924529999,7.387969033000047],[-74.36124681099994,7.394137768000064],[-74.3474870739999,7.402798283000038],[-74.34344594599992,7.41234047100005],[-74.32929891599991,7.425898041000039],[-74.31938876699991,7.439867494000055],[-74.33501305099992,7.459305912000048],[-74.35326725499993,7.462398876000066],[-74.36102237799992,7.476977792000071],[-74.37140520499992,7.479999530000043],[-74.37807243099991,7.466890687000046],[-74.40107329699993,7.460538195000083],[-74.4124487169999,7.460350820000087],[-74.4219115919999,7.443313334000038],[-74.41195161199994,7.440620675000048],[-74.41564094099994,7.42143287500005],[-74.41383759999991,7.39944104500006],[-74.42599791799995,7.381185248000065],[-74.44811952799995,7.377715654000042],[-74.45226892699992,7.366186821000042],[-74.46710822499995,7.361664228000052],[-74.46988595699992,7.347617743000058],[-74.4909693539999,7.343460021000055],[-74.49608730199992,7.346768362000091],[-74.50568604999995,7.361915355000065],[-74.5079191449999,7.372507897000048],[-74.51811378699995,7.384882270000048],[-74.5271498809999,7.38958161700009],[-74.53427459799991,7.400454683000078],[-74.54811634899994,7.41155294400005],[-74.55901989499995,7.41447626300004],[-74.56129728299993,7.429392006000057],[-74.57913820699991,7.433598],[-74.5984215869999,7.461902739000038],[-74.59809531899992,7.468744485000059],[-74.58791288599991,7.482272249000061],[-74.5928031389999,7.490587548000065],[-74.59022970099994,7.511040885000057],[-74.5738304429999,7.514498221000053],[-74.5681564969999,7.519485424000038],[-74.5700533079999,7.533369626000081],[-74.56688503799995,7.539097212000058],[-74.5702192789999,7.554039071000091],[-74.57052870899992,7.577677269000048],[-74.56626636099992,7.584849010000084],[-74.56662705499991,7.598101425000038],[-74.56248610299991,7.610222093000061],[-74.56610560999991,7.617670736000093],[-74.56435881599992,7.639222189000066],[-74.56108381899992,7.646454135000056],[-74.54436614899993,7.655380138000055],[-74.54156556399994,7.662471310000058],[-74.53060667099993,7.671204668000087],[-74.51686973599993,7.676679734000061],[-74.49686305799992,7.677990955000041],[-74.4908004269999,7.675348170000063],[-74.47646716299994,7.682159138000088],[-74.47789664399994,7.696242141000084],[-74.47488115099992,7.704296845000044],[-74.4854298109999,7.707837190000077],[-74.4885322639999,7.713620558000059],[-74.4977389689999,7.711456070000054],[-74.50795364999993,7.724512909000055],[-74.51239500499992,7.750168129000087],[-74.51358117199993,7.78102540000009],[-74.52529909399993,7.782569429000091],[-74.5244094649999,7.790845403000048],[-74.51722382199995,7.801741591000052],[-74.51948907699995,7.823691967000059],[-74.52682089099994,7.837680508000062],[-74.52724625799993,7.852778899000043],[-74.52275803099991,7.863402506000057],[-74.5237688499999,7.883561666000048],[-74.51979795699992,7.900795848000087],[-74.52578105899994,7.910895401000062],[-74.5374341669999,7.918997243000092],[-74.53661896799991,7.932814936000057],[-74.53891569899992,7.946922180000058],[-74.5473853439999,7.949481472000059],[-74.55987754999995,7.962686449000046],[-74.56174327499991,7.968933333000052],[-74.57283958799991,7.978016364000041],[-74.5791635729999,7.99512665900005],[-74.59117025199993,8.00432761400009],[-74.59767040199995,8.024774020000052],[-74.60517612299992,8.037194637000084],[-74.61415838599993,8.03169339200008],[-74.6260128749999,8.036441230000037],[-74.63105013699993,8.054694647000076],[-74.6423359929999,8.057347629000049],[-74.65157467999995,8.05319309400005],[-74.66768108899993,8.060034020000046],[-74.67422149399994,8.078009009000084],[-74.68056687399991,8.079551527000092],[-74.69112210399993,8.090251551000051],[-74.70730086299994,8.090896658000077],[-74.71151031699992,8.09946595200006],[-74.71832734599991,8.098393539000085],[-74.7253442999999,8.116498411000066],[-74.73689334999995,8.116340139000044],[-74.75044955999994,8.12631957700006],[-74.76112173999991,8.12646171700004],[-74.7735610009999,8.121778834000054],[-74.78481051199992,8.131495470000061],[-74.79549853099991,8.14777046100005],[-74.79863011399993,8.159513523000044],[-74.81181172999993,8.16701187700005],[-74.81129528899993,8.182537160000038],[-74.8241862079999,8.198301576000063],[-74.83058344599993,8.199945329000059]]]},"properties":{"DPTO_CCDGO":"05","DPTO_CNMBR":"ANTIOQUIA","DPTO_ANO_C":1886,"DPTO_ACT_A":"Constitucion Politica de 1886","DPTO_NAREA":62808.6295973,"DPTO_CSMBL":"3","DPTO_VGNC":2021,"Shape_Leng":21.4923740308,"Shape_Area":5.13523625437}},
{"type":"Feature","geometry":{"type":"Polygon","coordinates":[[[-74.91076964199993,10.254176099000063],[-74.89531605199994,10.295442660000049],[-74.88019557399991,10.31849810500006],[-74.8610306299999,10.353843569000048],[-74.86566051999995,10.371234900000047],[-74.85801778299992,10.392961932000048],[-74.83598181299993,10.410262611000064],[-74.82717732999993,10.41119818900006],[-74.81806411999992,10.424832654000056],[-74.81223024199994,10.442226150000067],[-74.8099710649999,10.475273211000058],[-74.79839908999992,10.496174784000061],[-74.7823908819999,10.51525875100009],[-74.7670655629999,10.52813721800004],[-74.74445104199992,10.53821085900006],[-74.73592914799991,10.550603607000085],[-74.7384412749999,10.58002244000005],[-74.73375114399994,10.592398355000057],[-74.72500175099992,10.60361597700006],[-74.72503565599993,10.619733345000043],[-74.73021942199995,10.629513406000058],[-74.73980484999993,10.63446932000005],[-74.74702336799993,10.64625566300009],[-74.74374817099994,10.654549519000057],[-74.7236389649999,10.666993424000054],[-74.72518757599994,10.688615020000043],[-74.7259859369999,10.736007396000048],[-74.72743031399995,10.76029191400005],[-74.7252656469999,10.767434385000058],[-74.72736775999994,10.781122810000056],[-74.73771836299994,10.807620746000055],[-74.74126904899992,10.845994575000077],[-74.73755835899993,10.860667288000059],[-74.73665030599994,10.88830471700004],[-74.73165936599992,10.896548167000049],[-74.72144941899995,10.903985805000048],[-74.72176270199992,10.913293981000038],[-74.7354812609999,10.920301522000045],[-74.75384961399993,10.936128187000065],[-74.75668149599994,10.941549680000037],[-74.75603326899994,10.970543573000043],[-74.76367801999993,10.995104789000038],[-74.7745858319999,11.008772883000063],[-74.80315577899995,11.032823190000045],[-74.82703151499993,11.046631043000048],[-74.83481239199995,11.053399239000044],[-74.8438083559999,11.067211579000059],[-74.85186053199993,11.105367258000058],[-74.85457021099995,11.10537038700005],[-74.84610978299992,11.066700258000083],[-74.84604132099992,11.059401576000084],[-74.86051038999994,11.051877150000053],[-74.88456241599994,11.044344064000086],[-74.90251506599992,11.043098967000049],[-74.92067072399993,11.045682085000067],[-74.92231343499992,11.027984909000054],[-74.94243462499992,11.016933549000044],[-74.95265033599992,11.007231881000052],[-74.95828784999992,10.990666893000082],[-74.97233777699995,10.981522293000069],[-75.00880063699992,10.97738649200005],[-75.0300900599999,10.962755567000045],[-75.03849192799993,10.951899018000063],[-75.02781821199994,10.949739340000065],[-75.0307303379999,10.930848826000044],[-75.04167161399994,10.905668338000055],[-75.05077109599995,10.89582590000009],[-75.0615525689999,10.888919290000047],[-75.08077367699991,10.886374852000074],[-75.08466480499993,10.877813377000052],[-75.09989573999991,10.873198229000081],[-75.10389624099992,10.866429999000047],[-75.12057734899992,10.863529283000048],[-75.14290133599991,10.852507393000053],[-75.14995812399991,10.836345695000091],[-75.16441684999995,10.829890440000042],[-75.18059243599993,10.829704667000044],[-75.1924394049999,10.818799694000063],[-75.20909113599993,10.817347495000092],[-75.2222080649999,10.79660434300007],[-75.23036362999994,10.783157284000083],[-75.21988959399994,10.777202575000047],[-75.22832519299993,10.764995919000057],[-75.2303596289999,10.756450723000057],[-75.24054303799994,10.747216493000053],[-75.24952656099993,10.722965119000037],[-75.2445716659999,10.716690197000048],[-75.24928584499992,10.703965381000046],[-75.24196644599994,10.688994897000043],[-75.24424146899992,10.664552103000062],[-75.24175282899995,10.654131989000064],[-75.22856008499991,10.644052994000049],[-75.22362393199995,10.630810392000058],[-75.22945952999993,10.618901790000052],[-75.22641230599993,10.60935358200004],[-75.22678508099995,10.589876115000038],[-75.23666021799994,10.567939573000046],[-75.22296410399991,10.55283782400005],[-75.22801522499992,10.54864838800006],[-75.24117614099993,10.519557324000061],[-75.2363136379999,10.511365390000037],[-75.2413785249999,10.504847861000087],[-75.24068550999993,10.495563301000061],[-75.22715785499992,10.476086690000045],[-75.21608816799994,10.475162760000046],[-75.18990051999992,10.467502454000055],[-75.18127714199994,10.458529833000057],[-75.16828335399993,10.45179199100005],[-75.15313369599994,10.434598468000047],[-75.15268921799992,10.423110996000048],[-75.13217906799991,10.406611828000052],[-75.12695040699992,10.39889613300005],[-75.08235110399994,10.41196648500005],[-75.07026605899995,10.40584977800006],[-75.05298357799995,10.381902336000053],[-75.02577567499992,10.363930026000048],[-75.00495973299991,10.360253454000087],[-74.9831932909999,10.343352721000088],[-74.96525217299995,10.326115432000051],[-74.91076964199993,10.254176099000063]]]},"properties":{"DPTO_CCDGO":"08","DPTO_CNMBR":"ATLÁNTICO","DPTO_ANO_C":1910,"DPTO_ACT_A":"Ley 21 de 1910","DPTO_NAREA":3314.44741326,"DPTO_CSMBL":"3","DPTO_VGNC":2021,"Shape_Leng":2.57316202616,"Shape_Area":0.27382251926}},
{"type":"Feature","geometry":{"type":"Polygon","coordinates":[[[-74.15067459799991,4.004849073000059],[-74.1468612779999,4.016594458000043],[-74.13412779499993,4.034295972000052],[-74.12530418699993,4.055068446000064],[-74.12626306899995,4.068692715000054],[-74.13263914599992,4.080455670000049],[-74.12780255199993,4.100131326000053],[-74.1315548359999,4.103507214000047],[-74.1290958539999,4.12527134000004],[-74.1191129309999,4.125809906000086],[-74.10940616799991,4.13333420500004],[-74.11445759899993,4.15539218300006],[-74.10941753399993,4.168658715000049],[-74.11187703799993,4.182362947000058],[-74.12127919099993,4.179912311000066],[-74.12548645699991,4.192919184000061],[-74.13572081599995,4.205178413000056],[-74.13807977399995,4.220585198000038],[-74.14539037499992,4.245171945000038],[-74.15218474699992,4.256301797000049],[-74.14631931999992,4.265046725000047],[-74.13609888199994,4.273086047000049],[-74.12921300399995,4.284209263000093],[-74.1219561719999,4.307785980000062],[-74.1142042969999,4.313401802000044],[-74.11239519999992,4.325322283000048],[-74.09822521099994,4.345619248000048],[-74.09439627299992,4.363342617000058],[-74.09773134199992,4.379907808000041],[-74.10570214199993,4.379581529000063],[-74.11130900599994,4.385806266000088],[-74.11677651699995,4.404412532000038],[-74.11255287199992,4.416843103000076],[-74.11214742699991,4.433134909000046],[-74.10695236899994,4.446751645000063],[-74.09192380899992,4.458928063000087],[-74.08496816099995,4.456412856000043],[-74.07643036699994,4.462403640000048],[-74.07521082799991,4.486330222000049],[-74.07189927199994,4.513109075000045],[-74.05590850499993,4.509020604000057],[-74.04227903399993,4.512401834000059],[-74.03562297799994,4.535638721000055],[-74.0319045729999,4.539415972000086],[-74.02895427099992,4.558545870000046],[-74.01455576699993,4.561571270000059],[-74.00534559199991,4.560592184000086],[-74.00344676999993,4.585992805000046],[-73.99423189499993,4.600874],[-73.99531437699994,4.614215027000057],[-73.98621098299992,4.629720001000067],[-74.00977761999991,4.626722072000064],[-74.00932824199992,4.638187630000061],[-74.02837154299993,4.642883062000067],[-74.02864664799995,4.654505742000083],[-74.02470895399995,4.662613107000084],[-74.01211734399993,4.662553091000063],[-74.00200611399993,4.674608250000063],[-74.01106397099994,4.683513977000075],[-74.01442250999992,4.69579626500007],[-74.00670007699995,4.727379834000089],[-74.0089335269999,4.754952158000037],[-74.0183501759999,4.767656265000085],[-74.01655695799991,4.786456285000042],[-74.01279352699993,4.797900817000084],[-74.00599327399993,4.797831832000043],[-74.00042505899995,4.805390826000064],[-74.00978399399992,4.82101343800008],[-74.03147333499993,4.823457700000063],[-74.05219921699995,4.832846004000089],[-74.05977037899993,4.829062902000089],[-74.06620859199995,4.835454970000058],[-74.07636419599993,4.836972832000072],[-74.08670057799992,4.832435595000049],[-74.0789609549999,4.822072268000056],[-74.08699175299995,4.816104746000065],[-74.07992527699992,4.80841521800005],[-74.09561950999995,4.798995861000037],[-74.10529194799994,4.796800046000044],[-74.10801793199994,4.788642971000058],[-74.1148641979999,4.785457786000052],[-74.11685655799994,4.761778373000084],[-74.12999800799992,4.74602556800005],[-74.12600047699993,4.729562008000073],[-74.1375901799999,4.73080851900005],[-74.1606624659999,4.71996144700006],[-74.17225752899992,4.711364364000076],[-74.16772115999993,4.687692135000077],[-74.17484761599991,4.676640654000039],[-74.16993418499993,4.669090106000056],[-74.16112025899992,4.667062241000053],[-74.16303563399993,4.659399948000043],[-74.20692829699993,4.645417170000087],[-74.21265952699991,4.63468348300006],[-74.22349808999991,4.626091011000085],[-74.20403470799994,4.600911541000073],[-74.1837810259999,4.596452107000061],[-74.17684374899994,4.560482732000082],[-74.1773936909999,4.546777600000041],[-74.17374478599993,4.540373263000049],[-74.18702676899994,4.527377571000045],[-74.18129880599992,4.513537113000041],[-74.1780695619999,4.486447163000093],[-74.18268628099992,4.479577436000056],[-74.18395536899993,4.463059703000056],[-74.19820373199991,4.426648913000065],[-74.20404977699991,4.418109745000038],[-74.2122846019999,4.393396521000057],[-74.21415132999994,4.380464098000061],[-74.2158836509999,4.341580782000051],[-74.2138084469999,4.30693309500009],[-74.21666121999993,4.286807529000043],[-74.22188455999992,4.282196833000057],[-74.21707764899992,4.273245502000066],[-74.20552942599994,4.268892236000056],[-74.20429544099994,4.252785911000046],[-74.2076681989999,4.243514325000092],[-74.21764059899994,4.234475911000061],[-74.22016582499992,4.225343817000066],[-74.23175961499993,4.216688180000062],[-74.24145033799994,4.180840612000054],[-74.23981191899992,4.171074746000045],[-74.24315544599995,4.159637309000061],[-74.2435374289999,4.131501818000061],[-74.24644537199993,4.112591640000062],[-74.24564163399992,4.103247643000088],[-74.25331894699991,4.099964441000054],[-74.26003183599994,4.091288492000047],[-74.26565272599993,4.091665982000052],[-74.27966426299992,4.101992029000087],[-74.29596529499992,4.104377639000063],[-74.30669696199993,4.111221379000085],[-74.32450772999994,4.12733819400006],[-74.33898659999994,4.103072851000093],[-74.35049143599991,4.074674427000048],[-74.35080035099992,4.056915812000057],[-74.3609475099999,4.048360349000063],[-74.3661404529999,4.036266922000038],[-74.36223122699994,4.012393347000057],[-74.37450965599993,3.98606546700006],[-74.36558414599995,3.981855429000063],[-74.35689156099994,3.970980327000063],[-74.35469476999992,3.944621176000055],[-74.35952893599995,3.913906165000071],[-74.37535108599991,3.876651401000061],[-74.38651056999993,3.862727577000044],[-74.3856952239999,3.856176259000051],[-74.39518380399994,3.82397489400006],[-74.41210611299994,3.803933814000061],[-74.41568498999993,3.794513289000065],[-74.4336573189999,3.77899110900006],[-74.43366092499991,3.764625067000054],[-74.45067485499993,3.74986418900005],[-74.44558987099992,3.73523128700009],[-74.43958715699995,3.730633099000045],[-74.42469255599991,3.741418743000054],[-74.41592621099994,3.740826114000072],[-74.4015638489999,3.737422219000052],[-74.39883476299991,3.751375763000055],[-74.38715890599991,3.752702313000043],[-74.3871861049999,3.760709707000046],[-74.39389302799992,3.76991457400004],[-74.37695373699995,3.777854532000049],[-74.37710536399993,3.783207350000055],[-74.3626544469999,3.789600287000042],[-74.34354941399994,3.812475715000062],[-74.33668177899995,3.811599070000057],[-74.33540997999995,3.821747572000049],[-74.32627572099994,3.826716586000089],[-74.31831381799992,3.823643253000057],[-74.31676524999995,3.815160484000046],[-74.2984534819999,3.817717067000046],[-74.29473921699991,3.832700671000055],[-74.30707660799993,3.840342540000051],[-74.3040172929999,3.85049288600004],[-74.31752424899992,3.878974120000066],[-74.31058532799995,3.888183928000046],[-74.29752175599992,3.883284768000067],[-74.28149540299995,3.901482944000065],[-74.27590397999995,3.912752244000046],[-74.2740931859999,3.924283032000062],[-74.2652350109999,3.928801308000061],[-74.2564258029999,3.927865629000053],[-74.25997281899993,3.947458648000065],[-74.25116366199995,3.947700957000052],[-74.24382512099993,3.955092207000064],[-74.23946508999995,3.969103239000049],[-74.23289561199994,3.978174148000051],[-74.22925858999992,3.994285450000064],[-74.21749710299991,4.008172806000061],[-74.20685421499991,4.014172632000054],[-74.19517966199993,4.016367166000066],[-74.18389878099993,4.008778833000065],[-74.17542307499991,4.017987475000041],[-74.16025853499991,4.017847857000049],[-74.15067459799991,4.004849073000059]]]},"properties":{"DPTO_CCDGO":"11","DPTO_CNMBR":"BOGOTÁ, D.C.","DPTO_ANO_C":1538,"DPTO_ACT_A":"Constitucion Politica de 1886","DPTO_NAREA":1622.85296724,"DPTO_CSMBL":"3","DPTO_VGNC":2021,"Shape_Leng":3.76532357992,"Shape_Area":0.13220788436}},
{"type":"Feature","geometry":{"type":"MultiPolygon","coordinates":[[[[-76.17317674499992,9.387845687000038],[-76.17607170999992,9.398861846000045],[-76.18900016099991,9.393139989000076],[-76.1901813369999,9.383668517000046],[-76.17873873499991,9.378030411000054],[-76.17317674499992,9.387845687000038]]],[[[-75.85123526099994,9.804563520000045],[-75.85095166399992,9.789816013000063],[-75.82859156799992,9.789933739000048],[-75.82803987999995,9.796040649000076],[-75.8452381919999,9.79837133500007],[-75.85123526099994,9.804563520000045]]],[[[-75.7372240009999,10.183860601000049],[-75.74819807599994,10.181005248000076],[-75.74749375499994,10.172372563000067],[-75.73701460899991,10.172239312000045],[-75.7372240009999,10.183860601000049]]],[[[-75.57537253499993,10.381356957000037],[-75.57986428499993,10.369164002000048],[-75.5914562559999,10.35800886000004],[-75.59144100799995,10.32342019300006],[-75.58278629499995,10.320813043000044],[-75.57692765199994,10.324818029000085],[-75.5770439929999,10.33587035800008],[-75.56975332499991,10.341371671000047],[-75.54665955199994,10.341957283000056],[-75.53953717999991,10.346916517000068],[-75.54876234999995,10.356681825000067],[-75.54088684299995,10.362818899000047],[-75.55809084399993,10.365932478000047],[-75.57019891399995,10.373545541000055],[-75.57537253499993,10.381356957000037]]],[[[-75.2222080649999,10.79660434300007],[-75.23048919599995,10.794921344000045],[-75.26176003599994,10.800689219000049],[-75.26351570499992,10.788031938000074],[-75.27038785699995,10.777348792000055],[-75.27156496999993,10.758188069000084],[-75.26790284899994,10.755637666000041],[-75.26583972599991,10.73685239100007],[-75.27348200199992,10.729432627000051],[-75.27557907099992,10.715306979000047],[-75.2992660239999,10.699612846000036],[-75.31969183199993,10.693774390000044],[-75.34165537099994,10.690694109000049],[-75.35732585799991,10.690619105000053],[-75.36581843499994,10.686796496000056],[-75.39569505399993,10.681692311000063],[-75.39864376499992,10.662792520000039],[-75.41656273399991,10.651478139000062],[-75.42128754299995,10.643552301000057],[-75.43971120499992,10.634915886000044],[-75.45245322799991,10.626060058000064],[-75.45819140399993,10.595674728000063],[-75.4646218449999,10.587267001000043],[-75.4762727989999,10.580910223000046],[-75.51154035499991,10.572329439000043],[-75.5153243819999,10.560499405000087],[-75.50356421399994,10.551176941000051],[-75.49446575799993,10.534013908000077],[-75.5020649729999,10.510397130000058],[-75.5011501269999,10.497765979000064],[-75.4915806059999,10.488981953000064],[-75.50185889399995,10.468015310000055],[-75.5174932569999,10.451266887000088],[-75.5332230109999,10.438123785000073],[-75.54638717299991,10.431764360000045],[-75.55477625999993,10.424048535000054],[-75.5475473159999,10.414440810000087],[-75.5247891919999,10.40113083700004],[-75.53300969199995,10.390111339000043],[-75.53005582899993,10.384894727000074],[-75.5196426039999,10.386425466000048],[-75.51280917899993,10.382694165000089],[-75.50735744899993,10.34155837500009],[-75.51139046599991,10.338314825000054],[-75.50991449499992,10.325278990000072],[-75.50318352199992,10.301242707000085],[-75.51594128599993,10.298215455000047],[-75.53459671299993,10.287327135000055],[-75.53172741399993,10.280694133000054],[-75.53982089199991,10.275724368000056],[-75.54895255499991,10.277996375000043],[-75.56193300299992,10.269510690000061],[-75.5695786309999,10.268905227000062],[-75.57784471799994,10.274236255000062],[-75.57839644699993,10.299416845000053],[-75.59045717899994,10.293521947000045],[-75.59488419299993,10.281625577000057],[-75.59066355899995,10.264152762000037],[-75.6003286429999,10.258614487000045],[-75.61244214499993,10.26003269000006],[-75.6214930729999,10.248857679000082],[-75.60523925599995,10.23919174100007],[-75.60554433599992,10.229712649000078],[-75.62209475599991,10.204890368000065],[-75.64434586999994,10.183406543000046],[-75.64931275399994,10.168724198000064],[-75.66584339399992,10.159158109000089],[-75.68499719699992,10.157768525000051],[-75.69857979999995,10.13338566300007],[-75.6845058319999,10.13069475900005],[-75.67790423499991,10.14015461200006],[-75.66904340899993,10.137605190000045],[-75.65388926799994,10.152973558000042],[-75.64889433199994,10.163727048000055],[-75.62004165399992,10.19677583400005],[-75.60260986399993,10.200181693000047],[-75.57708061199992,10.223527757000056],[-75.55634276199993,10.229331844000058],[-75.54817007699995,10.240541086000064],[-75.54026415699991,10.244328650000057],[-75.52499025499992,10.237487810000061],[-75.53826591699993,10.230370144000062],[-75.5246438019999,10.221121262000054],[-75.52545752299994,10.206670325000061],[-75.52163484199991,10.192464933000053],[-75.52391937399995,10.173678705000043],[-75.54533595099991,10.175530344000038],[-75.53371331499994,10.16059701200004],[-75.54322274799995,10.155384433000052],[-75.54695607699995,10.14601588100004],[-75.55595022499995,10.140758119000054],[-75.5564824949999,10.13428966500004],[-75.56412369799995,10.123587264000037],[-75.58074340999991,10.125492895000093],[-75.58085323899991,10.116043715000046],[-75.57362449399994,10.08642806000006],[-75.49747758799992,10.145482637000043],[-75.54481608899994,10.046447140000055],[-75.54230128199993,10.038965329000064],[-75.53349053799991,10.038313901000038],[-75.52056037299991,10.025835364000045],[-75.51056861199993,10.025105265000093],[-75.50172058699991,10.035254775000055],[-75.49172052299991,10.038378933000047],[-75.47610976199991,10.018560557000058],[-75.48441913699992,10.00686858000006],[-75.4705959769999,10.002464831000054],[-75.4772764139999,9.99273953700009],[-75.47731457999993,9.973582821000093],[-75.46962698199991,9.972187164000047],[-75.46423890199992,9.961084449000055],[-75.47775063599994,9.935089344000062],[-75.47337658099991,9.922435663000044],[-75.47635399599994,9.917068917000051],[-75.4662388939999,9.908841425000048],[-75.46889278999993,9.897883751000052],[-75.46550715099994,9.891769970000041],[-75.45345508799994,9.893604295000046],[-75.4537793579999,9.899433309000074],[-75.44334005499991,9.914111296000044],[-75.4307203429999,9.909462416000054],[-75.43306984999992,9.897137738000083],[-75.42147282099995,9.892960233000053],[-75.39819775399991,9.89418285000005],[-75.39818278299992,9.890434751000043],[-75.41870274799993,9.890472540000076],[-75.41706135099992,9.88518410100005],[-75.39358453799991,9.880814635000092],[-75.39174775499993,9.874164465000092],[-75.37900873199993,9.860126791000084],[-75.37676829499992,9.849402361000045],[-75.3523747079999,9.838426751000043],[-75.33826145299992,9.828226993000044],[-75.34096541499991,9.82198469900004],[-75.3356048089999,9.811901828000089],[-75.34703579799992,9.773365270000056],[-75.35702931299994,9.75161182700009],[-75.3599741889999,9.73750023000008],[-75.37704226599993,9.715719799000055],[-75.37186810799994,9.711336728000049],[-75.37220384199992,9.689441010000053],[-75.37886954599992,9.676386232000084],[-75.3717307789999,9.67552076600009],[-75.37537946399993,9.657539262000057],[-75.3743777709999,9.630769876000045],[-75.36254651199994,9.63068916900005],[-75.36188959399993,9.646234200000038],[-75.34474735399994,9.643571787000042],[-75.33774719299993,9.633756694000056],[-75.32422693699993,9.625531176000038],[-75.31472835099993,9.652764226000045],[-75.30034945499995,9.657851533000041],[-75.29978816599993,9.669953405000058],[-75.27951804799994,9.685544398000047],[-75.26935173299995,9.684766445000037],[-75.2697137259999,9.669823894000046],[-75.25442695499993,9.660236527000052],[-75.24737882399995,9.66083532500005],[-75.22952853099991,9.651192495000089],[-75.20203220999991,9.651241395000056],[-75.18008387099991,9.638961779000056],[-75.16749801999993,9.639342256000077],[-75.18802054999992,9.624371494000059],[-75.18559165699992,9.611003805000053],[-75.17775924099993,9.602810021000039],[-75.16764774299992,9.613434613000038],[-75.15418543499993,9.600444934000052],[-75.1329876179999,9.595900568000047],[-75.13231958699993,9.58070037400006],[-75.1186145929999,9.574061104000066],[-75.08477452499994,9.545264859000042],[-75.08463781099994,9.537923446000093],[-75.07733133499994,9.53269926300004],[-75.0690406729999,9.535707571000046],[-75.0563866679999,9.53253273900009],[-75.04231642999991,9.540388765000046],[-75.02060599399994,9.524959674000058],[-75.02149826899995,9.517513567000037],[-75.02885582399995,9.51004150700004],[-75.02704723799991,9.496446064000054],[-75.03641226399992,9.477079432000039],[-75.03222927099995,9.466568755000083],[-74.99639840899994,9.446601082000086],[-74.98135182599992,9.445491937000043],[-74.9696062079999,9.435315030000083],[-74.9546413079999,9.433911025000043],[-74.94576416599995,9.437065448000055],[-74.93572231499991,9.447796131000075],[-74.9138976779999,9.440419846000054],[-74.90951119699992,9.433078201000058],[-74.89932552699992,9.432929646000048],[-74.88649956299992,9.425119087000041],[-74.91244518899992,9.41580702500005],[-74.92201330199993,9.399702907000062],[-74.92238328299993,9.389183259000049],[-74.93019495199991,9.371382671000049],[-74.94206590899995,9.35140791300006],[-74.95049557499993,9.348242173000074],[-74.94333020999994,9.334861929000056],[-74.9328712109999,9.328404490000082],[-74.93727850599993,9.308911052000042],[-74.94257998299992,9.303534123000077],[-74.94120041699995,9.292177463000087],[-74.93123937799993,9.291674759000045],[-74.92402985799993,9.268487656000048],[-74.93124815699991,9.260160503000066],[-74.9279337239999,9.250865554000086],[-74.91726294599994,9.249933758000054],[-74.91023971299995,9.244632471000045],[-74.90514424299994,9.220014796000044],[-74.9098917099999,9.209748583000078],[-74.90236980899994,9.193629349000048],[-74.90641705099995,9.174163632000045],[-74.9027873469999,9.163297464000038],[-74.8903886789999,9.158468138000046],[-74.88059706099995,9.16027030400005],[-74.86438148699995,9.14845058900005],[-74.85729908999991,9.13254233300006],[-74.84658017899994,9.121845674000042],[-74.84593832799993,9.110166570000047],[-74.83832064699993,9.100539670000046],[-74.83810589199993,9.093886076000047],[-74.82911333599992,9.085340633000044],[-74.82821390999993,9.06188431600009],[-74.81337320499995,9.050487978000092],[-74.78563934399995,9.046815547000051],[-74.7838490229999,9.038223023000057],[-74.77099531999994,9.037220651000041],[-74.75530328299993,9.044436120000057],[-74.74734947099995,9.038944474000061],[-74.74761852599994,9.027699397000049],[-74.73685757599992,9.015829404000044],[-74.72632158099992,9.015419776000044],[-74.70494316399993,9.00784761600005],[-74.68511299199992,9.011478998000086],[-74.66910148199992,9.004803407000054],[-74.67004497599993,8.998130920000051],[-74.66050035199993,8.989846303000093],[-74.65199848499992,8.988767113000051],[-74.63900390799995,8.977069224000047],[-74.63109067699992,8.954259509000053],[-74.62342871699991,8.939011209000057],[-74.62335944099993,8.930498908000061],[-74.6066290359999,8.931553200000053],[-74.6085698409999,8.919465888000047],[-74.59880707899993,8.903164562000086],[-74.59192777399994,8.887023639000063],[-74.58939274699992,8.871518576000085],[-74.5792424139999,8.868767779000052],[-74.58192715099995,8.84779353500005],[-74.58601096299992,8.841172967000091],[-74.56482308699992,8.837049161000039],[-74.53965931599993,8.805290830000047],[-74.56421674299992,8.795483553000054],[-74.57517590899994,8.785549393000053],[-74.57596319099991,8.774710767000045],[-74.5877581179999,8.76751977500004],[-74.58934908099991,8.761143781000044],[-74.60660291199991,8.76288214400006],[-74.60985992999991,8.75372384800005],[-74.60019327299995,8.745215745000053],[-74.60833365999991,8.730438769000045],[-74.60618722099991,8.715908322000075],[-74.60092438999993,8.71193869700005],[-74.59450791099994,8.688417942000058],[-74.59712327199992,8.677937489000044],[-74.59185703199995,8.665521851000051],[-74.59846756299993,8.651307890000055],[-74.5867079269999,8.63078051900004],[-74.58992550499994,8.616523225000037],[-74.58780986699992,8.610550903000046],[-74.59532314699993,8.600419900000077],[-74.59403652299994,8.591018685000051],[-74.5732083339999,8.581354804000057],[-74.56375085299993,8.57176428300005],[-74.56394426399993,8.549162072000058],[-74.57257919499995,8.547421173000089],[-74.57414994099992,8.530111943000065],[-74.56718462999993,8.517134532000057],[-74.56794556199992,8.50699054100005],[-74.5563338579999,8.508562217000076],[-74.54604233399994,8.495574762000047],[-74.5343023879999,8.47661351700009],[-74.53355286099992,8.452282143000048],[-74.53752008299995,8.446630116000051],[-74.54005884399993,8.425883344000056],[-74.55436860499992,8.413352837000048],[-74.55934238399993,8.404459766000059],[-74.56106404499991,8.39007293900005],[-74.57731100599995,8.385646222000048],[-74.58654539399993,8.385774389000062],[-74.5978745349999,8.403724771000043],[-74.6077121479999,8.406828819000054],[-74.61600253599994,8.38577282600005],[-74.61090020899991,8.375818160000051],[-74.6180699759999,8.357893037000053],[-74.61588588699993,8.346737035000046],[-74.63167581199991,8.326691736000043],[-74.64855312799995,8.313636553000038],[-74.65182793999992,8.298618306000037],[-74.64975731699991,8.285539853000046],[-74.6596150979999,8.279561468000054],[-74.66145107499995,8.289680763000092],[-74.6680385009999,8.29532787100004],[-74.68570205999993,8.292461737000053],[-74.7127233999999,8.30405677500005],[-74.7227922749999,8.30106439900004],[-74.72438740799993,8.286854626000093],[-74.73481751299994,8.288550716000088],[-74.74783712399994,8.299055248000059],[-74.76435049499992,8.294539113000042],[-74.77124926499994,8.27928399800004],[-74.78094539299991,8.277881791000084],[-74.7952857059999,8.268920557000058],[-74.80862755999993,8.273874661000093],[-74.80606025599991,8.257233485000086],[-74.7969699869999,8.252593919000049],[-74.79707519499993,8.243616982000049],[-74.80477027199993,8.241648792000092],[-74.80960283399992,8.230635948000042],[-74.81707839299992,8.224710766000044],[-74.82583417899991,8.23004417900006],[-74.83388488799994,8.220346603000053],[-74.83058344599993,8.199945329000059],[-74.8241862079999,8.198301576000063],[-74.81129528899993,8.182537160000038],[-74.81181172999993,8.16701187700005],[-74.79863011399993,8.159513523000044],[-74.79549853099991,8.14777046100005],[-74.78481051199992,8.131495470000061],[-74.7735610009999,8.121778834000054],[-74.76112173999991,8.12646171700004],[-74.75044955999994,8.12631957700006],[-74.73689334999995,8.116340139000044],[-74.7253442999999,8.116498411000066],[-74.71832734599991,8.098393539000085],[-74.71151031699992,8.09946595200006],[-74.70730086299994,8.090896658000077],[-74.69112210399993,8.090251551000051],[-74.68056687399991,8.079551527000092],[-74.67422149399994,8.078009009000084],[-74.66768108899993,8.060034020000046],[-74.65157467999995,8.05319309400005],[-74.6423359929999,8.057347629000049],[-74.63105013699993,8.054694647000076],[-74.6260128749999,8.036441230000037],[-74.61415838599993,8.03169339200008],[-74.60517612299992,8.037194637000084],[-74.59767040199995,8.024774020000052],[-74.59117025199993,8.00432761400009],[-74.5791635729999,7.99512665900005],[-74.57283958799991,7.978016364000041],[-74.56174327499991,7.968933333000052],[-74.55987754999995,7.962686449000046],[-74.5473853439999,7.949481472000059],[-74.53891569899992,7.946922180000058],[-74.53661896799991,7.932814936000057],[-74.5374341669999,7.918997243000092],[-74.52578105899994,7.910895401000062],[-74.51979795699992,7.900795848000087],[-74.5237688499999,7.883561666000048],[-74.52275803099991,7.863402506000057],[-74.52724625799993,7.852778899000043],[-74.52682089099994,7.837680508000062],[-74.51948907699995,7.823691967000059],[-74.51722382199995,7.801741591000052],[-74.5244094649999,7.790845403000048],[-74.52529909399993,7.782569429000091],[-74.51358117199993,7.78102540000009],[-74.51239500499992,7.750168129000087],[-74.50795364999993,7.724512909000055],[-74.4977389689999,7.711456070000054],[-74.4885322639999,7.713620558000059],[-74.4854298109999,7.707837190000077],[-74.47488115099992,7.704296845000044],[-74.47789664399994,7.696242141000084],[-74.47646716299994,7.682159138000088],[-74.4908004269999,7.675348170000063],[-74.49686305799992,7.677990955000041],[-74.51686973599993,7.676679734000061],[-74.53060667099993,7.671204668000087],[-74.54156556399994,7.662471310000058],[-74.54436614899993,7.655380138000055],[-74.56108381899992,7.646454135000056],[-74.56435881599992,7.639222189000066],[-74.56610560999991,7.617670736000093],[-74.56248610299991,7.610222093000061],[-74.56662705499991,7.598101425000038],[-74.56626636099992,7.584849010000084],[-74.57052870899992,7.577677269000048],[-74.5702192789999,7.554039071000091],[-74.56688503799995,7.539097212000058],[-74.5700533079999,7.533369626000081],[-74.5681564969999,7.519485424000038],[-74.5738304429999,7.514498221000053],[-74.59022970099994,7.511040885000057],[-74.5928031389999,7.490587548000065],[-74.58791288599991,7.482272249000061],[-74.59809531899992,7.468744485000059],[-74.5984215869999,7.461902739000038],[-74.57913820699991,7.433598],[-74.56129728299993,7.429392006000057],[-74.55901989499995,7.41447626300004],[-74.54811634899994,7.41155294400005],[-74.53427459799991,7.400454683000078],[-74.5271498809999,7.38958161700009],[-74.51811378699995,7.384882270000048],[-74.5079191449999,7.372507897000048],[-74.50568604999995,7.361915355000065],[-74.49608730199992,7.346768362000091],[-74.4909693539999,7.343460021000055],[-74.46988595699992,7.347617743000058],[-74.46710822499995,7.361664228000052],[-74.45226892699992,7.366186821000042],[-74.44811952799995,7.377715654000042],[-74.42599791799995,7.381185248000065],[-74.41383759999991,7.39944104500006],[-74.41564094099994,7.42143287500005],[-74.41195161199994,7.440620675000048],[-74.4219115919999,7.443313334000038],[-74.4124487169999,7.460350820000087],[-74.40107329699993,7.460538195000083],[-74.37807243099991,7.466890687000046],[-74.37140520499992,7.479999530000043],[-74.36102237799992,7.476977792000071],[-74.35326725499993,7.462398876000066],[-74.33501305099992,7.459305912000048],[-74.31938876699991,7.439867494000055],[-74.32929891599991,7.425898041000039],[-74.34344594599992,7.41234047100005],[-74.3474870739999,7.402798283000038],[-74.36124681099994,7.394137768000064],[-74.3608924529999,7.387969033000047],[-74.3736364749999,7.373169048000079],[-74.37396229399991,7.364279335000049],[-74.38892150499993,7.35946105700009],[-74.39772751999993,7.347909258000072],[-74.40255659399992,7.323789445000045],[-74.39908715999991,7.310773601000051],[-74.38631315599991,7.298800615000061],[-74.38900906799995,7.283346946000052],[-74.3887591159999,7.264750887000048],[-74.39589843499994,7.256472407000047],[-74.39926691699992,7.234932857000047],[-74.40476393199992,7.228256990000091],[-74.4079698349999,7.215854551000064],[-74.40383442899991,7.210487636000039],[-74.40982549799992,7.20202781100005],[-74.40545216699991,7.189045341000053],[-74.39975409399995,7.189201972000092],[-74.39664670799993,7.171782201000042],[-74.38846204599992,7.164508878000049],[-74.38196236199991,7.147402069000066],[-74.37715909299993,7.142930960000058],[-74.37672299399992,7.131739935000041],[-74.36906792899993,7.121859993000044],[-74.36902292499991,7.105504179000093],[-74.37217637399993,7.098961713000051],[-74.36746728299994,7.09232729200005],[-74.3546361789999,7.086792178000053],[-74.35140300699993,7.081414512000038],[-74.3532181029999,7.063123191000045],[-74.35069816599992,7.056704063000041],[-74.3547622829999,7.029318892000049],[-74.35504343699995,7.010498746000053],[-74.33505348699993,7.012449301000061],[-74.3297647249999,7.010682917000054],[-74.32247059799994,7.018860239000048],[-74.30997083199992,7.006807262000052],[-74.30581463099992,6.999159857000052],[-74.28563629199994,7.006744919000084],[-74.27720960099992,7.012199929000076],[-74.26036660799991,7.008521693000091],[-74.25909896799993,7.004292761000045],[-74.24576897899993,7.002673943000048],[-74.20743649799994,7.037670581000043],[-74.07854287299995,7.151305678000085],[-73.9158523349999,7.29558379000008],[-73.91368593899995,7.318539430000044],[-73.90395856799995,7.359144535000041],[-73.90751962599995,7.381439248000049],[-73.90087638299991,7.386160540000049],[-73.89596907399994,7.408783374000052],[-73.8953573039999,7.431371640000066],[-73.90220116599994,7.446043203000045],[-73.90886145499991,7.453380193000044],[-73.90816900699991,7.460751283000093],[-73.91682565899993,7.471843471000057],[-73.91649457599993,7.481339160000061],[-73.90996537799992,7.497946384000045],[-73.87965845899993,7.508158413000046],[-73.8776613899999,7.517107926000051],[-73.86496555999992,7.53366016800004],[-73.85393028399994,7.532291133000058],[-73.84653302999993,7.541587311000058],[-73.83979207899995,7.567455887000051],[-73.83053748099991,7.575701859000048],[-73.82688860099995,7.604351400000041],[-73.81441064899991,7.610171058000049],[-73.81083642099992,7.623868508000044],[-73.81852189799991,7.636447016000091],[-73.81201862799992,7.646885437000037],[-73.80337511199991,7.644527734000064],[-73.79819847899995,7.656900154000084],[-73.80891347999994,7.669832531000054],[-73.81552207699991,7.691758890000074],[-73.81094390399994,7.706175997000059],[-73.82057321499991,7.71911009300004],[-73.83062136399991,7.727154708000057],[-73.82777428599991,7.738850444000093],[-73.8182170849999,7.742822645000047],[-73.7980199349999,7.771732940000049],[-73.80630447499993,7.791710211000066],[-73.81069759899992,7.80895053200004],[-73.82212614299993,7.82580858700004],[-73.81984338199993,7.847858245000054],[-73.82121154399994,7.864886883000054],[-73.8339707419999,7.885038061000046],[-73.83559644799993,7.903265780000083],[-73.83260059399993,7.912337703000048],[-73.83381097499995,7.927144953000038],[-73.83114816499995,7.932005233000041],[-73.83922245699995,7.95034561500006],[-73.8614410749999,7.971283046000053],[-73.86896919599991,7.989297831000044],[-73.8716801839999,8.018769998000039],[-73.8664658269999,8.053100595000046],[-73.8662846169999,8.070139875000052],[-73.85607848199993,8.083696773000042],[-73.8466926669999,8.088367227000049],[-73.83048177199993,8.102733158000092],[-73.82357340499993,8.10563303400005],[-73.8126949469999,8.118752724000046],[-73.8067711839999,8.130394322000086],[-73.7863257859999,8.134362582000051],[-73.77526100699993,8.145010136000053],[-73.77100256799991,8.162217619000046],[-73.77625852699992,8.18809708100008],[-73.77528929499994,8.197854119000056],[-73.77955551699995,8.20812871600009],[-73.7747322699999,8.226130494000074],[-73.76460583999994,8.240468929000087],[-73.76477310399991,8.250197749000051],[-73.7603027049999,8.262885077000078],[-73.75023521999992,8.274638487000061],[-73.75873513399995,8.290821076000043],[-73.75967452799995,8.303611065000041],[-73.7474540419999,8.314991811000084],[-73.75632679599994,8.32767025000004],[-73.75699829799993,8.337777416000051],[-73.74887546299993,8.36038337900004],[-73.75043998899991,8.379028787000038],[-73.74837415299993,8.429877289000046],[-73.7496311829999,8.441861362000054],[-73.74578008299994,8.457248521000054],[-73.74687525099995,8.465927236000084],[-73.7549773149999,8.476717551000092],[-73.76483753999992,8.484335344000044],[-73.77430153299991,8.49705466100005],[-73.77986316999994,8.511854219000043],[-73.77803213999994,8.548362972000064],[-73.77464410999994,8.55866932500004],[-73.78274458099992,8.566419549000045],[-73.79420642699995,8.590245284000048],[-73.79836483499992,8.608617888000083],[-73.81450673299992,8.625722462000056],[-73.82028966099995,8.661899541000082],[-73.81624896799991,8.679453648000049],[-73.80888223799991,8.69813526300004],[-73.81583589799993,8.719894087000057],[-73.81146703999991,8.731535130000054],[-73.79425398099994,8.743017716000054],[-73.78927067699993,8.749205325000048],[-73.7948017089999,8.766883001000053],[-73.79194384599992,8.790254378000043],[-73.79631120499994,8.818641030000038],[-73.80788088599991,8.831721626000046],[-73.81834992599994,8.835199582000087],[-73.84928530799993,8.869412856000054],[-73.8665567459999,8.887049172000047],[-73.87336489799992,8.911815277000073],[-73.86905814999994,8.921985487000086],[-73.86765512799991,8.936489179000091],[-73.86563263599993,8.94756374900004],[-73.87121466499991,8.96134317700006],[-73.88301899599992,8.966181549000055],[-73.89412623899995,8.978010143000063],[-73.90039456699992,8.980839157000048],[-73.91505317699995,8.977556399000093],[-73.93762868499994,8.984462877000055],[-73.95766900299992,8.995817145000046],[-73.96709268099994,8.994445982000059],[-73.97766558699993,8.983928363000075],[-73.99286424099995,8.996808385000065],[-74.00192086899995,8.99552258500006],[-74.00495077399995,9.002649058000088],[-74.00090386599993,9.010565210000038],[-73.98878999899995,9.008026090000044],[-74.0042064669999,9.030585171000041],[-74.0119747679999,9.031270722000045],[-74.02035101999991,9.024910402000046],[-74.03197697899992,9.030398002000084],[-74.0355938269999,9.04439184100005],[-74.04315492299992,9.04061137900004],[-74.04744025199994,9.023195946000044],[-74.05863057199991,9.01845312000006],[-74.07469498199993,9.025950201000057],[-74.08874836899992,9.016841986000088],[-74.09866195299992,9.016187957000056],[-74.10451021199992,9.022240465000039],[-74.11237478599992,9.040772828000058],[-74.1180749429999,9.040454227000055],[-74.12448482899993,9.029967372000044],[-74.13478682599992,9.02781483700005],[-74.14224645099995,9.03818418800006],[-74.13498789699992,9.043835761000082],[-74.12344813499993,9.04286707600005],[-74.11793922699991,9.04888141400005],[-74.13128774199993,9.055663655000046],[-74.13731031599991,9.063943790000053],[-74.14890024399995,9.057031101000064],[-74.15758396899992,9.057686979000039],[-74.15723745399993,9.069892300000049],[-74.17557316099993,9.075197589000084],[-74.17653504399993,9.089238659000046],[-74.20228398799992,9.102076243000056],[-74.21426730199994,9.120465713000044],[-74.22843910899991,9.124046039000064],[-74.2196308799999,9.134995717000038],[-74.23591398199994,9.147804014000087],[-74.24827782499995,9.164652782000076],[-74.26645994799992,9.169582155000057],[-74.28388639699995,9.157466212000088],[-74.29614062099995,9.158852248000073],[-74.29939635099993,9.170253803000037],[-74.29111073599995,9.191616689000057],[-74.29543874799992,9.201758209000047],[-74.32814195599991,9.219396097000072],[-74.34195954699993,9.230749088000039],[-74.36000272299992,9.23140750600004],[-74.39328287699993,9.214424824000048],[-74.40303060799994,9.213748527000064],[-74.42234544699994,9.240677944000083],[-74.4319013619999,9.262340557000073],[-74.43122826399991,9.270802555000046],[-74.43966226999993,9.273969664000049],[-74.44792464999995,9.268960135000043],[-74.4638331509999,9.271320159000084],[-74.47194832299994,9.266869899000085],[-74.48679790099993,9.25040597900005],[-74.50857392199993,9.234990948000075],[-74.51423541799994,9.233778475000065],[-74.5304702059999,9.246580172000051],[-74.53372486799992,9.26098619000004],[-74.54915669399992,9.276907269000048],[-74.56138999899991,9.294205945000044],[-74.56395596599992,9.311123227000053],[-74.57503528099994,9.319501248000051],[-74.59238518899991,9.32363104600006],[-74.6154799549999,9.341185860000053],[-74.61352769899992,9.36089858400004],[-74.62110491999994,9.374371281000037],[-74.62943533299995,9.379163663000043],[-74.65265873399994,9.382625508000046],[-74.66462918999991,9.391534155000045],[-74.67374191499994,9.413967523000053],[-74.69160207499993,9.41956440100006],[-74.69871806499992,9.426835267000058],[-74.72024355699995,9.417646957000045],[-74.73654571799995,9.421827600000086],[-74.74198085599994,9.445952805000047],[-74.75555212099994,9.460953750000044],[-74.76424413399991,9.463900703000093],[-74.77874407399992,9.461771940000062],[-74.8007865429999,9.442087111000092],[-74.80890002799993,9.456531863000066],[-74.80677058299995,9.465303787000039],[-74.78995732099992,9.478576261000057],[-74.77693929499992,9.496119968000073],[-74.77657564399993,9.505203666000057],[-74.78766041499995,9.526458425000044],[-74.8067681579999,9.545303957000044],[-74.8053822629999,9.553776525000046],[-74.78089668099994,9.573626861000037],[-74.77444035699995,9.583518251000044],[-74.77213558299991,9.604440217000047],[-74.77697453899992,9.626194694000048],[-74.7857257789999,9.645895443000086],[-74.8036816149999,9.667324404000055],[-74.80575276699994,9.675530604000073],[-74.80185694399995,9.683347825000055],[-74.79271652799991,9.686621723000087],[-74.78864563199994,9.699165769000047],[-74.79961957199993,9.709736862000057],[-74.8157255019999,9.734071635000078],[-74.80522851599994,9.760934210000073],[-74.81491479899995,9.784545102000038],[-74.85555654599995,9.827497977000064],[-74.8643028379999,9.845298909000064],[-74.87318440099995,9.848473647000048],[-74.88236986399994,9.872851249000064],[-74.8803925759999,9.88722634000004],[-74.8717245279999,9.902241029000038],[-74.87052435399994,9.913343774000055],[-74.8732980719999,9.935668890000045],[-74.86572960799992,9.939852767000048],[-74.85810055899992,9.95021121700006],[-74.84536187399993,9.957828770000049],[-74.83797080599993,9.957994455000062],[-74.82039499199993,9.967333129000053],[-74.8135127189999,9.976982293000049],[-74.79928259399992,9.989883442000064],[-74.78765238699992,10.008209234000049],[-74.79379515699992,10.020061798000086],[-74.81668212099993,10.040445289000047],[-74.8262653189999,10.061792794000041],[-74.83974108399991,10.07866064600006],[-74.8594898899999,10.091172929000038],[-74.87485943699994,10.096277413000053],[-74.8961242069999,10.107193300000063],[-74.92669299499994,10.108120634000045],[-74.93638143899994,10.114039107000053],[-74.94558742399994,10.129053204000058],[-74.94404688799995,10.151485028000081],[-74.93829941099995,10.161421061000055],[-74.9313619429999,10.181854521000048],[-74.93184155999995,10.197993807000046],[-74.92520687099994,10.224056362000056],[-74.91785482199992,10.231012297000063],[-74.91076964199993,10.254176099000063],[-74.96525217299995,10.326115432000051],[-74.9831932909999,10.343352721000088],[-75.00495973299991,10.360253454000087],[-75.02577567499992,10.363930026000048],[-75.05298357799995,10.381902336000053],[-75.07026605899995,10.40584977800006],[-75.08235110399994,10.41196648500005],[-75.12695040699992,10.39889613300005],[-75.13217906799991,10.406611828000052],[-75.15268921799992,10.423110996000048],[-75.15313369599994,10.434598468000047],[-75.16828335399993,10.45179199100005],[-75.18127714199994,10.458529833000057],[-75.18990051999992,10.467502454000055],[-75.21608816799994,10.475162760000046],[-75.22715785499992,10.476086690000045],[-75.24068550999993,10.495563301000061],[-75.2413785249999,10.504847861000087],[-75.2363136379999,10.511365390000037],[-75.24117614099993,10.519557324000061],[-75.22801522499992,10.54864838800006],[-75.22296410399991,10.55283782400005],[-75.23666021799994,10.567939573000046],[-75.22678508099995,10.589876115000038],[-75.22641230599993,10.60935358200004],[-75.22945952999993,10.618901790000052],[-75.22362393199995,10.630810392000058],[-75.22856008499991,10.644052994000049],[-75.24175282899995,10.654131989000064],[-75.24424146899992,10.664552103000062],[-75.24196644599994,10.688994897000043],[-75.24928584499992,10.703965381000046],[-75.2445716659999,10.716690197000048],[-75.24952656099993,10.722965119000037],[-75.24054303799994,10.747216493000053],[-75.2303596289999,10.756450723000057],[-75.22832519299993,10.764995919000057],[-75.21988959399994,10.777202575000047],[-75.23036362999994,10.783157284000083],[-75.2222080649999,10.79660434300007]]]]},"properties":{"DPTO_CCDGO":"13","DPTO_CNMBR":"BOLÍVAR","DPTO_ANO_C":1886,"DPTO_ACT_A":"Constitucion Politica de 1886","DPTO_NAREA":26719.9681426,"DPTO_CSMBL":"3","DPTO_VGNC":2021,"Shape_Leng":16.2330724102,"Shape_Area":2.19563925346}},
{"type":"Feature","geometry":{"type":"Polygon","coordinates":[[[-72.04767334899992,7.038302588000079],[-72.05580611499994,7.036925376000056],[-72.07569392399995,7.045367527000053],[-72.10743701199993,7.032707540000047],[-72.13264778799993,7.030541385000049],[-72.14481056599993,7.035657834000062],[-72.15306271399993,7.035047797000061],[-72.15928510499992,7.046272495000039],[-72.1763400289999,7.05553926400006],[-72.18543674299991,7.054041090000055],[-72.19965955499993,7.041193450000037],[-72.19872150899994,7.033806454000057],[-72.2057407929999,7.023217601000056],[-72.20438570599993,7.011935908000055],[-72.2201989109999,6.990637006000043],[-72.22033082099995,6.986340300000052],[-72.2449169919999,6.977114589000053],[-72.25562429399992,6.984956292000049],[-72.25351372299991,7.007994703000065],[-72.27652400799991,7.012792372000092],[-72.28285333299993,7.008500093000066],[-72.29142667699995,6.994344372000057],[-72.30200310399994,6.968730555000093],[-72.3040050059999,6.956045561000053],[-72.31342579999995,6.932223804000046],[-72.32511610099994,6.922361992000049],[-72.33764302799995,6.908172852000064],[-72.34985348599992,6.899047866000046],[-72.35245694799994,6.891741556000056],[-72.36144061699991,6.893825725000056],[-72.37874865499992,6.884420901000055],[-72.39232798599994,6.872214494000048],[-72.40834783499992,6.874563014000046],[-72.42248253999992,6.881645053000057],[-72.4322907799999,6.882895868000048],[-72.43989252699993,6.891315516000077],[-72.4645966409999,6.901687988000049],[-72.48779575499992,6.92452402400005],[-72.49660810799992,6.921525670000051],[-72.5029414999999,6.908158766000042],[-72.4964026749999,6.89646196800004],[-72.49659261499994,6.885780355000065],[-72.50236975899992,6.882215874000053],[-72.4983029789999,6.867752456000062],[-72.4916572919999,6.866543241000045],[-72.48713987199994,6.852657492000048],[-72.47871255199993,6.842754942000056],[-72.47777604599992,6.83553491400005],[-72.4836305039999,6.821482013000093],[-72.48253088699994,6.811659637000048],[-72.49851117999992,6.798396729000046],[-72.4954823839999,6.782878783000058],[-72.49759998799993,6.766428211000061],[-72.49085379399992,6.759637829000042],[-72.48755187699993,6.743647383000052],[-72.49878356999994,6.734596904000057],[-72.4972764119999,6.724264389000041],[-72.4880342159999,6.716150116000051],[-72.48485762599995,6.695284611000091],[-72.49103111599993,6.68117845200004],[-72.48719191599992,6.675836984000057],[-72.48553524699992,6.657101121000039],[-72.4984346299999,6.63959651600004],[-72.4970248109999,6.63389126900006],[-72.51352357499991,6.627386877000049],[-72.51998566999993,6.617309009000053],[-72.52045759999993,6.604257954000047],[-72.52704786999993,6.591630953000049],[-72.53767627299993,6.588745367000058],[-72.54266503199995,6.58281149600009],[-72.54590690299995,6.567152707000048],[-72.53725453999994,6.554102896000074],[-72.5363228089999,6.540418789000057],[-72.54946861999991,6.521468814000059],[-72.54460493599993,6.513989666000043],[-72.54503529099992,6.504226707000043],[-72.53438528599992,6.496050495000077],[-72.53923745499992,6.487973174000047],[-72.5680953129999,6.483649797000055],[-72.58295136699991,6.476413584000056],[-72.5925463239999,6.463467352000066],[-72.60182321699995,6.458062557000062],[-72.60272909899993,6.451584681000043],[-72.62153678399994,6.441017090000059],[-72.6494724449999,6.436616821000086],[-72.66062382299992,6.443195769000056],[-72.67819509199995,6.477865570000063],[-72.67931119699995,6.489589100000046],[-72.68681344599992,6.508364671000038],[-72.69405425699995,6.513907077000056],[-72.69654549499995,6.526287353000043],[-72.7041684269999,6.539749293000057],[-72.71199295899993,6.543051328000047],[-72.72117751999991,6.553904426000088],[-72.72996757199991,6.551465389000043],[-72.74342940699995,6.558923405000087],[-72.74797829399995,6.569897170000047],[-72.75958560999993,6.58112152700005],[-72.76672084699993,6.58279413300005],[-72.79534017599991,6.568798791000063],[-72.80420825699991,6.560552078000057],[-72.80940355299992,6.54243987600006],[-72.7945788909999,6.529951219000054],[-72.77922720899994,6.529253030000064],[-72.77387170799994,6.520660681000038],[-72.7725319029999,6.508475191000059],[-72.76571246299994,6.499448767000047],[-72.75614188399993,6.493857275000039],[-72.73592265899993,6.490688269000088],[-72.73682437999992,6.473029360000055],[-72.72820617699995,6.464146858000049],[-72.72528398199995,6.45595004200004],[-72.73754546299995,6.44133047300005],[-72.73505099599993,6.432159437000053],[-72.73491668299994,6.408324032000053],[-72.73300501199992,6.385715635000054],[-72.7255892739999,6.372056533000091],[-72.7312836509999,6.366725314000064],[-72.73144194399993,6.356927714000051],[-72.74838028999994,6.34762874900008],[-72.74994583099993,6.323635287000059],[-72.75757788999994,6.317001549000054],[-72.7582643689999,6.305892702000051],[-72.75436095399994,6.296111651000047],[-72.75490458699994,6.280720699000085],[-72.74585651099994,6.274878989000058],[-72.74378940399993,6.259327756000062],[-72.74966532199994,6.252557735000039],[-72.74847335399994,6.237952883000048],[-72.74453036799991,6.235329962000037],[-72.75495053799995,6.218809131000057],[-72.76710180999993,6.220306548000053],[-72.77501609799992,6.210482882000065],[-72.79336694099993,6.218939825000064],[-72.80403212899995,6.215408497000055],[-72.81125863599993,6.191924455000049],[-72.8198408419999,6.180927704000055],[-72.82619414599992,6.165497291000065],[-72.82541198699994,6.158052848000068],[-72.83127065499991,6.148783293000065],[-72.84343587899991,6.143796405000046],[-72.86843404799993,6.14452218100007],[-72.87324346299994,6.124665275000041],[-72.8937235599999,6.124034849000054],[-72.90014096699991,6.112460217000091],[-72.9073882859999,6.107333519000065],[-72.91597506999994,6.107376271000078],[-72.92337266699991,6.098348352000073],[-72.92277234999995,6.087929397000039],[-72.93144510099995,6.085421543000052],[-72.9357431439999,6.078715877000093],[-72.9445479229999,6.076507225000057],[-72.95393620199991,6.065124929000092],[-72.9532048929999,6.049433348000093],[-72.96012423999991,6.043397627000047],[-72.96218862299992,6.028321772000083],[-72.98297150499991,6.010017517000051],[-72.99121424799995,5.988137774000052],[-72.99691366099995,5.984842447000062],[-73.00912994399994,5.964709025000047],[-73.01400364299991,5.96511113300005],[-73.02066477999995,5.978119699000047],[-73.02162904799991,5.991453870000043],[-73.02811876599992,5.99664593500006],[-73.02738034599992,6.011622361000093],[-73.03157996599992,6.02290587400006],[-73.04093912199994,6.022194481000042],[-73.06219704699993,6.011052394000046],[-73.06764719199992,5.982677166000087],[-73.0774248589999,5.977421881000055],[-73.08978252999992,5.96456838000006],[-73.10167340599992,5.962162822000039],[-73.11256064699995,5.964043630000049],[-73.13025748299992,5.95926064400004],[-73.1426391039999,5.961076947000038],[-73.15418169899993,5.968310321000047],[-73.15520002199992,5.978646353000045],[-73.1755137099999,5.994537466000054],[-73.19931453999993,6.003134279000051],[-73.2103399749999,5.98806103000004],[-73.21843810799993,5.981304390000048],[-73.21934890599994,5.960137443000065],[-73.22379253499992,5.942556219000039],[-73.20873143499995,5.920956277000073],[-73.21930281499993,5.912729060000061],[-73.2209826159999,5.890703181000049],[-73.20954988499994,5.89056144500006],[-73.20348365099994,5.876551625000047],[-73.19771979899991,5.873015914000064],[-73.18398077899991,5.85044715500004],[-73.19508337299993,5.835055931000056],[-73.20635193499993,5.826141602000064],[-73.22895158599994,5.824935535000066],[-73.2464307329999,5.816011877000051],[-73.25173588899992,5.81848304600004],[-73.25877795799994,5.831341931000054],[-73.26598441199991,5.83720661600006],[-73.26385043999994,5.844398767000087],[-73.26887723499993,5.852503993000084],[-73.2822234809999,5.85899762400004],[-73.29006960499993,5.850360196000054],[-73.31630125799995,5.855035246000057],[-73.33019509699994,5.851994574000059],[-73.34257937199993,5.86172732600005],[-73.35046340499991,5.85168890500006],[-73.34574940199991,5.842248863000066],[-73.35343208299992,5.831388943000093],[-73.35113030899993,5.823139053000091],[-73.35658850399994,5.817120360000047],[-73.3593021399999,5.798337802000049],[-73.37149623199991,5.78644160500005],[-73.37903027399994,5.763402488000054],[-73.39048013799993,5.751068438000061],[-73.39820107699995,5.758911571000056],[-73.40994895599994,5.762338925000051],[-73.41771261499991,5.768763107000041],[-73.4271280399999,5.765738474000045],[-73.43192831399995,5.783483494000052],[-73.43145742399992,5.793000176000078],[-73.43928842299994,5.800364076000051],[-73.44979597299994,5.803938143000039],[-73.45966036399994,5.813235865000081],[-73.47347757999995,5.816830869000057],[-73.45878592199995,5.852377821000061],[-73.4512307519999,5.866654141000083],[-73.44887988799991,5.879766481000047],[-73.45667371499991,5.889930457000048],[-73.44448609699992,5.902000822000048],[-73.43380985199991,5.898337538000078],[-73.42050503799993,5.889364355000055],[-73.41177737399994,5.891161727000053],[-73.4016413089999,5.901340119000054],[-73.3960669889999,5.915523141000051],[-73.39742927599991,5.92085346600004],[-73.38629268999995,5.935892703000093],[-73.38684510599995,5.947117752000054],[-73.37633922899994,5.962638691000052],[-73.37137128199993,6.006203343000038],[-73.38764068599994,6.023078334000047],[-73.38911783799995,6.030935755000087],[-73.40310972299994,6.054466817000048],[-73.4117613329999,6.060141193000049],[-73.42174566699993,6.071876940000038],[-73.42966705499992,6.068487039000047],[-73.45816092299992,6.084600540000054],[-73.47151442499995,6.095103205000044],[-73.48981271799994,6.10168316000005],[-73.4974154169999,6.10803216100004],[-73.5131905689999,6.099515316000065],[-73.5138905629999,6.087263915000051],[-73.5256225249999,6.077665718000048],[-73.5274446759999,6.05839706800009],[-73.53495300499992,6.049063453000088],[-73.53964673699994,6.03742569700006],[-73.55954517399994,6.029004341000075],[-73.56551693799992,6.018309603000091],[-73.58198686999992,6.011984310000059],[-73.58598845799992,6.00632534500005],[-73.59195968799992,5.980317323000065],[-73.59086008899993,5.965417931000047],[-73.60744157699992,5.930854282000041],[-73.62167502299991,5.924443678000046],[-73.63146914399994,5.905650730000048],[-73.63033665599994,5.894218201000058],[-73.61126681999991,5.887144223000064],[-73.6001578929999,5.869415877000051],[-73.6076953349999,5.848666498000057],[-73.61893336599991,5.827248135000048],[-73.62924543499992,5.789523106000047],[-73.62607319799992,5.768406106000043],[-73.62949928799992,5.747456345000046],[-73.6360365829999,5.738018339000064],[-73.6387815459999,5.724097680000057],[-73.64678501299994,5.713316615000053],[-73.6514359439999,5.714438165000047],[-73.6637266219999,5.728123555000082],[-73.67289563799994,5.748256757000092],[-73.6842996229999,5.750972515000058],[-73.69371517999991,5.757656220000058],[-73.70147907599994,5.76932469400009],[-73.71085316199992,5.776492440000084],[-73.72573757799995,5.770756403000064],[-73.73591953099992,5.77241024500006],[-73.75127744699995,5.768662287000041],[-73.76497447499992,5.771649869000044],[-73.7821990779999,5.746832322000046],[-73.78996468399993,5.739910915000053],[-73.7943066979999,5.72942187600006],[-73.80384185399993,5.72450671900009],[-73.81253161699993,5.714967981000086],[-73.81915735299992,5.715365932000054],[-73.81921366099994,5.737476804000039],[-73.83708096399994,5.739747674000057],[-73.85398786299993,5.72640995200004],[-73.86202346199991,5.711032790000047],[-73.88305204199992,5.707572615000061],[-73.87787487499992,5.717773545000057],[-73.88779273199992,5.730076026000063],[-73.88568935099994,5.735138001000053],[-73.90446946999992,5.740114642000037],[-73.91589134299994,5.736679365000043],[-73.92548277199995,5.743065236000064],[-73.94511094699993,5.736102981000045],[-73.96193924099993,5.739549815000089],[-73.9826112209999,5.720910168000046],[-73.99775767299991,5.741212132000044],[-73.99876212399994,5.748956131000057],[-74.00776553399993,5.762788818000047],[-74.01092517599994,5.774411413000053],[-74.02087365499995,5.781971507000037],[-74.02811884099992,5.803637719000051],[-74.02635788099991,5.80702750100005],[-74.0595917149999,5.820438918000093],[-74.06449178299994,5.815367818000084],[-74.07925943899994,5.818500395000058],[-74.08179367399993,5.837578024000038],[-74.08903471699995,5.841516981000041],[-74.09164995299994,5.858459363000065],[-74.10683156499994,5.878793530000053],[-74.1129497519999,5.875637452000092],[-74.13333312399993,5.875921147000042],[-74.14771721299991,5.889935619000084],[-74.16624163099993,5.897889415000066],[-74.18041643899994,5.911088568000082],[-74.18732063999994,5.89876653400006],[-74.18963105299991,5.884212854000054],[-74.19772616699993,5.877966883000056],[-74.19427042799992,5.865327961000048],[-74.1951798579999,5.855699055000059],[-74.20230688499993,5.851152777000038],[-74.21456996699993,5.853904464000038],[-74.22612057599991,5.838951041000087],[-74.24421761899993,5.833481285000062],[-74.2660811419999,5.83459079000005],[-74.27428592899992,5.86425014200006],[-74.27297069199994,5.872076195000091],[-74.25824010999992,5.883210053000084],[-74.25267762199991,5.89200751900006],[-74.2388831419999,5.897198462000063],[-74.22799112899992,5.912291843000048],[-74.22459112699994,5.923723800000062],[-74.2272585419999,5.930907353000066],[-74.23763699499995,5.935755504000042],[-74.23675120299993,5.945222872000045],[-74.22222488999995,5.967910212000049],[-74.23872788599994,5.988048382000045],[-74.2466208909999,5.993999306000092],[-74.26077866199995,6.015435557000046],[-74.26386883499993,6.030362489000083],[-74.26331469299993,6.044350657000052],[-74.25871622999995,6.065524407000055],[-74.28693824299995,6.082478805000051],[-74.29807339299992,6.084108163000053],[-74.30348008599992,6.074392714000055],[-74.31968800499993,6.07067051100006],[-74.33779397099994,6.062537938000048],[-74.34411596199993,6.051971208000055],[-74.34735126999993,6.038921701000049],[-74.36196512399994,6.039701843000046],[-74.36896085099994,6.046664099000054],[-74.37881628399992,6.039592058000039],[-74.38943956999992,6.056253981000054],[-74.39789326899995,6.060831465000092],[-74.40085533699994,6.07912576700005],[-74.41187803699995,6.088451716000066],[-74.43109434699994,6.087314854000056],[-74.4516946469999,6.09928565000007],[-74.44980358399994,6.104859672000089],[-74.45543643899993,6.126441583000087],[-74.4526255429999,6.13567544600005],[-74.46962747599991,6.154412342000057],[-74.47779646399994,6.156588355000054],[-74.47283279099992,6.179889894000041],[-74.47540015699991,6.204058624000083],[-74.4828605909999,6.199806322000086],[-74.49934152299994,6.21322155200005],[-74.50546385599995,6.213653045000058],[-74.51318778299992,6.224036700000056],[-74.51124737799995,6.230433411000092],[-74.52246303499993,6.243768172000046],[-74.52062355699991,6.250433386000054],[-74.5288533179999,6.262847294000039],[-74.52657102199993,6.273641081000051],[-74.53949724299991,6.264252286000044],[-74.54379515499994,6.250301014000058],[-74.55234823899991,6.237802257000055],[-74.5616249279999,6.230312273000038],[-74.57341573299993,6.215661242000067],[-74.57111997099992,6.206984417000058],[-74.57492607699993,6.192109186000039],[-74.57929915599993,6.187096672000052],[-74.58892158299994,6.166175527000064],[-74.59693273499994,6.159908246000043],[-74.60239588899992,6.145094283000049],[-74.60847561899993,6.138618705000056],[-74.61171003499993,6.126644560000045],[-74.6039351359999,6.111565880000057],[-74.58451333199991,6.088208061000046],[-74.5762262639999,6.082614378000073],[-74.5617478449999,6.078295787000059],[-74.57134041599994,6.04288617900005],[-74.57163125799991,6.034521129000041],[-74.56272437299992,6.001891479000051],[-74.56897741499995,5.986948756000061],[-74.57859916899992,5.983021017000056],[-74.59411056499994,5.985965581000073],[-74.60343602699993,5.981091348000064],[-74.61274582399994,5.965846558000067],[-74.60751387999994,5.955096927000056],[-74.60825057199992,5.945461804000047],[-74.59674857999994,5.929639394000048],[-74.58570502299995,5.925019123000084],[-74.58538663699994,5.90306180400006],[-74.59037624599995,5.894692423000038],[-74.6124486029999,5.889593053000056],[-74.62407820999994,5.882350300000041],[-74.63804159099993,5.866365644000041],[-74.65094859499993,5.833017397000049],[-74.65139710199992,5.823974767000038],[-74.64713752799992,5.80847820300005],[-74.65327302899993,5.786512410000057],[-74.66496042599994,5.768536586000039],[-74.66102469999993,5.752378124000074],[-74.6540107109999,5.75373428000006],[-74.65201562099992,5.740502975000084],[-74.64392596399995,5.735186199000054],[-74.6396224309999,5.741334499000061],[-74.63844036099994,5.754915592000089],[-74.62773502499994,5.762189599000067],[-74.61132669699992,5.756994558000088],[-74.61126880299992,5.751837131000059],[-74.59273798699991,5.747175191000053],[-74.58487425999994,5.759003728000039],[-74.57857712099991,5.751599930000054],[-74.55107830599991,5.764998716000093],[-74.5507782219999,5.773009969000043],[-74.54169881199994,5.778429023000058],[-74.53943925099992,5.785236678000047],[-74.53019430799992,5.790584810000041],[-74.5239852659999,5.786099777000061],[-74.51721741699993,5.791162177000047],[-74.51098263699993,5.783746722000046],[-74.50088059099994,5.779146215000083],[-74.49031089499994,5.780193779000058],[-74.4812076149999,5.775977604000047],[-74.46208461999993,5.773894192000057],[-74.46176240799991,5.766415360000053],[-74.44053614199993,5.765365709000093],[-74.4317354929999,5.758513414000049],[-74.41854790199994,5.770026500000085],[-74.39423116499995,5.784257389000061],[-74.38834377299992,5.781657345000042],[-74.37219950999992,5.800728140000047],[-74.34585140899992,5.823374938000086],[-74.34632750799994,5.830668264000053],[-74.33496572799993,5.837235622000037],[-74.33399447399995,5.82736071700009],[-74.31783319199991,5.813791903000038],[-74.31528510499993,5.801752669000052],[-74.30281379699994,5.799885965000044],[-74.30139266299994,5.79152795400006],[-74.31166718199995,5.785103595000066],[-74.30714261599991,5.771889853000062],[-74.2950579809999,5.762140601000056],[-74.29585677599994,5.754571483000063],[-74.28723220199993,5.745492136000053],[-74.30225826299994,5.724241086000063],[-74.3041580389999,5.709668717000056],[-74.2933136389999,5.701709165000068],[-74.2799615639999,5.699199847000045],[-74.27798677399994,5.688656815000058],[-74.28354204199991,5.67957225300006],[-74.28515264499993,5.663710018000074],[-74.29369221499991,5.659718446000056],[-74.30864049799993,5.647076019000053],[-74.30616685399991,5.638441940000064],[-74.31015992699992,5.618870464000054],[-74.3021262069999,5.585348808000049],[-74.29169374199995,5.56918491600004],[-74.27253852599995,5.56052909400006],[-74.25962585999991,5.559761791000085],[-74.24290769299995,5.544707797000058],[-74.2456649259999,5.522502325000062],[-74.25446956299993,5.497937671000045],[-74.25407730299992,5.489126830000089],[-74.24451852099992,5.476295113000049],[-74.23250799599992,5.480219986000066],[-74.22585244299995,5.490373809000062],[-74.21428069599995,5.498245367000038],[-74.20192375099992,5.497010591000048],[-74.18655753899992,5.473565796000059],[-74.18238713099993,5.463738198000044],[-74.17206899199994,5.460522661000084],[-74.15910522799993,5.448106612000061],[-74.15106436899993,5.444351456000049],[-74.14391466199993,5.448484452000059],[-74.13712509599992,5.443226589000062],[-74.12879098999991,5.429949279000084],[-74.12309187599993,5.429073464000055],[-74.11972048199993,5.449284556000066],[-74.11309829399994,5.466970924000066],[-74.09809638999991,5.469826180000041],[-74.09279482199992,5.437208478000059],[-74.07357519599992,5.408165565000047],[-74.05557132199993,5.401407328000062],[-74.04490049899994,5.404296569000053],[-74.04050802499995,5.393010473000061],[-74.03174497999993,5.387571734000062],[-74.02192602699995,5.386421855000037],[-74.02357150499995,5.370435612000051],[-74.01996979899991,5.366142411000055],[-73.9996738289999,5.367535726000085],[-73.99058231499993,5.375591213000064],[-73.98145149499993,5.403542764000065],[-73.9729689859999,5.419355171000063],[-73.9646587279999,5.42219788500006],[-73.94748903599992,5.418122289000053],[-73.9421790099999,5.434081865000053],[-73.92544527699994,5.439997959000038],[-73.91251709799991,5.432232339000052],[-73.90534897299995,5.44604382700004],[-73.9015539959999,5.475359638000043],[-73.90480404499993,5.492651041000045],[-73.9095575899999,5.500188924000042],[-73.90622455599993,5.506947757000091],[-73.91131113499995,5.522798991000059],[-73.90490975099993,5.52931366200005],[-73.89057879499995,5.512715879000041],[-73.8845004929999,5.522560232000046],[-73.8688054509999,5.532523170000047],[-73.85752643799992,5.53114867000005],[-73.84882584099995,5.543376281000064],[-73.83115490499995,5.55299728500006],[-73.81806733899992,5.554222843000048],[-73.80467054499991,5.571397784000055],[-73.78990567999995,5.553125804000047],[-73.79159601999993,5.531460702000061],[-73.78269833999991,5.499845833000052],[-73.76883104299992,5.48659628300004],[-73.75908178999993,5.484782561000088],[-73.74707680599994,5.489626504000057],[-73.7431492099999,5.469009895000056],[-73.72836309899992,5.479160187000048],[-73.71798843399995,5.47631337200005],[-73.71953141799992,5.458814276000055],[-73.70679220999995,5.455937367000047],[-73.69665626599993,5.446774615000038],[-73.67909407499991,5.454006011000047],[-73.67499126099995,5.442301129000043],[-73.67835264299993,5.434769203000087],[-73.65533691299993,5.426222877000043],[-73.65374775099991,5.417737210000041],[-73.64091623799993,5.41790293400004],[-73.62695572099994,5.412659044000065],[-73.61782884999991,5.404363646000093],[-73.61162203899994,5.405298894000055],[-73.59423514799994,5.400286150000056],[-73.59008823499994,5.389884109000093],[-73.59875949999991,5.378338233000079],[-73.59945618199993,5.370300994000047],[-73.59467839799993,5.361149620000049],[-73.59396731499993,5.329148739000061],[-73.5993660769999,5.318812745000059],[-73.58908187199995,5.30745280800005],[-73.57731569299995,5.301528190000056],[-73.56724184199993,5.304656008000052],[-73.54977219099993,5.297777440000061],[-73.53185353099991,5.277992648000065],[-73.53375153299993,5.272038616000088],[-73.52687545499992,5.258838691000051],[-73.52779878799993,5.24451081300009],[-73.51514201899994,5.231280069000093],[-73.52345493599995,5.220452201000057],[-73.52190258699994,5.192192317000092],[-73.51026377799991,5.187950172000058],[-73.51194093999993,5.162297359000092],[-73.50363252099993,5.151687165000055],[-73.48169179699994,5.154023160000065],[-73.49171317699995,5.128926177000039],[-73.49453516599993,5.106353611000088],[-73.48223010799995,5.083159550000062],[-73.47987473499995,5.06367711300004],[-73.48757876699995,5.058892288000038],[-73.48626808699993,5.050899969000056],[-73.49617309099995,5.039925876000041],[-73.51600460299994,5.035376737000092],[-73.52174593699993,5.028293199000075],[-73.5219422909999,5.017546503000062],[-73.51009772599991,4.992796730000066],[-73.51695750899995,4.990587027000061],[-73.51871593899995,4.979418218000092],[-73.52408282899995,4.973502946000053],[-73.53375269399993,4.953812884000058],[-73.54426459799993,4.945074396000052],[-73.54676691599991,4.923589588000084],[-73.54116219999992,4.911179985000047],[-73.53867728799992,4.896568797000043],[-73.53274505899992,4.891232689000049],[-73.5246102609999,4.892310744000042],[-73.52087070199991,4.878956319000054],[-73.49410605499992,4.884002673000055],[-73.48671666199994,4.890827619000049],[-73.46961638399995,4.892720184000041],[-73.45150417899993,4.883020602000045],[-73.44641825999992,4.889803140000083],[-73.43181418499995,4.881451961000039],[-73.42110281299995,4.879314191000049],[-73.40200348999991,4.87993349900006],[-73.39349764799994,4.865996980000091],[-73.3912002539999,4.848974553000062],[-73.38324800899994,4.84816866500006],[-73.37467146799992,4.839773080000043],[-73.37535262499995,4.831796172000054],[-73.3656527469999,4.825403983000058],[-73.37227440599992,4.811092100000053],[-73.37183636399993,4.800823026000046],[-73.35273534099991,4.795811901000093],[-73.33381792599994,4.788502924000056],[-73.31382037999992,4.770539074000055],[-73.31034549299994,4.752759987000047],[-73.30603691899995,4.74465710000004],[-73.30629709899995,4.731387553000047],[-73.28320416499992,4.722278313000061],[-73.26901788799995,4.740645416000064],[-73.25723738699992,4.738733793000051],[-73.24819035899992,4.733203635000052],[-73.2363457639999,4.736738528000046],[-73.2230368299999,4.733288926000057],[-73.21972608699991,4.724911679000058],[-73.2282284129999,4.714969956000061],[-73.2343970259999,4.694341474000055],[-73.22351503699991,4.678581469000051],[-73.20789042899992,4.680590327000061],[-73.19351138799993,4.672136701000056],[-73.1596163719999,4.662434619000067],[-73.1473176689999,4.655338755000059],[-73.1209428649999,4.671430106000059],[-73.1127407749999,4.661231913000051],[-73.10333291599994,4.661261642000056],[-73.10025662999993,4.669436805000089],[-73.09141395299991,4.676215691000039],[-73.09148145299991,4.68881592200006],[-73.0796033819999,4.704388993000066],[-73.0804483679999,4.708917692000057],[-73.07206718599991,4.719925333000049],[-73.0785926609999,4.726491065000062],[-73.07253059999994,4.738078615000063],[-73.0621091939999,4.731848809000041],[-73.05255695499994,4.736324805000038],[-73.0449037109999,4.75114503900005],[-73.05444683199994,4.773724421000054],[-73.06010722499991,4.778794184000049],[-73.0700517009999,4.802193651000039],[-73.07741372799995,4.81215104100005],[-73.0682422289999,4.838213091000057],[-73.06065605999993,4.850022213000045],[-73.06155858999995,4.855116947000056],[-73.05126511799995,4.86190853100004],[-73.05238911299995,4.868333001000053],[-73.04138680799991,4.878999351000061],[-73.04204012399993,4.890308211000047],[-73.04762748099995,4.901800875000049],[-73.04912913599992,4.922256657000048],[-73.04214000399992,4.937676199000066],[-73.03574253499994,4.96198313900004],[-73.02937039299991,4.969888862000062],[-73.03082593599993,4.981383149000067],[-73.0149568949999,5.002146702000061],[-73.00461143599995,4.997050087000048],[-72.99955840199993,4.98956763800004],[-72.97942427099991,4.980538492000051],[-72.97045628899991,4.979595432000053],[-72.96620855099991,4.990970506000053],[-72.9571028389999,4.996896177000053],[-72.95283314199992,5.009647944000051],[-72.9391571299999,5.023015547000057],[-72.9297642109999,5.026454318000049],[-72.92847102999991,5.047235817000058],[-72.9038212339999,5.067931975000079],[-72.90582018099991,5.095113623000088],[-72.90930805499994,5.103457712000079],[-72.92859167199992,5.099673012000039],[-72.9372256879999,5.114001164000058],[-72.9571945049999,5.131249021000087],[-72.96441488199991,5.132799375000047],[-72.97313155699993,5.14587388800004],[-72.97087850299994,5.154166309000061],[-72.96335498399992,5.156075337000061],[-72.94842894699991,5.182314293000047],[-72.94879767499992,5.190598808000061],[-72.93521141699995,5.205526132000045],[-72.92326315899993,5.215341874000046],[-72.91036217399994,5.245595703000049],[-72.8972101199999,5.260037394000051],[-72.89207307399994,5.287102925000056],[-72.90072531099992,5.294086339000046],[-72.89970104999992,5.299391813000057],[-72.88777820599995,5.316127452000046],[-72.88961990799993,5.331066476000046],[-72.8801806109999,5.350607729000046],[-72.88650991999992,5.354261980000047],[-72.88271031499994,5.363227945000062],[-72.86643452899995,5.352581064000049],[-72.86665507099991,5.340548011000067],[-72.85540288699991,5.341911601000049],[-72.84608565899993,5.353522714000064],[-72.84176427599994,5.363594532000093],[-72.8218532059999,5.369597105000082],[-72.81121052499992,5.382404705000056],[-72.79832219399992,5.38014286300006],[-72.77828323999995,5.365878341000041],[-72.77546463599992,5.356729547000043],[-72.76085433299994,5.335385535000057],[-72.7466618279999,5.327553197000043],[-72.74253820299992,5.322261826000044],[-72.72647209799993,5.318752610000047],[-72.72192261899994,5.312581184000067],[-72.72011525399995,5.288324525000064],[-72.7150335259999,5.280692273000057],[-72.70647857499995,5.276408888000049],[-72.6881163079999,5.282054637000044],[-72.6815037309999,5.290437329000042],[-72.66709048899992,5.294603434000066],[-72.66610237899994,5.301319159000059],[-72.65316420999994,5.306209175000049],[-72.64859759699993,5.321757796000043],[-72.63695523299992,5.328403911000066],[-72.63769990999992,5.336197557000048],[-72.61885361899994,5.351647459000048],[-72.6093752349999,5.348401362000061],[-72.60163318899993,5.353691987000047],[-72.58890179199994,5.354609246000052],[-72.58172344299993,5.350284833000046],[-72.5709070979999,5.363829141000053],[-72.56723763499991,5.373372619000065],[-72.58397811999993,5.381988634000038],[-72.55355279299994,5.405297503000043],[-72.53690778599992,5.414412889000062],[-72.5288699649999,5.427504683000052],[-72.5019582619999,5.44490806500005],[-72.4920501869999,5.468250576000059],[-72.48985701599992,5.48183143600005],[-72.47097459399993,5.495529520000048],[-72.4600550529999,5.508815149000043],[-72.44738598299995,5.516373263000048],[-72.43568834699994,5.53743799700004],[-72.4262650629999,5.547309725000048],[-72.42090449599993,5.563237950000087],[-72.40371820599995,5.56993893300006],[-72.39650195999991,5.570242259000054],[-72.38392807699995,5.559794399000054],[-72.37580694499991,5.544677171000046],[-72.3750544369999,5.537539517000084],[-72.3625300139999,5.528315701000054],[-72.35689737599995,5.51789234000006],[-72.3458854189999,5.506887835000043],[-72.33039166999993,5.497636198000066],[-72.31759228399994,5.49802734900004],[-72.30089610699991,5.505972369000062],[-72.29529191699993,5.514952802000039],[-72.29660379299992,5.547199970000065],[-72.2950582119999,5.556027681000046],[-72.2851698149999,5.574627369000041],[-72.2891713809999,5.594877576000044],[-72.28747128299995,5.605640445000063],[-72.27082250799992,5.621973335000064],[-72.26268896899995,5.633537193000052],[-72.27331782199991,5.655215834000046],[-72.26892704399995,5.663730559000044],[-72.25733206299992,5.662399848000064],[-72.2440472209999,5.666372298000056],[-72.22583342599995,5.667641691000085],[-72.22190447499992,5.672581455000056],[-72.23187025399994,5.685107716000061],[-72.2428335969999,5.687128303000065],[-72.25625827099992,5.70305544200005],[-72.2711813759999,5.72847295300005],[-72.27702864199995,5.732438623000064],[-72.2765402199999,5.742874922000055],[-72.30081114399991,5.759376590000045],[-72.29715236899995,5.77112859500005],[-72.30509025299995,5.779133098000045],[-72.3095019399999,5.793728058000056],[-72.32863509999993,5.795241364000049],[-72.33096697499991,5.802355949000059],[-72.34857498699995,5.805758577000063],[-72.35062132099995,5.811112365000042],[-72.36420828799993,5.810294237000051],[-72.39289012799992,5.820334124000055],[-72.40140018099993,5.836672448000058],[-72.43493760299992,5.848561749000055],[-72.45862275799993,5.850917417000062],[-72.46126947899995,5.859642425000061],[-72.45265010999992,5.870990468000059],[-72.45089407199993,5.878371556000047],[-72.44311323399995,5.882226285000058],[-72.41606351799993,5.903625887000089],[-72.40670129299991,5.900222783000061],[-72.39197480899992,5.90221439000004],[-72.37475702699993,5.894990346000043],[-72.36858946699994,5.897296046000065],[-72.33980750599994,5.891421157000082],[-72.33277978899991,5.892107734000092],[-72.32766273499993,5.901714705000074],[-72.32835516099993,5.910951772000089],[-72.32506198599992,5.935037153000053],[-72.33582250099994,5.943918489000055],[-72.34225121299994,5.964923183000053],[-72.34163850199991,5.989593434000085],[-72.3396635499999,5.997398068000052],[-72.35643105499992,6.023377842000059],[-72.36178364199992,6.025639002000048],[-72.3655056799999,6.036703419000048],[-72.36173819999993,6.044005387000084],[-72.35335152199991,6.043395966000048],[-72.32153931699992,6.067838683000048],[-72.31825566399993,6.078403488000049],[-72.32751610199995,6.085581714000057],[-72.36209304699992,6.07518267100005],[-72.36663860699991,6.076834829000063],[-72.37537915699994,6.092501594000055],[-72.36480483199995,6.100230087000057],[-72.38397377399991,6.113783495000064],[-72.38917830699995,6.123736823000058],[-72.38467625399994,6.132658434000064],[-72.37706339199991,6.133910436000065],[-72.3745069929999,6.150066215000038],[-72.38665586499991,6.161758399000064],[-72.39310468399992,6.161569469000085],[-72.39233848499993,6.186945403000038],[-72.4056192349999,6.189865811000061],[-72.41255738899991,6.187793001000045],[-72.3987029139999,6.218651475000058],[-72.39789908299991,6.237304483000059],[-72.38722255599993,6.261275141000056],[-72.39651813799992,6.272095944000057],[-72.39000504799992,6.282648803000086],[-72.37891630099995,6.29311922100004],[-72.37135203899993,6.319150981000064],[-72.3636228979999,6.325767133000056],[-72.3519127699999,6.34465152100006],[-72.33853933799992,6.345551899000043],[-72.33395361099991,6.337799018000055],[-72.3170922139999,6.334699436000051],[-72.31549284899995,6.35771313500004],[-72.30210824099993,6.359269951000044],[-72.29177501399994,6.376986539000086],[-72.28398157999993,6.378431693000039],[-72.2810846079999,6.393460461000075],[-72.28669161499994,6.39607972500005],[-72.28239673299993,6.416291741000066],[-72.27179180799993,6.427830115000063],[-72.27149525999994,6.436582231000045],[-72.2605618579999,6.442230580000057],[-72.24794784799991,6.429304172000059],[-72.24597092599993,6.420487607000041],[-72.2328985549999,6.423329633000037],[-72.2190274049999,6.438384950000057],[-72.21544261199995,6.44601491800006],[-72.21687902299993,6.455785897000055],[-72.2129947219999,6.465978995000057],[-72.20290449599992,6.468902777000039],[-72.18164418099991,6.459420847000047],[-72.1747464419999,6.463005668000051],[-72.17288151299994,6.480238285000041],[-72.1778840099999,6.496758421000038],[-72.16688103299992,6.500735287000055],[-72.15317053599995,6.51336950600006],[-72.13864632199994,6.514223615000049],[-72.12890417199992,6.524944055000049],[-72.12397923999993,6.540067211000064],[-72.11825793399993,6.579319720000058],[-72.11199157099992,6.591630508000037],[-72.11281631299994,6.612115459000051],[-72.09466925799995,6.634507312000039],[-72.09128874699991,6.648472299000048],[-72.0984580029999,6.679315907000046],[-72.09505826299994,6.683987580000064],[-72.09931996499995,6.696896182000046],[-72.10002189099993,6.723698368000044],[-72.0949562099999,6.729647807000049],[-72.10013175899991,6.746472721000089],[-72.09269380899991,6.753775050000058],[-72.07867744299995,6.750897196000039],[-72.05990164099995,6.767522822000046],[-72.05078606099994,6.768636307000065],[-72.04441321299993,6.787238001000048],[-72.03851623399993,6.794376215000057],[-72.03874461599992,6.814305915000091],[-72.03454534499991,6.829704956000057],[-72.01807072299994,6.860862329000042],[-72.01753480399992,6.867612239000039],[-71.99657381799994,6.90893748700006],[-71.9937252069999,6.926994215000093],[-71.98051267099993,6.954858581000053],[-71.9777675489999,6.965143264000062],[-71.96186777699995,6.989651317000039],[-71.9601540999999,7.001604440000051],[-71.9488539159999,7.011323104000041],[-71.96561567999993,7.015591791000077],[-71.98216316699995,7.023705527000061],[-72.0032351829999,7.029094599000075],[-72.02091327099993,7.035847058000058],[-72.02951678699992,7.034698354000056],[-72.04767334899992,7.038302588000079]]]},"properties":{"DPTO_CCDGO":"15","DPTO_CNMBR":"BOYACÁ","DPTO_ANO_C":1886,"DPTO_ACT_A":"Constitucion Politica de 1886","DPTO_NAREA":23138.048132,"DPTO_CSMBL":"3","DPTO_VGNC":2021,"Shape_Leng":15.9064914174,"Shape_Area":1.88839083245}},
{"type":"Feature","geometry":{"type":"Polygon","coordinates":[[[-74.66496042599994,5.768536586000039],[-74.67039401699992,5.768595283000082],[-74.67930390799995,5.77895307600005],[-74.69331417299992,5.772899726000048],[-74.7143957749999,5.769099944000061],[-74.71238275099995,5.758435198000086],[-74.7215341559999,5.755822551000051],[-74.7275732299999,5.738747536000062],[-74.72538888499992,5.723528505000047],[-74.73770973299992,5.707167330000061],[-74.73912312899995,5.699300832000063],[-74.75281149199992,5.696424480000076],[-74.76666141699991,5.698903475000066],[-74.77041144799995,5.690394523000066],[-74.79690854099994,5.702171295000085],[-74.8063463069999,5.69937492300005],[-74.81107684099993,5.709267097000065],[-74.82026992499993,5.708381578000058],[-74.83384399599993,5.719520473000046],[-74.83742102299993,5.734539338000047],[-74.85514999299994,5.744367198000077],[-74.86512118499991,5.747207479000053],[-74.88015693299991,5.745964571000059],[-74.88625731199994,5.739151608000043],[-74.90034189199991,5.736506749000057],[-74.92969162899993,5.734044919000041],[-74.95194416499993,5.720065591000093],[-74.97080139299993,5.715050416000054],[-74.98058921499995,5.717525970000054],[-74.99278852599991,5.715526306000072],[-74.99312256799993,5.704864493000059],[-75.00021061599995,5.701647642000069],[-75.00828705599992,5.682817871000054],[-75.02852741599992,5.674643222000043],[-75.0484193289999,5.660870893000038],[-75.05224848699993,5.66503162500004],[-75.06690830899993,5.665187819000039],[-75.07719915299992,5.656732159000057],[-75.0872432619999,5.660723663000056],[-75.09916247399991,5.64264627700004],[-75.09149617399993,5.627303623000046],[-75.08908317399994,5.615535223000052],[-75.09492967099993,5.605727387000059],[-75.08743931599992,5.597633785000085],[-75.0912711819999,5.58593109800006],[-75.10348733299992,5.574233667000044],[-75.11257627099991,5.571584228000063],[-75.12109552299995,5.559211453000046],[-75.12984004399993,5.553236626000057],[-75.13183572399993,5.536871376000079],[-75.1379705729999,5.52708633900005],[-75.14769156999995,5.530193688000054],[-75.18094810999992,5.523522631000048],[-75.20173791899992,5.51608473400006],[-75.20612363399994,5.507678671000065],[-75.22072681999992,5.502936207000062],[-75.23042094399995,5.489783934000059],[-75.24368727599995,5.464005090000057],[-75.24996051999995,5.46031860100004],[-75.25457928999992,5.449193484000091],[-75.27592951399993,5.418558389000054],[-75.28113317499992,5.424213398000063],[-75.27915346299994,5.437624041000049],[-75.28352571999994,5.442412706000084],[-75.28692240399994,5.45934733100006],[-75.28343887299991,5.466295354000067],[-75.29687070599994,5.474196625000047],[-75.30413757799994,5.465573459000041],[-75.31858625699994,5.467167504000088],[-75.31330855199991,5.482250879000048],[-75.31600591699993,5.492412280000053],[-75.31144206899995,5.509938886000043],[-75.32145959999991,5.517588853000063],[-75.33060862799994,5.532900686000062],[-75.3338274429999,5.550232682000058],[-75.32989419499995,5.562503559000049],[-75.33841028599994,5.568506942000056],[-75.33968091799994,5.580006877000073],[-75.34579137399993,5.586966799000038],[-75.3402093169999,5.603009424000049],[-75.36331388299993,5.601272416000086],[-75.37365264099992,5.608791512000039],[-75.38263510699994,5.620510358000047],[-75.38328945799992,5.627446487000043],[-75.36866767099991,5.639902964000044],[-75.3679538319999,5.654536652000047],[-75.37689255899994,5.674191475000043],[-75.39633275799991,5.677379955000049],[-75.4066282469999,5.681229083000062],[-75.41271967099993,5.694287563000046],[-75.4293201189999,5.696496884000055],[-75.4422959979999,5.685712798000054],[-75.45466919499995,5.682191195000087],[-75.46127933799994,5.672443780000037],[-75.47856850199992,5.664405961000057],[-75.48920469299992,5.677512033000085],[-75.50545165199992,5.684579031000055],[-75.50834199199994,5.680801959000064],[-75.52025897399994,5.695285425000066],[-75.5360354689999,5.691888754000047],[-75.54417024199995,5.708878089000052],[-75.54374193899991,5.720256671000072],[-75.5545351749999,5.724539701000083],[-75.56925251399991,5.724915281000051],[-75.58695570499992,5.734718659000066],[-75.59881037799994,5.737477845000058],[-75.59902383699995,5.715643629000056],[-75.59547734699993,5.711273435000066],[-75.59974657599992,5.696708753000053],[-75.59959904999994,5.680911989000037],[-75.5887772609999,5.67383071200004],[-75.57415785299992,5.669818942000063],[-75.57341545699995,5.662223702000063],[-75.58445140099991,5.655585005000091],[-75.58976235299991,5.641865033000045],[-75.5841944149999,5.631671424000046],[-75.58406592599994,5.617780128000049],[-75.57995421599992,5.606501482000056],[-75.5804110759999,5.591953463000038],[-75.57509440899992,5.574742340000057],[-75.57607950499994,5.549743725000042],[-75.56912548499992,5.539935357000047],[-75.56930394599993,5.522803239000041],[-75.57743107399995,5.516206683000064],[-75.59643514299995,5.518102795000061],[-75.6166248689999,5.53230817900004],[-75.62756505399994,5.526106845000072],[-75.64329329799995,5.530906922000042],[-75.65637973999992,5.525390739000045],[-75.67047090799991,5.529473892000055],[-75.6894504359999,5.51941258100004],[-75.6931608129999,5.527151142000093],[-75.70114152199994,5.531634045000089],[-75.70903197699994,5.543856093000045],[-75.72657387499993,5.557284202000062],[-75.72992415699991,5.563432729000056],[-75.7447719939999,5.552277817000061],[-75.76521632299995,5.547969803000058],[-75.7728008549999,5.537024282000061],[-75.7831217669999,5.540682701000037],[-75.78844581099992,5.537381199000038],[-75.8068568889999,5.514389657000038],[-75.8169993429999,5.512099427000066],[-75.82570868999994,5.495844186000056],[-75.83249416699994,5.488838934000057],[-75.85018585799992,5.492465181000057],[-75.8635312639999,5.505504277000057],[-75.86802412599991,5.490242126000055],[-75.86539043999994,5.474830806000057],[-75.86330598399991,5.442344995000042],[-75.85775782799993,5.438194528000054],[-75.85780487999995,5.426878407000061],[-75.85234044799995,5.418519360000062],[-75.85251661399991,5.401399475000062],[-75.8582103999999,5.377037320000056],[-75.84765365499993,5.369706787000041],[-75.8283436939999,5.367408965000038],[-75.81057388099993,5.362078972000063],[-75.79514545599994,5.368046661000051],[-75.7919855319999,5.365638650000051],[-75.7627492339999,5.386879906000047],[-75.74743527899994,5.385797112000091],[-75.73926378899995,5.397692265000046],[-75.72096818999995,5.39522257100009],[-75.7124497399999,5.386248632000047],[-75.6986383439999,5.387871970000049],[-75.69778750199993,5.37752553100006],[-75.68981319699992,5.371239517000049],[-75.67809910999995,5.354428623000047],[-75.66617087199995,5.354000321000058],[-75.66659917299995,5.338481473000058],[-75.6618064509999,5.33125549500005],[-75.65913475999992,5.317955858000062],[-75.64815884799992,5.30868668700009],[-75.66215031099995,5.290013354000052],[-75.6648010319999,5.271126647000074],[-75.66856771999994,5.266135464000058],[-75.69365178299995,5.255249814000081],[-75.69970526799995,5.261516906000054],[-75.7188780319999,5.261619065000048],[-75.74607187899994,5.274954403000038],[-75.75469751199995,5.282891562000088],[-75.76314459799994,5.273368958000049],[-75.77314785099992,5.273768711000059],[-75.78694587899992,5.284818183000084],[-75.80349464299991,5.28096488500006],[-75.8141284539999,5.271218611000052],[-75.8236641439999,5.270118111000045],[-75.82521078799994,5.259297511000057],[-75.82048756299992,5.243533582000055],[-75.80508650199994,5.235300649000067],[-75.80349593099993,5.224251498000058],[-75.80810018699992,5.210124636000046],[-75.80270356999995,5.198210674000052],[-75.82378612799994,5.167294019000053],[-75.82771223899994,5.153966659000048],[-75.83346577599991,5.150604478000048],[-75.83253585499995,5.137071553000055],[-75.8363383489999,5.128577889000042],[-75.83560760799992,5.11734771600004],[-75.84431032399993,5.10802538900009],[-75.85479344399994,5.112097109000047],[-75.87690785699994,5.132759910000061],[-75.89198716499993,5.130911615000059],[-75.88837846599995,5.116562187000056],[-75.89956955399992,5.118205360000047],[-75.89891890599995,5.106659834000084],[-75.91735166799992,5.078686351000044],[-75.91225197099993,5.07366649100004],[-75.92244468099994,5.045561088000056],[-75.91301011899992,5.028815631000043],[-75.90386703999991,5.023616512000046],[-75.90228469899995,5.012748321000061],[-75.9035474659999,4.991785717000084],[-75.89735326699991,4.983129981000047],[-75.89641337899991,4.972517584000059],[-75.89065508399995,4.960073003000048],[-75.88239240599995,4.95902009200006],[-75.88008122999992,4.951412006000055],[-75.86072690099991,4.942129236000085],[-75.85594726699992,4.930261451000092],[-75.8401424569999,4.929350050000039],[-75.82134422599995,4.920279151000045],[-75.81480708599992,4.919438478000075],[-75.80041766699992,4.937145934000057],[-75.7926868639999,4.936934299000086],[-75.78836707599993,4.949383259000058],[-75.7962408439999,4.966341521000061],[-75.79296684699995,4.980470137000054],[-75.78649890199995,4.984176398000045],[-75.78411344599994,4.999417694000044],[-75.77710116899993,5.006317906000049],[-75.77242631799993,5.020078297000055],[-75.76360493499993,5.02356042200006],[-75.75846580199993,5.037873151000042],[-75.74673563399995,5.046527540000056],[-75.73396983099991,5.016784277000056],[-75.72328027099991,4.999706512000046],[-75.71972879599991,4.982830578000062],[-75.71476831199993,4.976435348000052],[-75.71378794799995,4.956265633000044],[-75.69828041799991,4.943892908000066],[-75.68229240599993,4.942880620000039],[-75.67781379699994,4.945770242000037],[-75.6659777989999,4.942715891000091],[-75.65265584899993,4.950835912000059],[-75.65416249299994,4.958030223000037],[-75.63649737399993,4.971390896000059],[-75.62407350699993,4.971579896000037],[-75.6195007359999,4.962460184000065],[-75.61584874399995,4.945382123000059],[-75.61692544599993,4.937196776000064],[-75.5971164369999,4.929330278000066],[-75.59044204899993,4.932756702000063],[-75.57536477199994,4.932953392000059],[-75.5647380609999,4.937782965000054],[-75.55737013399994,4.924111793000066],[-75.54338247299995,4.928460261000055],[-75.5374576129999,4.916533212000047],[-75.5119314179999,4.924286891000065],[-75.48309049999995,4.91634285300006],[-75.48244626499991,4.907487586000059],[-75.4741538429999,4.902722716000085],[-75.47294626699994,4.890789718000065],[-75.4592227249999,4.888350775000049],[-75.45192967699995,4.869529236000062],[-75.43874710299991,4.85523164500006],[-75.43768110099995,4.839022755000087],[-75.4313636359999,4.836417245000064],[-75.42699040999992,4.816552139000066],[-75.41083156199994,4.809037144000058],[-75.4002686419999,4.807580377000079],[-75.38315295099994,4.799785854000049],[-75.37549906999993,4.802684968000051],[-75.36552785499993,4.818214108000063],[-75.35696179299993,4.826869396000063],[-75.35235158599994,4.842127690000041],[-75.34534927899995,4.842159664000064],[-75.33849345999994,4.852385101000039],[-75.3235920859999,4.865769569000065],[-75.31900765799992,4.892906332000052],[-75.33380790399991,4.898783601000048],[-75.34339712899992,4.914678397000046],[-75.34748980599994,4.930977709000047],[-75.35215354499991,4.938282651000065],[-75.35350984099995,4.962624539000046],[-75.35067828299992,4.96843042200004],[-75.3355687049999,4.974640815000043],[-75.32540840799993,4.995032795000043],[-75.32555117399994,5.001005243000066],[-75.31815104999993,5.014449201000048],[-75.31786551199991,5.028440429000057],[-75.3288824199999,5.042740989000038],[-75.33806713999991,5.044692147000092],[-75.3487927569999,5.057294909000063],[-75.34231586299995,5.076473363000048],[-75.3447524309999,5.080784947000041],[-75.30832288199991,5.110926054000061],[-75.30446934199995,5.11911616000009],[-75.28758706999992,5.138490921000084],[-75.27551725199993,5.140703819000066],[-75.25179938999992,5.129826285000092],[-75.23501705199993,5.126000108000085],[-75.22922782199993,5.132945755000037],[-75.21907704199992,5.133845191000091],[-75.2067847479999,5.144674119000058],[-75.20563546699992,5.154318075000049],[-75.19479226099992,5.163576556000066],[-75.17877373199991,5.164454578000061],[-75.17177097899992,5.170893401000058],[-75.15454763799994,5.171056018000058],[-75.13970593699992,5.158138617000077],[-75.13100683999994,5.155969225000092],[-75.11635110999993,5.160510817000045],[-75.11329409799993,5.181732398000065],[-75.09821272099992,5.211242900000059],[-75.08484769299992,5.223703130000047],[-75.0750285709999,5.244091924000088],[-75.06627353099992,5.247741341000051],[-75.06142200499994,5.256433888000061],[-75.06279443999995,5.26461428500005],[-75.05674284199995,5.275278411000045],[-75.03584977899993,5.276586963000057],[-75.02533248199995,5.28821286100009],[-75.0085477099999,5.291870292000056],[-74.98675653399994,5.288580739000054],[-74.96665166199995,5.301642454000046],[-74.95477764099991,5.30148592200004],[-74.9396984359999,5.312814451000065],[-74.92082709499994,5.308752448000064],[-74.90899582499992,5.308438319000061],[-74.89844207699991,5.298969102000058],[-74.87097349399994,5.296532023000054],[-74.86888337099992,5.304772571000058],[-74.8616819369999,5.305509015000041],[-74.8513312799999,5.313973950000047],[-74.82269149399991,5.318122143000039],[-74.81211191799991,5.306082540000091],[-74.78471677099992,5.297142313000052],[-74.77327739299994,5.298229872000093],[-74.76585347499991,5.287960119000047],[-74.7412356829999,5.285437050000041],[-74.73427575799991,5.286864727000079],[-74.7329622009999,5.296452224000063],[-74.72722175299992,5.306118781000066],[-74.71469983299994,5.315012018000061],[-74.70960790499993,5.340140775000066],[-74.69747344599995,5.365079515000048],[-74.6887646109999,5.364508448000038],[-74.6778428849999,5.377821526000048],[-74.68523111499991,5.398915455000065],[-74.6815548479999,5.403162785000063],[-74.66705909599995,5.405249895000054],[-74.66777298999995,5.420358035000049],[-74.67702648199992,5.436566132000053],[-74.65955779399991,5.449227531000076],[-74.66574439199991,5.483368038000037],[-74.67433479399995,5.515904503000058],[-74.65635130099992,5.523170554000046],[-74.64142328899993,5.53927494900006],[-74.64149665799994,5.549598613000057],[-74.65163714099992,5.565139995000038],[-74.65303233199995,5.573769190000064],[-74.6447102489999,5.60463102600005],[-74.64477082499991,5.618837425000038],[-74.6296069679999,5.629333384000063],[-74.62919353199993,5.636748388000058],[-74.63704377199991,5.651273005000064],[-74.63546070399991,5.661625255000047],[-74.62816931899994,5.67819471100006],[-74.62754096799995,5.696831137000061],[-74.63778731199994,5.709177663000048],[-74.64927015799992,5.708286720000046],[-74.65769345099994,5.723324904000037],[-74.65995394099991,5.734793916000058],[-74.6579789939999,5.743812070000047],[-74.66102469999993,5.752378124000074],[-74.66496042599994,5.768536586000039]]]},"properties":{"DPTO_CCDGO":"17","DPTO_CNMBR":"CALDAS","DPTO_ANO_C":1905,"DPTO_ACT_A":"11 de Abril de 1905","DPTO_NAREA":7425.24606066,"DPTO_CSMBL":"3","DPTO_VGNC":2021,"Shape_Leng":6.6637593518,"Shape_Area":0.60549979089}},
{"type":"Feature","geometry":{"type":"Polygon","coordinates":[[[-73.65666833299991,1.61773194400007],[-73.7579006119999,1.71098065800004],[-73.85347152199995,1.79901440000009],[-74.04000091799992,1.970833299000049],[-74.05416869399994,1.971666456000094],[-74.06624603299991,1.979166737000071],[-74.09249877999991,1.977500082000063],[-74.10500336099994,1.972500087000071],[-74.10791778499993,1.981666680000046],[-74.12166595399992,1.987083432000077],[-74.12500000199992,1.992916576000084],[-74.14333342999993,1.992916577000074],[-74.15333557299994,1.97958337700004],[-74.16458129799992,1.98333346700008],[-74.17292023599992,1.980000017000066],[-74.1820831309999,1.985833293000042],[-74.19249725299994,1.98749994800005],[-74.20378598699995,1.995441154000048],[-74.22331740999994,2.019021774000066],[-74.22808117199992,2.027596546000041],[-74.23141580499993,2.04950984900006],[-74.23617956699991,2.054749987000093],[-74.25285273299994,2.058560997000086],[-74.30501592399992,2.059513749000075],[-74.31883083299994,2.061895630000038],[-74.34574608699995,2.05999012500007],[-74.36646845099995,2.06070468900009],[-74.38417053499995,2.080833200000086],[-74.40083312799993,2.084583290000069],[-74.41750335199993,2.078333373000078],[-74.4291687079999,2.082916744000045],[-74.43166350699994,2.090833192000048],[-74.45916748399992,2.092083455000079],[-74.46833038699992,2.094166517000076],[-74.48166656099994,2.104166743000064],[-74.48416900699993,2.110000126000045],[-74.47750091199993,2.120833398000059],[-74.48166656199993,2.129583359000094],[-74.48374939099995,2.147499804000063],[-74.49041747899992,2.147500038000089],[-74.49083710299993,2.136666774000048],[-74.5095825169999,2.131666661000054],[-74.51166534599992,2.121666671000071],[-74.52166748199994,2.122083427000064],[-74.52999877499991,2.112916709000046],[-74.53874969099991,2.110000126000045],[-74.54624938899991,2.129166609000038],[-74.57875061099992,2.12416673000007],[-74.58666991699994,2.132916684000065],[-74.60416412899991,2.157916778000072],[-74.60166931399993,2.163749937000091],[-74.5920867939999,2.164166694000073],[-74.58916474099993,2.192500117000066],[-74.59166717799991,2.201666598000088],[-74.60749816899994,2.207916740000087],[-74.61582946899995,2.199583528000062],[-74.63416289799994,2.195416690000059],[-74.6425018349999,2.20249986400006],[-74.66249847599994,2.211250074000077],[-74.6600036609999,2.226666685000055],[-74.65083312799993,2.22749996500005],[-74.65083312799993,2.241250038000089],[-74.65916442899993,2.252083303000063],[-74.66583252399994,2.251666546000081],[-74.68416595299993,2.259999750000077],[-74.69333648599991,2.270416739000041],[-74.69999695099995,2.270416497000042],[-74.69791412199993,2.285000318000073],[-74.70916748399992,2.283750055000041],[-74.71583557899993,2.269166708000057],[-74.72166443499992,2.265000110000074],[-74.72875214599992,2.269166476000066],[-74.73000335699993,2.279999973000088],[-74.74166869699991,2.272083285000065],[-74.74874877999991,2.282500024000058],[-74.7408370949999,2.312916762000043],[-74.74041747899992,2.326666595000063],[-74.73291778899994,2.348333356000069],[-74.72708129599994,2.359166628000082],[-74.7191696189999,2.360000126000045],[-74.7062530529999,2.381666654000071],[-74.70458221799993,2.393333191000067],[-74.69291686899993,2.42000007200005],[-74.68499755599993,2.424999951000075],[-74.67292022899994,2.425000191000038],[-74.67292022799995,2.446666479000044],[-74.66874694799992,2.451666599000077],[-74.66166686699995,2.47541666300009],[-74.66291808499994,2.488333222000051],[-74.64749908099992,2.493749858000058],[-74.65708159999991,2.512500043000045],[-74.6733322149999,2.519583466000086],[-74.6791686979999,2.532916545000091],[-74.67541504399992,2.539166931000068],[-74.68166350799993,2.558333392000065],[-74.66249847699993,2.577083352000045],[-74.6541671679999,2.580416685000046],[-74.64624786199994,2.589999911000064],[-74.64916992399992,2.597500083000057],[-74.64167022499993,2.60875010400008],[-74.62500000199992,2.61833333800007],[-74.6212539679999,2.626666790000058],[-74.61208343499993,2.623333458000047],[-74.60916901199994,2.633333441000048],[-74.59999847799992,2.636250025000038],[-74.5929183959999,2.65666675600005],[-74.58583069299993,2.665416709000056],[-74.58999633499991,2.673333405000051],[-74.60666656599994,2.682916639000041],[-74.61583710699995,2.683333404000052],[-74.61416626399995,2.694583184000066],[-74.62333679699992,2.699999812000044],[-74.63749695299992,2.700833318000093],[-74.63791656099994,2.708333497000069],[-74.6270828239999,2.721666814000059],[-74.62999724799994,2.734166865000077],[-74.61771011299993,2.753541707000068],[-74.64333342999993,2.755833393000046],[-74.64458465699994,2.771666761000063],[-74.65291595699995,2.782499792000067],[-74.65791320999995,2.804166794000082],[-74.6666641189999,2.804999826000085],[-74.66583252499993,2.823750019000045],[-74.67166900199993,2.831666707000068],[-74.6616668659999,2.84208321400007],[-74.6666641189999,2.870416633000048],[-74.67292022899994,2.876666783000076],[-74.67333221399991,2.888749836000045],[-74.69208526699992,2.893333191000067],[-74.70833588099993,2.890416864000088],[-74.72499847499995,2.883333200000038],[-74.76166533899993,2.872500177000063],[-74.7693748449999,2.873124951000079],[-74.77874755599993,2.885833268000056],[-74.78250121999992,2.905416726000055],[-74.79000091799992,2.907500262000042],[-74.79416656799992,2.914999952000073],[-74.78916930699995,2.926249981000069],[-74.79916381399994,2.937916759000075],[-74.8174972569999,2.923750154000061],[-74.83125305599992,2.917500254000061],[-74.8368759199999,2.908541555000056],[-74.84541321199993,2.916666755000051],[-74.87104034099991,2.916458248000083],[-74.89416504099995,2.90499996200009],[-74.90000152599993,2.892499926000085],[-74.91062545199992,2.883541824000076],[-74.91791534599992,2.891666653000073],[-74.92041778299995,2.903333431000078],[-74.93334680999993,2.909426042000064],[-74.95459856199994,2.885876608000046],[-74.97129404599991,2.870146977000047],[-74.97543342199992,2.862834078000049],[-74.98895538199992,2.858004808000089],[-74.99171496799994,2.850967868000055],[-75.02151847699992,2.812471670000093],[-75.02110453899991,2.803641003000052],[-75.02648572599992,2.793154583000046],[-75.0358703519999,2.788374739000062],[-75.04235333699995,2.777011014000038],[-75.05504163599994,2.764425024000047],[-75.06973322399995,2.745137551000084],[-75.07677456199991,2.74373214700006],[-75.08897358399992,2.730066385000043],[-75.0959973869999,2.737567750000039],[-75.10772812899995,2.731857044000094],[-75.11404044299991,2.72482296000004],[-75.12057801199995,2.72952239600005],[-75.14012509899993,2.726038351000057],[-75.14681156799992,2.722372114000052],[-75.15378957399992,2.707408273000055],[-75.14929276899994,2.700402667000048],[-75.13317060799994,2.693634741000039],[-75.14138622799993,2.667012431000046],[-75.15391396899992,2.655932871000061],[-75.1555995029999,2.64592600900005],[-75.15015680199991,2.633613530000048],[-75.14960952599995,2.621061872000041],[-75.13402046199991,2.604850694000049],[-75.1326114499999,2.595946120000065],[-75.15365612999994,2.581988856000066],[-75.15755635099993,2.563633338000045],[-75.16974558999993,2.551569584000049],[-75.18179157299994,2.529171890000043],[-75.17263145399994,2.523832735000042],[-75.18111223299991,2.507073242000047],[-75.19446180699993,2.511941423000053],[-75.20703299599995,2.50854154700005],[-75.22749901599991,2.511273472000084],[-75.22569351399994,2.502527005000047],[-75.23109796799991,2.480913322000049],[-75.25334452599992,2.452963432000047],[-75.25058991899994,2.444454098000051],[-75.2595250199999,2.441127649000066],[-75.26799567799992,2.430487220000089],[-75.27717126599993,2.424537626000074],[-75.28712901699993,2.409728070000085],[-75.28628219299992,2.396409861000052],[-75.2926718459999,2.384015466000051],[-75.30109726599994,2.379496646000064],[-75.31014718699993,2.361613165000051],[-75.31545906899993,2.358918729000038],[-75.32839235699993,2.365924259000053],[-75.33324234299994,2.35953459600006],[-75.3430012899999,2.33181509700006],[-75.34808738599992,2.323784419000049],[-75.35713086499993,2.320092639000052],[-75.36547830099994,2.326446434000047],[-75.3862842129999,2.314576027000044],[-75.3944704999999,2.302270428000043],[-75.39053827499993,2.293714217000058],[-75.39666538799992,2.287676334000082],[-75.41332148399994,2.250668024000049],[-75.41040519599994,2.245648227000061],[-75.41852845599993,2.238398873000051],[-75.43105812999994,2.233762264000063],[-75.43965742599994,2.220711411000082],[-75.43582894999992,2.201044675000048],[-75.42750399599993,2.197359065000057],[-75.4278577579999,2.179510554000046],[-75.43592413099992,2.167458583000041],[-75.44513449099992,2.144223158000045],[-75.45294556699992,2.145895210000049],[-75.46833518199992,2.142051782000067],[-75.47632208499994,2.135477236000042],[-75.4881441949999,2.134318534000045],[-75.50137201299992,2.122988336000049],[-75.5248367399999,2.122983514000055],[-75.53498428099994,2.11766072100005],[-75.54064596099994,2.103918374000045],[-75.54074906999995,2.090551700000049],[-75.55125531899995,2.082986825000091],[-75.55541314399994,2.069250586000067],[-75.57161911599991,2.049741118000043],[-75.56954422599995,2.042317202000049],[-75.57951069599994,2.037680847000047],[-75.58959253199993,2.021319342000083],[-75.58824852999993,2.010906595000051],[-75.61628094799994,1.996762206000085],[-75.61622521699991,1.987934502000087],[-75.63047545699993,1.965831090000052],[-75.64103852599993,1.958031067000093],[-75.64690343599995,1.937523221000049],[-75.64124013999992,1.926141677000089],[-75.6437242959999,1.913264041000048],[-75.65848647299993,1.892334300000073],[-75.66611025899994,1.891020839000078],[-75.68962168199994,1.879438004000065],[-75.7026587819999,1.863209698000048],[-75.70342972199995,1.850646139000048],[-75.70791263199993,1.83968159200009],[-75.72535883699993,1.829373764000081],[-75.73132652899994,1.821492988000045],[-75.73168616499993,1.800068424000074],[-75.73428201699994,1.786515244000043],[-75.7446755009999,1.778710613000044],[-75.75704869599991,1.776274045000093],[-75.76289265299994,1.76826002100006],[-75.77970845199991,1.761121136000042],[-75.78672043299991,1.763133983000046],[-75.79972419099994,1.749892285000044],[-75.81644967599993,1.753619540000045],[-75.83032024999994,1.747400987000049],[-75.83728054399995,1.740225753000061],[-75.84732789799995,1.72217295300004],[-75.85349373399993,1.725649148000059],[-75.87334133999991,1.714249576000043],[-75.88537513999995,1.713815304000093],[-75.90366064799991,1.716763066000055],[-75.92065037899994,1.704211521000047],[-75.92656578099991,1.694793631000039],[-75.93370260599994,1.692964438000047],[-75.94479117599991,1.673419583000054],[-75.95453908799993,1.662727078000046],[-75.96339683299993,1.659084168000049],[-75.9724730449999,1.66112485900004],[-75.97999357299994,1.65758986600008],[-75.9779686519999,1.646925119000059],[-75.98278705999991,1.621857498000054],[-75.99529677699991,1.614574173000051],[-76.00557024099993,1.615079366000089],[-76.02352089499993,1.590845745000081],[-76.03437752899993,1.582767257000057],[-76.04613529199992,1.584330782000052],[-76.05503447599995,1.580390396000041],[-76.06514718499994,1.585726734000048],[-76.07457936899993,1.584832056000039],[-76.08565023699992,1.577957464000065],[-76.09193813199994,1.567163366000045],[-76.1205773229999,1.552677208000091],[-76.12437813399993,1.566068917000052],[-76.13729643699992,1.574696417000041],[-76.14411912899993,1.574813667000058],[-76.15155759699991,1.582305106000092],[-76.16974681499994,1.58798157800004],[-76.16098257399995,1.582878655000059],[-76.15297275799992,1.564207259000057],[-76.15477606899992,1.551449972000057],[-76.14938745899991,1.549397838000061],[-76.1494115779999,1.535914980000086],[-76.16044903199992,1.524817552000059],[-76.1835876159999,1.488656392000053],[-76.18167716799991,1.480499561000045],[-76.18606031699994,1.464021743000046],[-76.17583129899992,1.451055049000047],[-76.18333956799995,1.442751263000048],[-76.19273126099995,1.421145385000045],[-76.20041939399994,1.420796633000066],[-76.19966194699992,1.373811998000065],[-76.20394595499994,1.353197212000055],[-76.2230062239999,1.337885638000046],[-76.21407943799994,1.320724622000057],[-76.22451281799994,1.319683943000086],[-76.23149481899992,1.308942237000053],[-76.24543468299993,1.299114622000047],[-76.24463454699992,1.292516902000045],[-76.25361211099994,1.280586983000092],[-76.2685073959999,1.266636872000049],[-76.27586527699992,1.264899383000056],[-76.30327252699993,1.23602881100004],[-76.2994417889999,1.221568650000052],[-76.28996816799992,1.210035666000067],[-76.29071842799993,1.199966987000039],[-76.3000352329999,1.191963242000043],[-76.29430494199994,1.179111885000054],[-76.28525338199995,1.170026964000044],[-76.28709787199995,1.157820422000043],[-76.2804594779999,1.137911214000042],[-76.27421287399994,1.132220816000086],[-76.24873161699992,1.11879781600004],[-76.23228212399994,1.121263397000064],[-76.21905641699993,1.113621353000042],[-76.20346287599995,1.115728146000038],[-76.19502119099991,1.107375709000053],[-76.1802134799999,1.105086386000039],[-76.1727362819999,1.110760325000058],[-76.15215249799991,1.109198792000086],[-76.14603472099992,1.10018315800005],[-76.12892339799993,1.102552894000041],[-76.1235711459999,1.100759037000046],[-76.12407747999993,1.087605416000088],[-76.11400026599995,1.085626258000048],[-76.1029545419999,1.078729925000061],[-76.10218124099993,1.069941391000043],[-76.09153250299994,1.071086755000067],[-76.08039606799991,1.062811861000057],[-76.08495151599993,1.057551880000062],[-76.06405527999993,1.054582423000056],[-76.05544195499994,1.047618458000045],[-76.04712184999994,1.046189014000049],[-76.03850852499994,1.052786454000056],[-76.0199165709999,1.047760487000062],[-76.00606692299993,1.055028692000064],[-76.00081223599994,1.047563412000045],[-76.00064804099992,1.031030496000085],[-75.99401223599995,1.02722940700005],[-75.98570137399992,1.044559806000052],[-75.98892263899995,1.055576530000053],[-75.9983287309999,1.061245955000061],[-76.00006893699992,1.069606491000059],[-75.98632608399993,1.070125594000046],[-75.97564386999994,1.061637163000057],[-75.95155554299993,1.033274769000059],[-75.93485915899993,1.029826685000046],[-75.92686321699995,1.034052804000055],[-75.92117128699994,1.029097961000048],[-75.92219501499994,1.019024474000048],[-75.93114864299991,1.006538186000057],[-75.93199987299994,0.993886123000038],[-75.94393800299991,0.988968963000048],[-75.9456942679999,0.980922691000046],[-75.92066282499991,0.97772903300006],[-75.9091796749999,0.97305921800006],[-75.9043662059999,0.965706180000041],[-75.9030825019999,0.95022393000005],[-75.89491347499995,0.935325182000042],[-75.87003036199991,0.925461842000061],[-75.8662181489999,0.91904332200005],[-75.86553631899994,0.90664055700006],[-75.85659685199994,0.885003548000043],[-75.8434220979999,0.877134159000093],[-75.83213887399995,0.873787810000067],[-75.8245330439999,0.875729724000053],[-75.8141761679999,0.89299118200006],[-75.79731543299994,0.894039582000062],[-75.78458051199993,0.877040212000054],[-75.77757046399995,0.873031341000058],[-75.76495237799992,0.85353464700006],[-75.76661726399993,0.844991150000055],[-75.75794232899995,0.837236283000038],[-75.74238878499995,0.853490836000049],[-75.72061382299995,0.861596200000065],[-75.71075594299992,0.862297206000051],[-75.69336226099995,0.85756542300004],[-75.6819271199999,0.856908231000091],[-75.67487325899992,0.860238004000053],[-75.66034688099995,0.873311259000047],[-75.63635693899994,0.87673839100006],[-75.61922126399992,0.867703220000067],[-75.61369111599993,0.857266036000055],[-75.6134574479999,0.846127848000094],[-75.60527905799995,0.837092676000054],[-75.58633245599992,0.839244371000063],[-75.57437156099991,0.834344638000061],[-75.54721946599994,0.832685582000067],[-75.53793007199994,0.826800898000045],[-75.53742566999995,0.804270965000057],[-75.53893887499993,0.789937554000062],[-75.52468953199991,0.78232950000006],[-75.52090652099992,0.775730244000044],[-75.50405110299994,0.76677711800005],[-75.48925882799995,0.781630695000047],[-75.48306927899995,0.782966310000063],[-75.47305723399995,0.772913146000064],[-75.46874952999991,0.758837271000061],[-75.43980904299991,0.747491627000045],[-75.42300293199992,0.738633531000062],[-75.40310255499992,0.738694206000048],[-75.38449145599992,0.753945598000087],[-75.35982833599991,0.750396292000062],[-75.3474967759999,0.766231656000059],[-75.33876002499994,0.76841584400006],[-75.3311256909999,0.752075623000053],[-75.32443226899994,0.746245870000052],[-75.30926411199994,0.747703307000052],[-75.29519873299995,0.728447598000059],[-75.28492265299991,0.729463819000046],[-75.26560146799994,0.725637646000052],[-75.25826130999991,0.713126017000093],[-75.25720477399994,0.702783071000056],[-75.26376642899993,0.687880329000052],[-75.27538834299992,0.676147200000059],[-75.27616684399993,0.667416862000039],[-75.27105097799995,0.66174492500005],[-75.2583725259999,0.658130455000048],[-75.23118058299991,0.646063680000054],[-75.21978109799994,0.631883832000085],[-75.21516569699992,0.615312872000061],[-75.20725804299991,0.601470591000066],[-75.21266605399995,0.587910201000057],[-75.23086764599992,0.580847501000051],[-75.23554920799995,0.566520304000051],[-75.22481390199994,0.535444418000054],[-75.21323106999995,0.520471488000055],[-75.20257647999995,0.512601621000044],[-75.20128501499994,0.498758726000062],[-75.21573328499994,0.495651136000049],[-75.21686331699993,0.486610881000047],[-75.19619986899994,0.479225310000061],[-75.18707889399991,0.484956189000059],[-75.17577757499993,0.486520944000063],[-75.1608539739999,0.480637603000048],[-75.14294834299994,0.487482817000057],[-75.12482746799992,0.506895156000041],[-75.11687688299992,0.511617077000039],[-75.09903851599995,0.51105206200009],[-75.09395337099994,0.501204637000058],[-75.09645558499994,0.487402100000054],[-75.10630300999992,0.478402200000062],[-75.10091782599994,0.47253392500005],[-75.0862449359999,0.476505359000043],[-75.07010161799991,0.476222851000045],[-75.05859950299993,0.479734023000049],[-75.04540233999995,0.479895456000065],[-75.03386136199993,0.48426237700005],[-75.02555983499991,0.479873403000056],[-75.0135506009999,0.463853884000059],[-75.0055183419999,0.438057575000073],[-74.98805210099994,0.42117520100004],[-74.98358197699991,0.412553575000061],[-74.98868897099993,0.396301483000059],[-75.00715179299993,0.392803594000043],[-75.01559407999991,0.386540279000087],[-75.01198207999994,0.353706963000093],[-75.0000672029999,0.333405945000038],[-74.98203044199994,0.318973944000049],[-74.97996241299995,0.311336648000065],[-74.98947690999995,0.299654514000053],[-75.00639060599991,0.296380004000071],[-75.01036065599993,0.281235080000044],[-75.0038880429999,0.27320301900005],[-74.98571828699994,0.265384542000049],[-74.96540780999993,0.244793925000067],[-74.95403732099993,0.241873511000051],[-74.94286359999995,0.243313559000057],[-74.92862609299993,0.250695936000056],[-74.9136436849999,0.252522733000092],[-74.89297919799992,0.249197365000043],[-74.88076614499994,0.24103001900005],[-74.86532836399994,0.225169194000046],[-74.8444661499999,0.214191244000062],[-74.8309707869999,0.212843852000049],[-74.8147966109999,0.216641666000044],[-74.78155822499991,0.208575757000062],[-74.76868524299994,0.21260748800006],[-74.7365441959999,0.209605946000067],[-74.7167354099999,0.201376560000085],[-74.70769120699993,0.193651264000039],[-74.7036144729999,0.184627310000053],[-74.69196475099994,0.176410488000045],[-74.6777860219999,0.160178466000048],[-74.67564492399993,0.131159486000058],[-74.6727941019999,0.11735109500006],[-74.67366919599993,0.104901874000063],[-74.6802643929999,0.092042570000046],[-74.6966269639999,0.089469975000043],[-74.70676120899992,0.097509495000054],[-74.71140200399992,0.089120971000057],[-74.7040281109999,0.082115154000064],[-74.6921589769999,0.078483554000059],[-74.67066497799993,0.082695833000059],[-74.65819586799995,0.076434236000068],[-74.65638520599992,0.066272836000053],[-74.6629011359999,0.053669165000088],[-74.68358207799992,0.042617732000053],[-74.70193244099994,0.044632796000087],[-74.70398440799994,0.037188852000043],[-74.6899853139999,0.018868719000068],[-74.67652032399991,0.009859168000048],[-74.6578023969999,-0.008679270999949],[-74.65677080799992,-0.027785456999936],[-74.6618507359999,-0.038534840999944],[-74.67966823499995,-0.047012482999946],[-74.68126075099991,-0.056029592999948],[-74.67135002399993,-0.060051574999932],[-74.66438195099994,-0.052258879999954],[-74.64536337999994,-0.038416772999938],[-74.62991311999991,-0.044772678999948],[-74.61653437599995,-0.056308043999934],[-74.6179596529999,-0.071365306999951],[-74.63259798799993,-0.082759585999952],[-74.63176806899992,-0.088456816999951],[-74.59871902299994,-0.098332526999911],[-74.58211908299995,-0.109727305999911],[-74.5409960419999,-0.120438889999946],[-74.5302059629999,-0.12598444799994],[-74.5240184299999,-0.116185168999948],[-74.53465749199995,-0.102055675999907],[-74.53050725799994,-0.088762002999943],[-74.51420883599991,-0.091724806999935],[-74.50658792399992,-0.103347453999959],[-74.50832375699991,-0.126896383999906],[-74.4994201049999,-0.136999798999909],[-74.48621529299993,-0.138215450999951],[-74.47482125999994,-0.130315315999951],[-74.4647098399999,-0.11109638399995],[-74.46206854299993,-0.082001881999929],[-74.45754108699992,-0.072734216999947],[-74.45135363499992,-0.070227422999949],[-74.43950700399995,-0.075241197999958],[-74.42766042699992,-0.088003435999951],[-74.42335948999994,-0.097954902999959],[-74.42652882699991,-0.112540183999954],[-74.44720416399991,-0.129100292999908],[-74.44454451699994,-0.139836552999952],[-74.4289924919999,-0.132316230999947],[-74.41152764199995,-0.11793410599995],[-74.39506332199994,-0.112920349999911],[-74.37084158899995,-0.111325318999945],[-74.35109210099995,-0.106496569999933],[-74.33047199299995,-0.11595959999994],[-74.30625040199993,-0.146042302999945],[-74.29900649699994,-0.148093453999934],[-74.2781046309999,-0.139433514999951],[-74.26550322499992,-0.144447380999907],[-74.26399415499992,-0.155462478999937],[-74.26912535799994,-0.162451314999942],[-74.28723537699994,-0.176808713999947],[-74.28995209699991,-0.197167572999945],[-74.2609765169999,-0.221856896999952],[-74.23403809799993,-0.23758221199995],[-74.22324752499992,-0.234087872999908],[-74.21758792299994,-0.210082579999948],[-74.20838199799994,-0.207727709999915],[-74.19457319499992,-0.215856204999909],[-74.19072490099995,-0.227175218999946],[-74.1883104719999,-0.258549348999907],[-74.17570894199991,-0.266146084999946],[-74.16205092099995,-0.26538652399995],[-74.15661786399994,-0.261132436999958],[-74.14605355099991,-0.240849453999942],[-74.13473474299991,-0.233556725999961],[-74.12266136799991,-0.232265334999909],[-74.10930520599993,-0.236367554999958],[-74.0939116749999,-0.259081555999956],[-74.08402658699993,-0.278073187999951],[-74.06980600399993,-0.280723919999957],[-74.0541128239999,-0.272440365999955],[-74.04466858299992,-0.274762654999961],[-74.04009508899992,-0.282596718999912],[-74.04079128299992,-0.297188628999947],[-74.03527062499995,-0.30979741799996],[-74.02544034199991,-0.316468358999941],[-74.01702699899994,-0.333139080999956],[-73.99891844599995,-0.344391276999943],[-73.94494517499993,-0.354835109999954],[-73.90118044099995,-0.368386320999946],[-73.87995541499993,-0.370612337999944],[-73.8589230149999,-0.383711086999938],[-73.84131793299991,-0.397977578999928],[-73.83073347899995,-0.405581343999927],[-73.8104486119999,-0.411891737999952],[-73.78839560999995,-0.408802245999937],[-73.76447615099994,-0.407716170999947],[-73.75260993599994,-0.40169285099995],[-73.73840191199992,-0.384014619999959],[-73.7301399179999,-0.380509634999953],[-73.71881101199995,-0.380974691999938],[-73.70781142899995,-0.386450066999942],[-73.69022399699992,-0.414804176999951],[-73.67666008299994,-0.421323141999949],[-73.66455269699992,-0.421671294999953],[-73.65158132099992,-0.41633264099994],[-73.64167816799994,-0.416706099999942],[-73.63569968199994,-0.429933870999946],[-73.6407497319999,-0.440700432999961],[-73.65268951899992,-0.451441633999934],[-73.65034655099993,-0.457588966999936],[-73.60922937599992,-0.439300381999942],[-73.5933816029999,-0.441906780999943],[-73.57986080799992,-0.454977778999933],[-73.57937485499991,-0.479840964999937],[-73.56933788899994,-0.494577117999938],[-73.57084542399991,-0.515543130999959],[-73.56020566099994,-0.517973088999952],[-73.545643,-0.509615939999946],[-73.53613715299991,-0.487509917999944],[-73.52919471199993,-0.492295010999953],[-73.52881666499991,-0.501486488999944],[-73.51711909099993,-0.521083872999952],[-73.50715836499995,-0.525108993999936],[-73.48874653899992,-0.528145765999909],[-73.45305674299993,-0.515152784999941],[-73.43502309899992,-0.511049054999944],[-73.42498739099995,-0.511579772999937],[-73.40763183199994,-0.518490439999937],[-73.39555762099991,-0.530566931999942],[-73.37850401199995,-0.536262060999945],[-73.37163790099993,-0.533374770999956],[-73.36643278399993,-0.521904135999932],[-73.35428545899993,-0.513623069999937],[-73.33564900099992,-0.506176846999949],[-73.32855589499991,-0.509594224999944],[-73.32515914899994,-0.520759908999935],[-73.31549975399992,-0.53093733299994],[-73.29927570399991,-0.54194939599995],[-73.27965716299991,-0.545668813999953],[-73.26773442599995,-0.553339045999962],[-73.2597347489999,-0.564807683999959],[-73.2575448799999,-0.576884777999908],[-73.2526395669999,-0.582504989999961],[-73.23935906199995,-0.58690858999995],[-73.22049275299992,-0.605895157999953],[-73.20902085299991,-0.624275049999937],[-73.19687245999995,-0.62662768499996],[-73.16148606899992,-0.620393151999906],[-73.1542436709999,-0.614391328999943],[-73.1368909329999,-0.607172465999952],[-73.11236962999993,-0.604585632999942],[-73.09924016799994,-0.609976081999946],[-73.08490213099992,-0.62280981899994],[-73.0747920149999,-0.621288799999945],[-73.07042119899995,-0.592501206999941],[-73.06099295799993,-0.575713569999948],[-73.05745027199993,-0.555964845999938],[-73.04417480699993,-0.534847339999942],[-73.02637028799995,-0.52686918899991],[-73.01565665599992,-0.526867363999941],[-72.98947458399994,-0.536812612999938],[-72.96796941899993,-0.55169531599995],[-72.9558203329999,-0.563009829999942],[-72.9450273089999,-0.584046263999937],[-72.93717638399994,-0.605842654999947],[-72.91727826999994,-0.615509517999953],[-72.87772216799993,-0.617601932999946],[-72.85410913399994,-0.61182440999994],[-72.83087538599995,-0.597996463999948],[-72.81110935899994,-0.597080547999951],[-72.80749067599993,-0.585611631999939],[-72.79640263499994,-0.576419487999942],[-72.77656100699994,-0.577706061999947],[-72.76306077399994,-0.560615046999942],[-72.75416058499991,-0.555077696999945],[-72.74521496999995,-0.560330166999961],[-72.74357357199995,-0.57567722899995],[-72.73667970299994,-0.583473867999942],[-72.72798029699993,-0.583391799999958],[-72.71435669899995,-0.588890481999954],[-72.70254693299995,-0.604269057999943],[-72.69454867499991,-0.610646313999951],[-72.67696935499993,-0.617856371999949],[-72.67695443399992,-0.631516782999938],[-72.66363752099994,-0.641907615999912],[-72.63778551299993,-0.657336750999946],[-72.6041518369999,-0.685348119999958],[-72.59207259599992,-0.693283352999913],[-72.56280569099994,-0.705686957999944],[-72.5563722039999,-0.705840043999956],[-72.54457503799995,-0.68920935899996],[-72.53848097299993,-0.676869377999935],[-72.52797143999993,-0.66516622599994],[-72.51388719499994,-0.656943274999946],[-72.49949778599995,-0.63468546699994],[-72.47552670699991,-0.611641197999916],[-72.46936330299991,-0.601770121999948],[-72.43352091899993,-0.566717921999953],[-72.42496999899993,-0.562289795999959],[-72.40795951899992,-0.567665986999941],[-72.4038005889999,-0.58232107699996],[-72.40917316999992,-0.594837286999962],[-72.40568990699995,-0.602375938999955],[-72.39338950099994,-0.614781034999908],[-72.37008829799993,-0.623838388999957],[-72.35755323399991,-0.636099062999961],[-72.33308721299994,-0.643400065999913],[-72.31902290999994,-0.651517870999953],[-72.3097710529999,-0.652143710999951],[-72.29391367799991,-0.645301412999913],[-72.2853859889999,-0.630514766999909],[-72.2634093609999,-0.62270495599995],[-72.24907264399991,-0.613720717999911],[-72.24282988999994,-0.605261492999944],[-72.24661468199992,-0.585386352999933],[-72.23990331099992,-0.56215468299996],[-72.23732201399991,-0.530146601999945],[-72.23319193899994,-0.523435230999951],[-72.23474071699991,-0.512077523999949],[-72.23009438299994,-0.503817376999962],[-72.23061064299992,-0.492975929999943],[-72.2073789719999,-0.483683261999943],[-72.19498874699991,-0.467679221999958],[-72.1831147819999,-0.460967851999953],[-72.1676270019999,-0.434638623999945],[-72.16298066799993,-0.411406950999947],[-72.1552367779999,-0.40572809799994],[-72.14802968499993,-0.392957915999943],[-72.15885899499995,-0.38239933899996],[-72.15723459899993,-0.363177312999937],[-72.15344433999991,-0.35532606299995],[-72.14397656799991,-0.356199192999952],[-72.14360384199995,-0.347253764999948],[-72.12068117799993,-0.338867424999933],[-72.11210847399991,-0.332903804999944],[-72.09719942399994,-0.32917654299996],[-72.08955853499992,-0.330853809999951],[-72.08284946299995,-0.338308336999944],[-72.07259949099995,-0.325822005999953],[-72.06272224499992,-0.324703826999951],[-72.05675862499993,-0.309422050999956],[-72.0614177029999,-0.296190268999908],[-72.04613592699991,-0.28258576199994],[-72.0418495749999,-0.269167615999947],[-72.01967236299993,-0.263763083999947],[-71.99805423999993,-0.275690324999914],[-71.98668608999992,-0.279231223999943],[-71.96860886699994,-0.269167615999947],[-71.92779534199991,-0.265253990999952],[-71.91345725499991,-0.268228571999941],[-71.90998811299994,-0.273316646999945],[-71.87205882899991,-0.269963140999948],[-71.84814241099991,-0.27676712899995],[-71.82043107899995,-0.274607806999938],[-71.81139898399994,-0.263679931999945],[-71.79826226599994,-0.265491894999911],[-71.78965545199992,-0.270474788999934],[-71.77319680499994,-0.263528935999943],[-71.77259281799991,-0.256734083999959],[-71.73982652299992,-0.250090225999941],[-71.73801456199993,-0.242238396999937],[-71.72285863299993,-0.234717073999946],[-71.71064768399992,-0.232342722999931],[-71.71449187199994,-0.203624380999941],[-71.72286570999995,-0.18255546599994],[-71.73624889799993,-0.16373535799994],[-71.73645800999992,-0.154534415999933],[-71.72550094799993,-0.121522399999947],[-71.71872237899993,-0.119488826999941],[-71.7143163099999,-0.108982046999927],[-71.70347059999995,-0.101695086999939],[-71.70092863699995,-0.087460092999947],[-71.70482631399994,-0.067293848999952],[-71.67178079199994,-0.059837425999945],[-71.64754740899991,-0.038484933999939],[-71.62602545399994,-0.034587256999941],[-71.59348832499995,-0.014421016999961],[-71.57823654499992,-0.00103334299996],[-71.58213422199992,0.009303973000044],[-71.56772976399992,0.019980219000047],[-71.54993602099995,0.022013791000063],[-71.5148569289999,0.005575762000092],[-71.50062193499991,0.001169693000065],[-71.48570908399995,-0.008659232999946],[-71.47486337399994,-0.012217980999935],[-71.46588177099994,-0.007981373999939],[-71.45182007099993,-0.011260643999947],[-71.44837899799995,0.003348824000057],[-71.43114160599993,0.006931474000055],[-71.4202958969999,0.003711657000053],[-71.40045074499994,0.005609208000067],[-71.38579654999995,0.014595272000065],[-71.38593479699995,0.025931534000051],[-71.3641505359999,0.032138773000042],[-71.3422487059999,0.018880933000048],[-71.31515226999994,0.020539898000038],[-71.30368895299995,0.032473945000049],[-71.28568810599995,0.03787420000009],[-71.27136166899993,0.035168254000041],[-71.26182936399994,0.04490555600006],[-71.26223935599995,0.052285407000056],[-71.25384590399995,0.059518811000089],[-71.2620039649999,0.069226307000065],[-71.27979257999993,0.06578987000006],[-71.29266237399992,0.068350355000064],[-71.2970421469999,0.074953704000052],[-71.2896976049999,0.087486593000051],[-71.29117998999993,0.097324234000041],[-71.30741883999991,0.101906154000062],[-71.32871127399994,0.117066906000048],[-71.32049077699992,0.130004080000049],[-71.32298387799995,0.140582914000049],[-71.33012627699992,0.145097448000058],[-71.33524724199992,0.15500247500006],[-71.35182299799993,0.144491018000053],[-71.36718589299994,0.145703878000063],[-71.36893780199995,0.162347017000059],[-71.37486734099991,0.173734426000067],[-71.39110619099995,0.178316341000084],[-71.40242621899995,0.185189219000051],[-71.4042455089999,0.155271997000057],[-71.41974316699992,0.14294125300006],[-71.43052414599993,0.139774342000067],[-71.43793606899993,0.142132679000042],[-71.4495930029999,0.139033149000056],[-71.47021162499993,0.157293433000063],[-71.45666801999994,0.16308820800009],[-71.4591611219999,0.178585866000049],[-71.46933567099995,0.184919691000061],[-71.47566949599991,0.182965639000088],[-71.47694973699993,0.172117278000087],[-71.48314879999992,0.163155589000041],[-71.48537237699992,0.148533885000063],[-71.4937276359999,0.146714596000038],[-71.49521002099993,0.134788137000044],[-71.50302623099992,0.129465030000063],[-71.5175131709999,0.13162122500006],[-71.52856367499993,0.120099054000093],[-71.53637988499992,0.121648821000065],[-71.54460038199994,0.133373134000067],[-71.5340215459999,0.139437434000058],[-71.52586842999995,0.153385329000059],[-71.53146106299994,0.165244405000067],[-71.54372442699992,0.172588947000065],[-71.56710567599993,0.171308705000058],[-71.58368143099995,0.16308820800009],[-71.59001525699995,0.169556796000052],[-71.57957118299993,0.177103483000053],[-71.57721284399992,0.197991629000057],[-71.5628606649999,0.207020698000065],[-71.56184994799992,0.216656199000056],[-71.57114854299994,0.215308575000051],[-71.5770106999999,0.207964033000053],[-71.59244097699991,0.197250436000047],[-71.60578243899994,0.18330254500006],[-71.62477996799993,0.18431855700004],[-71.61777576799994,0.19688347500005],[-71.62682694599994,0.203081440000062],[-71.62704133499994,0.21587327900005],[-71.64390655499994,0.20958455400006],[-71.65584084199992,0.219374959000049],[-71.69793243099991,0.237455044000058],[-71.72630316099992,0.280975888000057],[-71.7243736659999,0.288122170000065],[-71.7033636029999,0.296197464000045],[-71.6991472979999,0.303772521000042],[-71.7050072479999,0.318422398000052],[-71.72716071499991,0.308560528000044],[-71.73137701999991,0.302200341000059],[-71.73379606799995,0.286829027000067],[-71.74522906599992,0.289380190000088],[-71.75132351499991,0.297222659000056],[-71.75396916699992,0.317537491000053],[-71.75297704799993,0.331710627000064],[-71.7693233999999,0.327458686000057],[-71.78907130499994,0.335679105000054],[-71.7843469259999,0.345978253000055],[-71.77315014699991,0.348954611000067],[-71.77045725099993,0.369269444000054],[-71.78075639699995,0.364167113000065],[-71.79086656899995,0.364167113000065],[-71.81481917099995,0.373568627000054],[-71.81420500199994,0.366151351000042],[-71.8015909099999,0.358734078000055],[-71.80527592499993,0.348293200000057],[-71.82346478499994,0.339364122000063],[-71.83177969299993,0.338938928000061],[-71.8510079159999,0.350371926000093],[-71.83574817099992,0.365773402000059],[-71.83291354399995,0.37352138500006],[-71.83626785299992,0.395111795000048],[-71.8238427359999,0.403521190000049],[-71.83925795499994,0.407764869000061],[-71.84689770599994,0.413584119000063],[-71.84727565599991,0.438056404000065],[-71.8569606339999,0.455205900000067],[-71.88162189299993,0.466355433000047],[-71.88861397399995,0.448308306000058],[-71.90420442499993,0.442780781000067],[-71.91719646799993,0.448686255000041],[-71.92173187199995,0.458843672000057],[-71.90325954999992,0.46800896700006],[-71.9054327639999,0.47863882200005],[-71.91993660799994,0.478119138000068],[-71.92673971399995,0.482323835000045],[-71.92914914699992,0.497205629000064],[-71.9152122289999,0.510433891000048],[-71.91318074599991,0.515961415000049],[-71.92891292799993,0.543504546000065],[-71.92929087899995,0.553425742000059],[-71.9386451499999,0.569961069000044],[-71.94478684299992,0.568118561000063],[-71.94336952899994,0.550591114000042],[-71.95031436599993,0.540622675000066],[-71.9553694519999,0.541473064000058],[-71.96387333399991,0.556024150000042],[-71.97639293899994,0.560795774000042],[-71.98692830499994,0.560559554000065],[-71.99075505199994,0.565425666000067],[-71.98912169599993,0.586235875000057],[-71.9924053769999,0.590729334000059],[-72.00696000399995,0.592617669000049],[-72.01131382199992,0.598989111000094],[-71.99846474999993,0.603555309000058],[-71.9899694959999,0.613431043000048],[-71.9818990039999,0.62914726200006],[-71.99389855099992,0.632120601000054],[-71.99644712699995,0.655270169000062],[-72.00441142799991,0.658031128000061],[-72.01736669099995,0.654739216000053],[-72.02649908899991,0.66440256900006],[-72.0331922229999,0.664277520000041],[-72.04855811699991,0.65620057600006],[-72.08277021799995,0.657054239000047],[-72.08559386499991,0.662964198000054],[-72.0725262869999,0.666181840000093],[-72.06687899299993,0.681219404000046],[-72.07173829299995,0.694877980000058],[-72.08112856199995,0.704924909000056],[-72.09399914099993,0.698817953000059],[-72.10982469999993,0.704924909000056],[-72.1213819539999,0.72166979800005],[-72.11947763299992,0.734409041000049],[-72.1288679029999,0.73979367000004],[-72.14029382399991,0.718058155000051],[-72.14622207999992,0.719427451000058],[-72.15927870199994,0.732889580000062],[-72.16248900699992,0.714315178000049],[-72.16851494999992,0.712071347000062],[-72.17789052699993,0.723047082000051],[-72.19079114699991,0.726988759000051],[-72.20037841399994,0.701969929000086],[-72.21005917499991,0.700083360000065],[-72.22071602799991,0.706117415000051],[-72.23025654399993,0.716153835000057],[-72.22185126799991,0.747279620000086],[-72.2262030039999,0.757493194000062],[-72.23866981999993,0.768111240000053],[-72.25044551299993,0.790231507000044],[-72.26619599799994,0.794691409000052],[-72.26978595299994,0.787328441000057],[-72.26177632799994,0.778142743000046],[-72.26111966699995,0.766913822000049],[-72.2696544499999,0.763105179000092],[-72.29336177899995,0.782411047000039],[-72.29961737799994,0.795556226000087],[-72.31011456199991,0.80929046600005],[-72.30329295699994,0.817420325000057],[-72.28927596099993,0.81676619600006],[-72.28796770799994,0.823774695000054],[-72.30011577099992,0.837791692000053],[-72.2965647979999,0.853957961000049],[-72.28703324199995,0.862274711000055],[-72.28852838699993,0.873207971000056],[-72.30011577099992,0.882085400000051],[-72.3088997559999,0.876291707000064],[-72.32394466399995,0.875357243000053],[-72.3246922379999,0.865825685000061],[-72.3168427199999,0.854425194000044],[-72.31880509899992,0.844613295000045],[-72.3288038899999,0.840781984000046],[-72.33114005599992,0.850768068000093],[-72.34086302599991,0.862756412000067],[-72.34319467299991,0.870684908000044],[-72.33244830899991,0.880403361000049],[-72.34543739299994,0.898158223000053],[-72.34646530499992,0.908157012000061],[-72.3399240409999,0.926659448000066],[-72.3544082709999,0.935069645000056],[-72.37403206499994,0.917408229000046],[-72.38870318799991,0.917968912000049],[-72.39234760599993,0.923295370000062],[-72.3850587689999,0.935443432000056],[-72.37702235799992,0.957590288000063],[-72.40046509099994,0.967362853000054],[-72.41026950299994,0.987430712000048],[-72.4033690679999,0.992175767000049],[-72.39920307099993,1.00261488700005],[-72.41332256299995,1.012465367000061],[-72.42365943899995,1.022663494000085],[-72.4262263139999,1.037301620000051],[-72.43227056699993,1.046802516000071],[-72.44202528499994,1.054081844000052],[-72.45484277299994,1.069164942000043],[-72.45691958499992,1.080430069000045],[-72.46782808599994,1.083870445000059],[-72.47959668199991,1.078814771000054],[-72.48414888299993,1.071598377000043],[-72.50017598999995,1.073255631000052],[-72.50802171899994,1.067612580000059],[-72.5205874749999,1.081017449000058],[-72.53464265799994,1.083660664000092],[-72.55703099599992,1.093614066000043],[-72.57380851599993,1.11302747700006],[-72.58663141399995,1.115697449000038],[-72.58968783099994,1.124901831000045],[-72.60816685899994,1.133017145000053],[-72.61923319699991,1.134106213000052],[-72.63518277599991,1.149107248000064],[-72.63665828699993,1.159365568000055],[-72.65144853499993,1.171661498000049],[-72.65777215599991,1.151777224000057],[-72.66441195899995,1.152725767000049],[-72.67077071199992,1.163827234000053],[-72.69367627299994,1.163616447000038],[-72.6942032419999,1.177071708000085],[-72.69919187699992,1.182200868000052],[-72.71897075999993,1.18785699600005],[-72.7262780559999,1.185784253000065],[-72.72673476199992,1.16811324300005],[-72.7339717939999,1.153287864000049],[-72.74250868399992,1.146683194000047],[-72.74194658399995,1.133614377000072],[-72.75079965399993,1.128801398000064],[-72.76446570299993,1.132595569000046],[-72.77802635799992,1.147877655000059],[-72.7774993889999,1.164564990000088],[-72.76920841899994,1.177106839000089],[-72.77658597699991,1.18142798100007],[-72.78431484799995,1.175315146000059],[-72.79762958399994,1.176088033000042],[-72.80518279799992,1.182657572000039],[-72.82264301999993,1.178652613000054],[-72.81624913599995,1.168078112000046],[-72.82274841399993,1.161086997000041],[-72.83592262499991,1.155782182000053],[-72.84424872699992,1.161227523000093],[-72.85085339799991,1.158171107000044],[-72.8494481489999,1.145277944000043],[-72.85580690199993,1.142713367000056],[-72.87045662499992,1.145594126000049],[-72.87186187399993,1.134387263000065],[-72.86736507599994,1.120475295000062],[-72.84899144299993,1.107933446000061],[-72.85928489299994,1.102277319000052],[-72.86378168999994,1.108214497000063],[-72.87526960299994,1.100766675000045],[-72.87618301499992,1.090754275000052],[-72.86999991899995,1.087662728000055],[-72.87214292399995,1.076807177000092],[-72.86083066799995,1.071923937000065],[-72.86149816099993,1.057309343000043],[-72.85728241299995,1.043678425000053],[-72.8745318469999,1.03640626400005],[-72.86711915799992,1.025585843000044],[-72.87526960299994,1.021299834000047],[-72.8848252969999,1.024075199000038],[-72.90941715899993,1.008687722000047],[-72.92793131699995,1.016100412000071],[-72.9329902149999,1.008512064000058],[-72.92891499199993,1.001872262000063],[-72.94030815399992,0.979990039000086],[-72.95265399699991,0.978927489000057],[-72.95586695199995,0.968959737000091],[-72.98270903899993,0.955247756000063],[-72.99138654699993,0.949176030000046],[-72.98711103999995,0.932377589000055],[-73.00694534399992,0.931947509000054],[-73.00595868899995,0.919551072000047],[-73.01311826499995,0.91150603400007],[-73.02488223299991,0.921423184000048],[-73.04560199799994,0.906193272000053],[-73.05223029799993,0.911683126000071],[-73.0786423049999,0.894884683000043],[-73.08734511199992,0.910494078000056],[-73.10287860999995,0.912340896000046],[-73.11024057799995,0.918286127000044],[-73.12238402899993,0.921954460000052],[-73.1300495829999,0.914643093000052],[-73.13943545899991,0.917780150000056],[-73.14851774699991,0.940878006000048],[-73.1643801319999,0.945280007000065],[-73.16263451099991,0.949859101000072],[-73.17551162899991,0.960864103000063],[-73.18244351599992,0.971186036000063],[-73.17164863799991,0.991803054000059],[-73.18517709199995,0.999342675000094],[-73.19897031599993,0.998661841000057],[-73.20430352799991,1.004865009000071],[-73.2166846479999,0.997035400000073],[-73.22501857899994,1.005936695000059],[-73.23507981599994,1.008874374000072],[-73.24796554599993,1.022362193000049],[-73.2389550019999,1.031928596000057],[-73.24768210099995,1.039537564000057],[-73.2647359959999,1.048216357000058],[-73.27732901799993,1.046562935000054],[-73.2807775899999,1.05984432200006],[-73.3021168919999,1.070196783000085],[-73.3012868049999,1.075305528000058],[-73.32261294699993,1.080724079000049],[-73.32549839799992,1.090294756000048],[-73.33456857099992,1.094126421000055],[-73.33398029999995,1.110281703000055],[-73.35787697799992,1.128466587000048],[-73.37320452599994,1.131162791000065],[-73.37463452799994,1.141494396000041],[-73.39271141599994,1.147070903000042],[-73.39182209299992,1.154829626000094],[-73.3962768209999,1.170224099000052],[-73.41177427699995,1.174860927000054],[-73.41650436599991,1.183567450000055],[-73.41822161199991,1.198175289000062],[-73.4149286039999,1.211811985000054],[-73.4224599719999,1.218299823000052],[-73.41386390299994,1.23184771800004],[-73.4140486849999,1.24558642900007],[-73.42723953899991,1.263560181000059],[-73.4225380709999,1.279953680000062],[-73.42823154799993,1.295765017000065],[-73.4469853889999,1.290831829000069],[-73.4541410089999,1.298447583000041],[-73.45974764699992,1.31176169400004],[-73.45732574399995,1.323085156000047],[-73.47009816999991,1.341034117000049],[-73.47001824699993,1.35183175800006],[-73.47664297199992,1.361683858000049],[-73.50331465199991,1.370167036000055],[-73.50782194999994,1.386512215000039],[-73.53511581399994,1.389910731000043],[-73.53795394199994,1.399441110000055],[-73.54812353599993,1.407217016000061],[-73.54545215299993,1.416427103000046],[-73.54659153999995,1.436479825000049],[-73.55497821099993,1.447995160000062],[-73.57871148399994,1.469780114000059],[-73.58547626699993,1.487915283000063],[-73.5933886819999,1.489931904000059],[-73.6112446379999,1.510920672000054],[-73.6136274189999,1.523725132000038],[-73.62674459099992,1.539132714000061],[-73.63797521299995,1.545637098000043],[-73.64920267199994,1.568146453000054],[-73.6583457879999,1.576350894000086],[-73.6598339549999,1.590455631000054],[-73.66370938599994,1.596458299000062],[-73.65804132199992,1.607360567000057],[-73.65666833299991,1.61773194400007]]]},"properties":{"DPTO_CCDGO":"18","DPTO_CNMBR":"CAQUETÁ","DPTO_ANO_C":1981,"DPTO_ACT_A":"Ley 78 del 29 de Diciembre de 1981","DPTO_NAREA":92831.283577,"DPTO_CSMBL":"3","DPTO_VGNC":2021,"Shape_Leng":21.2187413808,"Shape_Area":7.54024106511}},
{"type":"Feature","geometry":{"type":"Polygon","coordinates":[[[-76.05541877699994,3.223351860000093],[-76.06137858099993,3.21337728900005],[-76.06780702499992,3.21051396900009],[-76.08794418499991,3.21940724600006],[-76.11251159299991,3.226662107000038],[-76.11685987999994,3.222676583000066],[-76.13729407099993,3.225097302000052],[-76.14600698599992,3.222667952000052],[-76.15636074799994,3.236033435000081],[-76.16773652299992,3.23183031700006],[-76.19165017599994,3.227347759000054],[-76.20269108999992,3.242582193000089],[-76.2065337059999,3.258303996000052],[-76.2292590589999,3.276831383000058],[-76.23814617799991,3.275513864000061],[-76.25115540199994,3.279270405000091],[-76.27687065799995,3.277673248000042],[-76.2925085999999,3.286723371000051],[-76.30773051099993,3.284488733000046],[-76.31197469099993,3.280529782000087],[-76.3300026899999,3.282649737000042],[-76.34294852499994,3.280576742000051],[-76.35950808199993,3.289411052000048],[-76.37306611399993,3.288067561000048],[-76.40630466899995,3.298768925000047],[-76.42137178599995,3.312360153000043],[-76.44798353099992,3.317235530000062],[-76.45624132499995,3.32581291300005],[-76.47590604699991,3.314086634000091],[-76.47331337199995,3.304255254000054],[-76.48359397099995,3.295655373000045],[-76.49387693699992,3.293437708000056],[-76.48385854199995,3.278480167000055],[-76.47330601099992,3.279812689000039],[-76.47105371799995,3.270082888000047],[-76.46072576599994,3.26583161700006],[-76.46527415299994,3.241162314000064],[-76.47701689899992,3.231792235000057],[-76.46985931299992,3.227194155000063],[-76.49267619999995,3.206456390000085],[-76.49081428599993,3.195901937000087],[-76.49247435899991,3.17613704200005],[-76.50192469699994,3.166581457000063],[-76.50196614899994,3.160485080000058],[-76.51001713399995,3.150287823000042],[-76.51840059799991,3.149990114000047],[-76.53004889699992,3.123859192000054],[-76.54612513699993,3.105901202000041],[-76.5630405309999,3.106924891000062],[-76.56411239999994,3.116393620000053],[-76.57745441999992,3.126545121000049],[-76.5780058869999,3.11804548300006],[-76.5910207789999,3.115658951000057],[-76.58751960899991,3.107683789000077],[-76.59935689499991,3.103687515000047],[-76.59297666299994,3.093563642000049],[-76.61012673899995,3.091238525000051],[-76.6240401149999,3.101757899000063],[-76.62610958399995,3.124024271000053],[-76.62979485699992,3.128414722000059],[-76.64179780199993,3.117816446000063],[-76.64649165899993,3.105986599000062],[-76.65187752999992,3.101515017000054],[-76.66632584399991,3.097978831000091],[-76.67684594699995,3.099576667000065],[-76.68405477399995,3.108163155000057],[-76.69968259199993,3.120198153000047],[-76.72273843399995,3.117650770000068],[-76.7441825599999,3.135646199000064],[-76.74979676599992,3.146217752000041],[-76.74797475499992,3.156320688000051],[-76.74018634499993,3.170823929000051],[-76.73920540299991,3.186136885000053],[-76.7514605479999,3.198756378000041],[-76.7528555369999,3.20993074200004],[-76.77291308199995,3.23370568100006],[-76.78248268899995,3.230192859000056],[-76.78845813299995,3.21819675800009],[-76.81106383299993,3.207432922000066],[-76.81782576099994,3.210457222000059],[-76.84342085499992,3.210313978000045],[-76.8508129299999,3.207330732000059],[-76.85925662699992,3.212357295000061],[-76.87994962099992,3.209639799000058],[-76.89175820199995,3.20224250800004],[-76.90903763599994,3.200521121000065],[-76.91331813399995,3.176698984000041],[-76.91316640999992,3.157646827000065],[-76.9274080639999,3.139628587000061],[-76.92511235699993,3.130505950000043],[-76.93789679699995,3.114356762000057],[-76.97195478499992,3.118848490000062],[-76.9802127129999,3.136232932000041],[-76.98829044899992,3.139091318000055],[-76.99064414399993,3.148098650000065],[-76.99756969999993,3.155124613000055],[-77.01138594199995,3.153241997000066],[-77.03032669599992,3.166968832000066],[-77.03686781399995,3.163958610000066],[-77.0536758049999,3.169874762000063],[-77.06390453599994,3.169211415000063],[-77.07952601999995,3.179984823000041],[-77.1004442439999,3.185553675000051],[-77.11744596999995,3.168869766000057],[-77.12871090899995,3.161493642000039],[-77.1423869379999,3.172122625000043],[-77.15804293399992,3.169687678000059],[-77.17818911099994,3.156937375000041],[-77.19218982899991,3.141409641000052],[-77.20353125499992,3.133739606000063],[-77.21734889999993,3.135586896000063],[-77.21959615199995,3.119537309000066],[-77.23450103899995,3.108079959000065],[-77.2531167969999,3.120662793000065],[-77.2615872099999,3.135143346000064],[-77.27015127999994,3.139825568000049],[-77.2842996739999,3.137483939000049],[-77.28656896199993,3.148561432000065],[-77.27795927199992,3.14949572200004],[-77.27986551399994,3.15937382900006],[-77.28894880199994,3.156429231000061],[-77.30099502099995,3.162457663000055],[-77.31611196999995,3.173864256000059],[-77.31999231399993,3.165621386000055],[-77.33468222199991,3.150924400000065],[-77.34090854699991,3.149661881000043],[-77.34733587199992,3.140084720000061],[-77.36722140599994,3.149824202000048],[-77.3644505879999,3.163431904000049],[-77.36885376099991,3.169614497000055],[-77.38276290999994,3.175608447000059],[-77.38266813699994,3.204297102000055],[-77.39280623099995,3.213978920000045],[-77.40384982499995,3.213701094000044],[-77.40655863099994,3.223824390000061],[-77.41373002199992,3.230596404000039],[-77.41770598999994,3.244369167000059],[-77.43032028999994,3.254073178000056],[-77.45247893499993,3.242179475000057],[-77.45524853599994,3.233451710000054],[-77.46973308999992,3.223110610000049],[-77.46647994599994,3.216453650000062],[-77.48077172299992,3.20901880200006],[-77.49000734999993,3.216344741000057],[-77.49771077499992,3.216449253000064],[-77.50207059299993,3.210491065000042],[-77.49490471399992,3.201222803000064],[-77.49724398799992,3.190770095000062],[-77.50494286599991,3.187216766000063],[-77.51695570699991,3.191890688000058],[-77.54350388199992,3.212958963000062],[-77.55256486899992,3.198701233000065],[-77.55539642799994,3.182244883000067],[-77.56280151599992,3.162740149000058],[-77.57320193399994,3.144435246000057],[-77.58061395499993,3.138722160000043],[-77.6205555869999,3.085555485000043],[-77.62653517199993,3.079492619000064],[-77.65326841599995,3.064968389000057],[-77.65684950499991,3.053442281000059],[-77.66629612299994,3.046017796000058],[-77.69080315199994,3.00075468700004],[-77.68941519899994,2.986362536000058],[-77.66665200299991,2.984248612000044],[-77.67094930899992,2.96534379700006],[-77.66706840799992,2.960047115000066],[-77.6718320889999,2.936349931000052],[-77.6792026409999,2.93414860200005],[-77.69231109099991,2.913544849000061],[-77.69061215599993,2.905633141000067],[-77.69849055199995,2.89793796500004],[-77.69448388599994,2.886837823000064],[-77.70239366099992,2.862616586000058],[-77.70686493199992,2.862823864000063],[-77.70973720599994,2.846152830000051],[-77.72093018999993,2.824892083000066],[-77.73718666799994,2.822996977000059],[-77.75915808099995,2.803312194000057],[-77.76413274099991,2.796264758000063],[-77.7359392159999,2.786733566000066],[-77.75625421099994,2.760629553000058],[-77.76441867299991,2.76494897300006],[-77.77930933999994,2.757403699000065],[-77.78880338899995,2.761176336000062],[-77.79752815899991,2.747296877000053],[-77.80044594299994,2.730830561000062],[-77.79038371999991,2.729961029000037],[-77.79537697699993,2.708411339000065],[-77.78807882399991,2.691102037000064],[-77.80907913699991,2.685002257000065],[-77.83418233599991,2.703360950000047],[-77.8425063169999,2.703892021000058],[-77.84564969299993,2.691514552000058],[-77.85571782499994,2.691960704000053],[-77.86148153099992,2.69781604800005],[-77.8731142609999,2.697540824000043],[-77.88765555899994,2.685939765000057],[-77.8989666359999,2.685275951000051],[-77.90710792199991,2.68105599200004],[-77.91412581499992,2.662794227000063],[-77.90642902499991,2.645772208000039],[-77.91576522999992,2.640156687000058],[-77.9283381539999,2.640404028000091],[-77.92357732799991,2.618438491000063],[-77.91704731199991,2.605481919000056],[-77.9155153879999,2.593678846000046],[-77.91466150299993,2.543779948000065],[-77.91924999899993,2.523085477000052],[-77.92564231199992,2.510354446000065],[-77.92520131099991,2.482009840000046],[-77.9206881209999,2.460743510000043],[-77.91772820799991,2.456034290000048],[-77.91907766599991,2.436569594000048],[-77.91754130499993,2.411506798000062],[-77.9123341479999,2.403397218000066],[-77.90269732699994,2.396675243000061],[-77.895321,2.375236293000057],[-77.89407178499994,2.365599481000061],[-77.88324523499995,2.352714703000061],[-77.8803422929999,2.33466648700005],[-77.88349508399995,2.319461730000057],[-77.87915256499991,2.313037184000052],[-77.87153829199991,2.290581029000066],[-77.86624398999993,2.28356160900006],[-77.86077122799992,2.268231942000057],[-77.84792213999992,2.260593862000064],[-77.85030159699994,2.241022796000038],[-77.84732727499994,2.231659621000063],[-77.85297849599993,2.214569145000041],[-77.8532164419999,2.205408218000059],[-77.84875494999994,2.191190941000059],[-77.83566791599992,2.176604843000064],[-77.82145063899992,2.178270462000057],[-77.80113003799994,2.170120811000061],[-77.79845314799991,2.163874727000064],[-77.78346253799992,2.153286123000044],[-77.7806428799999,2.148378492000063],[-77.75113756099995,2.140883181000049],[-77.74399917999995,2.135053502000062],[-77.73376750299991,2.134042233000059],[-77.69848009799995,2.153613297000049],[-77.67927784499994,2.15801530400006],[-77.66268110199991,2.158610165000084],[-77.6456203699999,2.168544420000046],[-77.60362508299994,2.164709610000045],[-77.59476976899992,2.172806665000053],[-77.57416370099992,2.180668083000057],[-77.56390682699993,2.195366707000062],[-77.5543244079999,2.202409461000059],[-77.54439064899992,2.196460699000056],[-77.52952500499993,2.195694949000085],[-77.51939817099992,2.199773698000058],[-77.50167677299993,2.193442683000058],[-77.48794162199994,2.19525260000006],[-77.48472630899994,2.201971594000042],[-77.48773623099993,2.216080642000065],[-77.47227354799992,2.241319503000057],[-77.4736047529999,2.262438058000043],[-77.48005124299993,2.266266282000061],[-77.47749412499991,2.274941028000057],[-77.46817416699992,2.274982734000048],[-77.45943429599993,2.286177710000061],[-77.44291261599994,2.285242960000062],[-77.40898822499992,2.271151384000063],[-77.40181752199993,2.263764762000051],[-77.3866819509999,2.256294105000052],[-77.37287256199994,2.263177003000067],[-77.35983677799993,2.262531727000066],[-77.35201603599995,2.256946971000048],[-77.34760454499991,2.245845303000067],[-77.3230770209999,2.221996531000059],[-77.31656566799995,2.200573687000087],[-77.31060548799991,2.201345157000048],[-77.31726320399991,2.17748365500006],[-77.30734166399992,2.153230673000053],[-77.3115995039999,2.130053783000051],[-77.3079425809999,2.123717785000053],[-77.3076231899999,2.108160490000046],[-77.3196325269999,2.072171395000055],[-77.33428393699995,2.059797709000065],[-77.3324965999999,2.049842237000064],[-77.31706225199991,2.04352214000005],[-77.30593117199993,2.035853551000059],[-77.30301900899991,2.027033706000054],[-77.27950085099991,2.02076061300005],[-77.2734021409999,2.006345228000043],[-77.25886923799993,1.993897668000045],[-77.2274336779999,1.99077109600006],[-77.22056992599994,1.988187509000056],[-77.20942671099994,1.970898541000054],[-77.21063317799991,1.966300834000037],[-77.20333704599994,1.952118188000043],[-77.21050274299995,1.935731497000063],[-77.21984624599992,1.934000676000039],[-77.21580263299995,1.924340159000053],[-77.24069975999993,1.915924429000086],[-77.24549119799991,1.911329831000046],[-77.24366370999991,1.887276596000049],[-77.2563776049999,1.869252669000048],[-77.28059693999995,1.860420681000051],[-77.2820760589999,1.84994613300006],[-77.28734892799991,1.846757143000048],[-77.29481408999993,1.832040684000049],[-77.29576021499992,1.817951898000047],[-77.3011839589999,1.815909838000039],[-77.3091922719999,1.800813522000055],[-77.30803645099991,1.789091391000056],[-77.30146330199995,1.781552250000061],[-77.29478270499993,1.765727567000056],[-77.2981549079999,1.753473168000085],[-77.30507309099994,1.74129311300004],[-77.30810321999991,1.727630004000048],[-77.31641233499994,1.715796706000049],[-77.32929342999995,1.686400134000053],[-77.32750926699993,1.679999699000064],[-77.31354550599991,1.678470072000039],[-77.27483935499993,1.662269277000064],[-77.25631129099992,1.670843199000046],[-77.24531887899991,1.658126525000057],[-77.23964188499991,1.657498892000092],[-77.21573405499993,1.667861491000053],[-77.18647782099993,1.677501914000061],[-77.16210517899992,1.675841203000061],[-77.14927168299994,1.683909735000043],[-77.14228643399991,1.673283408000088],[-77.14398033499992,1.664824825000039],[-77.13965250899992,1.657150080000065],[-77.11033450299993,1.661403980000046],[-77.09511664299993,1.661296501000038],[-77.08700246199993,1.66627357100009],[-77.0723341819999,1.668956713000057],[-77.0547054239999,1.700605757000062],[-77.0456236579999,1.697796681000057],[-77.03948051399993,1.707140827000046],[-77.0157646479999,1.714748053000051],[-77.0013801099999,1.707107458000053],[-76.98761858299991,1.714786457000059],[-76.96872323299993,1.712287769000056],[-76.96003692099993,1.722257133000085],[-76.93608470399994,1.729002057000059],[-76.92572283999993,1.718471725000086],[-76.92375827099994,1.705818685000054],[-76.91711033399991,1.702298600000063],[-76.90902532899992,1.675288369000043],[-76.90033173599994,1.661673190000045],[-76.89509731599992,1.66361512900005],[-76.87744872899992,1.646026690000042],[-76.8610863859999,1.636540406000051],[-76.85451312899994,1.637677128000064],[-76.83413200199993,1.614462424000067],[-76.83389955299992,1.607489946000044],[-76.83988300499993,1.597546277000049],[-76.84098749299994,1.586683201000085],[-76.85205034199993,1.569370295000056],[-76.85710594499994,1.565514772000085],[-76.85654507399994,1.543177729000092],[-76.85140715599994,1.534526142000061],[-76.85860744599995,1.522467856000048],[-76.87326401599995,1.520232584000041],[-76.88763908599992,1.523021783000047],[-76.90691313299993,1.509943991000057],[-76.91274688399994,1.500515362000044],[-76.9268578249999,1.500056621000056],[-76.92863889199992,1.483167864000052],[-76.92209535599994,1.451692850000086],[-76.9237153819999,1.442159071000049],[-76.91826613299992,1.429801087000044],[-76.92368224599994,1.410096813000052],[-76.93186151399993,1.399545123000053],[-76.93180291699991,1.385798519000048],[-76.92622239399992,1.376143249000052],[-76.92702540599993,1.366332843000066],[-76.9205821889999,1.345595373000094],[-76.91410610299994,1.342095186000051],[-76.88519431899994,1.372551165000061],[-76.87844722199992,1.37105656500006],[-76.8614954489999,1.375086581000062],[-76.85026697599994,1.384800229000064],[-76.82569594199992,1.39299965400005],[-76.8178051349999,1.399928447000093],[-76.8067305159999,1.401279848000058],[-76.80046596999995,1.408288810000045],[-76.79011286199994,1.41238882600004],[-76.7794161779999,1.410041051000064],[-76.76629155199993,1.417622642000083],[-76.7510482049999,1.420119297000042],[-76.74102721999992,1.429602012000089],[-76.72816600399995,1.431480229000044],[-76.71856876499993,1.439027464000048],[-76.6975647829999,1.443940607000059],[-76.69010916799994,1.455015226000057],[-76.67661806399991,1.466181464000044],[-76.66458142899995,1.465574480000043],[-76.64282157999992,1.450560182000061],[-76.63316707899992,1.430380786000057],[-76.6251273869999,1.423016794000091],[-76.61475137399992,1.423303107000038],[-76.60126026599994,1.413408102000062],[-76.60177563199994,1.40473852100007],[-76.59134235399995,1.397191286000066],[-76.59212112999995,1.392507193000085],[-76.57604741999995,1.387786317000064],[-76.5795729269999,1.374094791000061],[-76.5768201329999,1.366391797000063],[-76.5773755219999,1.348715965000054],[-76.58401603399994,1.346108055000059],[-76.58233308799993,1.337322886000038],[-76.57199670499995,1.330698467000047],[-76.57525181099993,1.319005790000062],[-76.58578806299994,1.305143053000052],[-76.5850456679999,1.29823310200004],[-76.57376702199991,1.282714257000066],[-76.56954110399994,1.250403076000055],[-76.56248692399993,1.234047317000091],[-76.54287231399991,1.221907650000048],[-76.53740639299991,1.210339649000048],[-76.53999702899995,1.204917906000048],[-76.54370972399994,1.160189231000061],[-76.54958659099992,1.151093114000048],[-76.55091065099992,1.141210242000056],[-76.54703129599994,1.131930242000067],[-76.55368882499994,1.11253490200005],[-76.5679596949999,1.102561843000046],[-76.56183315699991,1.096467002000054],[-76.5625429719999,1.072406323000052],[-76.55575085499993,1.069557841000062],[-76.55476244199991,1.059133966000047],[-76.5478097969999,1.049100706000047],[-76.54448051199995,1.037273953000067],[-76.52998620699992,1.034949127000061],[-76.52330183999993,1.030597861000047],[-76.49483988199995,1.028825526000048],[-76.48768394199993,1.018934591000061],[-76.4834264779999,1.004642183000044],[-76.46721984599992,0.999086460000058],[-76.44528591099993,0.980584770000064],[-76.44527935399992,0.969585005000056],[-76.43611628999992,0.968386941000063],[-76.42222433599994,0.960542353000051],[-76.40957905599993,0.966184651000049],[-76.40097717799995,0.980219815000055],[-76.38798643099994,0.975239455000064],[-76.37857292599995,0.977551689000052],[-76.37226014499993,0.983706960000063],[-76.34916218199993,0.980143382000051],[-76.3442831879999,0.97553580400006],[-76.33531898199993,0.98070791300006],[-76.3281777979999,0.968383685000049],[-76.33057589499992,0.958507548000057],[-76.31217691899991,0.965776943000094],[-76.2979889369999,0.960577522000051],[-76.28352025499993,0.970539519000056],[-76.27991072299994,0.981276510000043],[-76.27154595099995,0.979517043000044],[-76.26668760099994,0.969420653000043],[-76.25639080699995,0.974193237000065],[-76.25273169399992,0.980519539000056],[-76.23911287099992,0.964356473000066],[-76.23365917299992,0.965303092000056],[-76.23816931499994,0.980241637000063],[-76.21290151599993,0.979014604000042],[-76.20231849099991,0.981329670000093],[-76.19121861899993,0.992841867000038],[-76.18929292299993,1.003037296000059],[-76.20863211999995,1.005939812000065],[-76.20470969199994,1.01709640200005],[-76.1937493229999,1.010275546000059],[-76.1835948399999,1.012837145000049],[-76.1837014059999,1.026127638000048],[-76.16614869099993,1.029611688000045],[-76.15275206399991,1.019461277000062],[-76.1451341579999,1.017979625000066],[-76.13171347999992,1.007967071000053],[-76.12530236299995,1.006601483000054],[-76.1120281819999,1.013167807000059],[-76.10477497099993,1.024731648000056],[-76.09189789399994,1.018942063000054],[-76.08044257599994,1.021186754000041],[-76.07515173899992,1.034323868000058],[-76.08137766899995,1.04527826900005],[-76.09232916199994,1.049087268000051],[-76.08495151599993,1.057551880000062],[-76.08039606799991,1.062811861000057],[-76.09153250299994,1.071086755000067],[-76.10218124099993,1.069941391000043],[-76.1029545419999,1.078729925000061],[-76.11400026599995,1.085626258000048],[-76.12407747999993,1.087605416000088],[-76.1235711459999,1.100759037000046],[-76.12892339799993,1.102552894000041],[-76.14603472099992,1.10018315800005],[-76.15215249799991,1.109198792000086],[-76.1727362819999,1.110760325000058],[-76.1802134799999,1.105086386000039],[-76.19502119099991,1.107375709000053],[-76.20346287599995,1.115728146000038],[-76.21905641699993,1.113621353000042],[-76.23228212399994,1.121263397000064],[-76.24873161699992,1.11879781600004],[-76.27421287399994,1.132220816000086],[-76.2804594779999,1.137911214000042],[-76.28709787199995,1.157820422000043],[-76.28525338199995,1.170026964000044],[-76.29430494199994,1.179111885000054],[-76.3000352329999,1.191963242000043],[-76.29071842799993,1.199966987000039],[-76.28996816799992,1.210035666000067],[-76.2994417889999,1.221568650000052],[-76.30327252699993,1.23602881100004],[-76.27586527699992,1.264899383000056],[-76.2685073959999,1.266636872000049],[-76.25361211099994,1.280586983000092],[-76.24463454699992,1.292516902000045],[-76.24543468299993,1.299114622000047],[-76.23149481899992,1.308942237000053],[-76.22451281799994,1.319683943000086],[-76.21407943799994,1.320724622000057],[-76.2230062239999,1.337885638000046],[-76.20394595499994,1.353197212000055],[-76.19966194699992,1.373811998000065],[-76.20041939399994,1.420796633000066],[-76.19273126099995,1.421145385000045],[-76.18333956799995,1.442751263000048],[-76.17583129899992,1.451055049000047],[-76.18606031699994,1.464021743000046],[-76.18167716799991,1.480499561000045],[-76.1835876159999,1.488656392000053],[-76.16044903199992,1.524817552000059],[-76.1494115779999,1.535914980000086],[-76.14938745899991,1.549397838000061],[-76.15477606899992,1.551449972000057],[-76.15297275799992,1.564207259000057],[-76.16098257399995,1.582878655000059],[-76.16974681499994,1.58798157800004],[-76.18340867899991,1.573711711000044],[-76.19146077399995,1.571922358000052],[-76.20239677799992,1.578651473000093],[-76.20066690699991,1.592024042000048],[-76.2097683479999,1.600283152000088],[-76.2085702899999,1.625842133000049],[-76.2149933469999,1.635562231000051],[-76.21155502599993,1.640718521000053],[-76.22516554099991,1.655042876000039],[-76.22792413099995,1.661941727000055],[-76.24532543799995,1.682468892000088],[-76.25322524899991,1.674045601000046],[-76.26441612499991,1.67713501500009],[-76.28147223099995,1.676590391000047],[-76.28719462799995,1.685358334000057],[-76.30162821999994,1.690160327000058],[-76.31722614699993,1.683715306000067],[-76.32492299899991,1.663521920000051],[-76.34135553399994,1.664721998000061],[-76.3468388359999,1.662026901000047],[-76.36346566999993,1.669940603000043],[-76.37485903699991,1.66356961200006],[-76.38137566599994,1.667188597000063],[-76.37606957699995,1.685392581000087],[-76.37740424399993,1.700656579000054],[-76.36977801899991,1.732529335000038],[-76.37190640599994,1.742521897000074],[-76.3826263169999,1.746755556000039],[-76.4077913399999,1.729784754000093],[-76.41437474799994,1.717281939000088],[-76.42667672699991,1.726971570000046],[-76.43050976599994,1.741010566000057],[-76.42362408499991,1.746647758000051],[-76.4209403829999,1.756148284000062],[-76.43428234299995,1.79068718700006],[-76.44907078199992,1.797553733000086],[-76.45342519199994,1.803764131000094],[-76.46734135699995,1.813970288000064],[-76.4887794149999,1.825807120000093],[-76.49828550099994,1.825688942000056],[-76.51356606999991,1.833531184000094],[-76.52445210399992,1.825036509000086],[-76.53333939399994,1.829069693000065],[-76.54423942799991,1.839151174000051],[-76.55607385099995,1.838419074000058],[-76.56868163099995,1.84973283000005],[-76.56927389999993,1.855801830000075],[-76.58853903199991,1.86616018300009],[-76.59208866699993,1.880781041000091],[-76.5839850019999,1.886689951000051],[-76.58309571199993,1.900418354000067],[-76.5950382339999,1.919972466000047],[-76.61928494199992,1.926539779000052],[-76.61046455399992,1.946727195000051],[-76.62201820999991,1.95866753100006],[-76.62425897199995,1.973847707000061],[-76.6204638989999,1.976260383000067],[-76.61067955599992,1.995010536000052],[-76.6000329119999,1.997392215000048],[-76.59288118699993,2.00538498800006],[-76.58738471799995,2.00041058000005],[-76.57274142999995,2.018938396000067],[-76.5734457499999,2.02936995500005],[-76.58606254099993,2.034644092000065],[-76.58369291899993,2.047402796000085],[-76.57734568299992,2.055708208000055],[-76.58393702699993,2.082371864000038],[-76.59009465399993,2.094922281000038],[-76.58984643799994,2.108376547000091],[-76.57492762499993,2.118683944000054],[-76.56983015799995,2.127146038000092],[-76.55338511499991,2.139691803000062],[-76.54180977899995,2.134004358000084],[-76.51340118899992,2.135306933000038],[-76.5041926749999,2.126669489000051],[-76.48741747499992,2.129060849000041],[-76.4806003189999,2.110857973000066],[-76.4727124019999,2.10282729000005],[-76.46378942699994,2.101578073000042],[-76.45433106899992,2.112428416000057],[-76.44265981399991,2.119174189000091],[-76.43320145599995,2.11960249200007],[-76.42474247199993,2.128882390000058],[-76.43088057199992,2.141217311000048],[-76.43745834899994,2.161111648000087],[-76.43224732899995,2.170712773000048],[-76.43674450899994,2.177922540000054],[-76.43367262699991,2.188106635000054],[-76.4180443269999,2.191999431000056],[-76.4031791669999,2.203564089000054],[-76.3974446659999,2.231058759000064],[-76.38919983399995,2.242123253000045],[-76.39124141199994,2.246067607000043],[-76.3850928839999,2.268510683000045],[-76.37376724899991,2.27908939200006],[-76.36346505599994,2.277345728000057],[-76.36047591899995,2.270703197000046],[-76.34378656099994,2.272114737000038],[-76.3232786069999,2.281116189000045],[-76.30290200999991,2.283674688000076],[-76.28883028099995,2.274263078000047],[-76.27516392399991,2.270230702000049],[-76.24956305299992,2.243481594000059],[-76.23878838999991,2.227921569000046],[-76.22460642899995,2.217990085000054],[-76.21950513599995,2.207617632000051],[-76.20824950999992,2.197995778000063],[-76.19738754499991,2.195640260000062],[-76.1788439369999,2.197941185000047],[-76.1589955259999,2.198026365000089],[-76.14895776899994,2.200744300000053],[-76.1395802909999,2.209921344000065],[-76.1360230709999,2.221082219000039],[-76.12113532899991,2.224808972000062],[-76.14645181199995,2.294019098000092],[-76.1261449989999,2.38001289500005],[-76.12021528999992,2.390532615000041],[-76.10889907899991,2.396209051000085],[-76.0892478689999,2.41591801900006],[-76.08012420099993,2.415356277000058],[-76.0460814299999,2.404517145000057],[-76.03314419999992,2.402229714000043],[-76.02129515699994,2.433617663000064],[-76.01980526999995,2.447356208000087],[-76.00954902099994,2.456449122000038],[-75.99466036099994,2.477025776000062],[-75.98966252399993,2.480527344000052],[-75.97936384699995,2.503611024000065],[-75.96089440999992,2.496622578000085],[-75.95805516399992,2.490250916000093],[-75.94243430599994,2.488012240000046],[-75.9317640989999,2.478386754000041],[-75.92463130199991,2.481415445000039],[-75.91745474999993,2.474082722000048],[-75.91777846699995,2.457422178000058],[-75.90971499099993,2.445830565000051],[-75.88926788099991,2.434565913000085],[-75.88783135799991,2.430284524000058],[-75.8728002389999,2.43172852400005],[-75.86380432099992,2.42616460000005],[-75.85673619499994,2.432798451000053],[-75.85987340799994,2.441927665000094],[-75.84539101199994,2.45270927100006],[-75.84310115099993,2.46634277000004],[-75.82956102799994,2.473710016000041],[-75.82307074099992,2.483332449000045],[-75.8221386969999,2.504176035000057],[-75.81929733099992,2.51943540700006],[-75.82468755799994,2.52881803300005],[-75.8375083009999,2.540845275000038],[-75.83361361499993,2.551201634000051],[-75.8398743599999,2.558318544000088],[-75.83579526999995,2.570443057000091],[-75.82685854399995,2.575619373000052],[-75.82378633999991,2.591608146000056],[-75.80996384899993,2.600194198000054],[-75.8002439309999,2.62342966600005],[-75.78920463399993,2.635837008000067],[-75.79153684499994,2.64050306300004],[-75.7886371049999,2.658493355000076],[-75.78274195599994,2.657807688000048],[-75.7744030479999,2.667612654000038],[-75.77213376899994,2.67645563800005],[-75.75807901399992,2.680641214000048],[-75.7572537769999,2.695290038000053],[-75.74782424299991,2.719511373000046],[-75.75407081999992,2.736726794000049],[-75.75104615499993,2.741719740000065],[-75.76393394799993,2.752394972000047],[-75.7770809239999,2.754356820000055],[-75.7801845219999,2.761819628000069],[-75.7912988519999,2.761699745000044],[-75.80591797799991,2.768567722000057],[-75.81175272399992,2.782265146000043],[-75.80583266699995,2.807124634000047],[-75.80667998799993,2.821047977000092],[-75.81351335599993,2.821545856000057],[-75.8224137979999,2.835669414000051],[-75.84560256799995,2.842984695000041],[-75.85451367099995,2.841887815000064],[-75.86585350399992,2.835254217000056],[-75.87894159899992,2.833660346000045],[-75.89585019399993,2.855645026000047],[-76.0289934729999,2.940490261000093],[-76.0255537569999,2.958666537000056],[-76.02917093099995,2.971919958000058],[-76.0263257599999,2.987599987000067],[-76.0202205089999,2.995644868000056],[-76.02158832799995,3.004889340000091],[-76.0345178959999,3.009886366000046],[-76.04130435799993,3.015879171000051],[-76.03911138099994,3.023823311000058],[-76.04633230299993,3.04386041500004],[-76.05320755999992,3.042744262000042],[-76.07298183499995,3.049592588000053],[-76.0703186529999,3.067187622000063],[-76.08360427999992,3.091277074000061],[-76.09238559399995,3.096921771000041],[-76.10297726999994,3.096118037000053],[-76.10574139899995,3.106781589000093],[-76.09636210299993,3.112104579000061],[-76.0848137829999,3.113060248000068],[-76.07382895399991,3.122150401000056],[-76.07649437099991,3.132315781000045],[-76.07265088299994,3.139632755000093],[-76.07795233899992,3.150824624000052],[-76.08595426599993,3.155511810000064],[-76.0780024959999,3.16508517200009],[-76.08303159999991,3.172487273000058],[-76.09138760499991,3.175423595000041],[-76.0910368669999,3.199206049000054],[-76.0839890339999,3.203682899000057],[-76.07056592799995,3.196576418000063],[-76.06046555599994,3.202684059000092],[-76.05238858099995,3.219032090000042],[-76.05541877699994,3.223351860000093]]]},"properties":{"DPTO_CCDGO":"19","DPTO_CNMBR":"CAUCA","DPTO_ANO_C":1857,"DPTO_ACT_A":"15 de junio de 1857","DPTO_NAREA":31242.802533,"DPTO_CSMBL":"3","DPTO_VGNC":2021,"Shape_Leng":13.9550900917,"Shape_Area":2.53441010754}},
{"type":"Feature","geometry":{"type":"Polygon","coordinates":[[[-72.90075025399995,10.436109721000037],[-72.92672521399993,10.431837686000051],[-72.94102303699992,10.427196156000036],[-72.95764803199995,10.413107964000062],[-72.97280693399995,10.409290114000044],[-72.98674958899994,10.400494219000052],[-73.01102617399994,10.404826807000063],[-73.01419091299994,10.411468244000048],[-73.02941658599991,10.408824713000058],[-73.03821339799993,10.404195900000047],[-73.05413283099995,10.41504201500004],[-73.06475381799993,10.417418037000061],[-73.07131558599991,10.424017308000089],[-73.08783784299993,10.425057220000042],[-73.10937459999991,10.412623129000053],[-73.12742827399995,10.399200104000045],[-73.14226030399993,10.396806627000046],[-73.14593442299991,10.40024408700009],[-73.14483926499992,10.421693404000052],[-73.1418862989999,10.434774484000059],[-73.15534956599993,10.452233144000047],[-73.16752291499995,10.461127081000086],[-73.18044112599995,10.461511261000055],[-73.17521080999995,10.48071636800006],[-73.1484899859999,10.499634549000064],[-73.13971382499994,10.513840111000093],[-73.13916735499993,10.52502071300006],[-73.1325288569999,10.531929765000086],[-73.12728835699994,10.525643518000038],[-73.10816775699993,10.539287325000089],[-73.09868834699995,10.551030670000046],[-73.10159562199993,10.570642519000046],[-73.08641898199994,10.58745097800005],[-73.08626886999991,10.623408655000048],[-73.08251734799995,10.626624295000056],[-73.09183412099992,10.646362883000052],[-73.09832256099992,10.65121438500006],[-73.09644869399995,10.659531520000087],[-73.1071852149999,10.677545554000062],[-73.13919899899992,10.686409421000064],[-73.15521443099993,10.700453932000073],[-73.16203185799992,10.715833903000089],[-73.19597140999991,10.707454258000041],[-73.2103295419999,10.711611959000038],[-73.2151031759999,10.730510307000088],[-73.22757108699994,10.731300402000045],[-73.23705809199993,10.740441098000076],[-73.24831103699995,10.731515418000072],[-73.26432648799994,10.732143669000038],[-73.27414186999994,10.736463578000041],[-73.26350184699993,10.757387677000054],[-73.2524358199999,10.770733101000076],[-73.25799291899995,10.786949529000083],[-73.25153751499994,10.804298799000037],[-73.2554668169999,10.827186259000086],[-73.26403473499994,10.830413904000068],[-73.26436416699994,10.842815950000045],[-73.27783157099992,10.848995598000045],[-73.29080779599991,10.861870842000087],[-73.30553652399993,10.849044078000077],[-73.31253146899991,10.846191417000057],[-73.3247839579999,10.85782647700006],[-73.33754801299995,10.86256445400005],[-73.34436736599991,10.860303811000051],[-73.38436013699993,10.860176478000085],[-73.39282218799991,10.867437807000044],[-73.4157517779999,10.867449749000059],[-73.44246081299991,10.865334304000044],[-73.44871939699993,10.867126685000073],[-73.4794066629999,10.867173370000046],[-73.49446383799994,10.85746111800006],[-73.50068887999993,10.85933473600005],[-73.5202190839999,10.84764372300009],[-73.53839494399995,10.84573197800006],[-73.56528927499994,10.846310254000059],[-73.57393680599995,10.842130721000046],[-73.58457083199994,10.84210487100006],[-73.5985949329999,10.83595530000008],[-73.62056256499994,10.822576836000053],[-73.63521681199995,10.807864940000059],[-73.63380828599992,10.797730732000048],[-73.63831315599992,10.78851185700006],[-73.58864449499993,10.781441761000053],[-73.57946644399993,10.770048282000062],[-73.5682251369999,10.766151320000063],[-73.5620414409999,10.759947060000059],[-73.54789486099992,10.75834999600005],[-73.55073290899992,10.74997572600006],[-73.56231565799993,10.740852488000087],[-73.5587706309999,10.730820012000038],[-73.5647421999999,10.725961735000055],[-73.5629176619999,10.716209177000053],[-73.59378546999994,10.705264796000051],[-73.5966860879999,10.685801987000048],[-73.60313193099995,10.675204668000049],[-73.61165902399995,10.67273719900004],[-73.61239197799995,10.654142713000056],[-73.61688143999993,10.644687933000057],[-73.59850005399994,10.63957756700006],[-73.5955610019999,10.633361548000039],[-73.60057726999992,10.618431662000091],[-73.5993844919999,10.608036945000038],[-73.59415006099994,10.600394195000092],[-73.59952295499994,10.575809355000047],[-73.60856425499992,10.564496943000051],[-73.59783529899994,10.562299134000057],[-73.59575177699992,10.553728831000058],[-73.58874337999993,10.548128464000058],[-73.57198825499995,10.542892510000058],[-73.56527893999993,10.530498733000059],[-73.5663355229999,10.516298672000062],[-73.56309699399992,10.503811935000044],[-73.57473910699991,10.498867405000055],[-73.58443355799994,10.50186388800006],[-73.59206891399992,10.495495385000083],[-73.61539823599992,10.500933423000049],[-73.63179655599993,10.495207081000046],[-73.63983595099995,10.500767711000037],[-73.64805444799993,10.491278364000038],[-73.64498310099992,10.484939103000045],[-73.65247298899993,10.477318277000052],[-73.64559869899995,10.46728281500009],[-73.6595171649999,10.455450946000042],[-73.68265789399993,10.461204991000045],[-73.6907466259999,10.465366905000053],[-73.70331999699994,10.463598683000043],[-73.69927410799994,10.451590362000047],[-73.70451454199991,10.442800127000055],[-73.70326399099991,10.431753249000053],[-73.73157292099995,10.435569907000058],[-73.74145495999994,10.43489177400005],[-73.75571191599994,10.415593495000053],[-73.76508234699992,10.41165034900007],[-73.7793836809999,10.396053875000064],[-73.7899888199999,10.396991780000064],[-73.79941929799992,10.392458783000052],[-73.80711849099993,10.396001195000053],[-73.81713434599993,10.387926617000062],[-73.83052017199992,10.402644615000042],[-73.84163512999993,10.400710097000058],[-73.85826605299991,10.388227697000048],[-73.86750565599993,10.394557125000063],[-73.87301394499991,10.388822919000063],[-73.89306846199992,10.39076267300004],[-73.9000221519999,10.381672698000045],[-73.90624806299991,10.383453434000046],[-73.91738327099995,10.378043431000037],[-73.93261391399994,10.364608477000047],[-73.93183332099994,10.356622547000086],[-73.94481046499993,10.351280627000051],[-73.95400655799995,10.339136543000052],[-73.96150134699991,10.335995583000056],[-73.95566442899991,10.325429643000064],[-73.96094942499991,10.320466088000046],[-73.95776664399995,10.30944568700005],[-73.96509243699995,10.288102543000093],[-73.97653572599995,10.278073496000047],[-73.9994835949999,10.26634481800005],[-74.01231005199992,10.251706476000038],[-74.00798152699991,10.241485321000084],[-74.02557035599995,10.227593420000062],[-74.03106754499993,10.22774337900006],[-74.04261252499992,10.216390968000042],[-74.03770991999994,10.213492492000057],[-74.04079994799991,10.197794133000059],[-74.04677900699994,10.19541072000004],[-74.0513814279999,10.18431423900006],[-74.0655941789999,10.166820869000048],[-74.06120098899993,10.14959005500009],[-74.06284208699992,10.128944192000063],[-74.07309571999991,10.124712274000046],[-74.07279553299992,10.116499493000049],[-74.06699176799992,10.105124027000045],[-74.06923450599993,10.094806532000064],[-74.08402864199991,10.074111567000045],[-74.08397596399993,10.069998221000048],[-74.06762346399995,10.045727553000063],[-74.0620354969999,10.04190122600005],[-74.05454328399992,10.016152592000083],[-74.03709107799995,10.006383008000057],[-74.03121650599991,9.990911940000046],[-74.02292051699993,9.981099929000038],[-74.01167665399993,9.975927029000047],[-74.00178316299991,9.946626214000048],[-73.9925593879999,9.935768447000044],[-73.97249230199992,9.93471375300004],[-73.95909588799992,9.931595701000049],[-73.95150569799995,9.92469069300006],[-73.95097197599995,9.915514003000055],[-73.94130614699992,9.909416265000061],[-73.9267590629999,9.892334131000041],[-73.91621894499991,9.871737717000087],[-73.90751912299993,9.86194536100004],[-73.89852599199992,9.844438724000042],[-73.8979182189999,9.837781353000082],[-73.88694495999994,9.833661809000091],[-73.87850386399992,9.817146105000063],[-73.85364080099993,9.805522389000089],[-73.84200746599993,9.797518876000083],[-73.8368649009999,9.77617605200004],[-73.82747292199991,9.75322907900005],[-73.8377373429999,9.737734061000083],[-73.83337289799994,9.72279601300005],[-73.82464172899995,9.710042736000048],[-73.81484630299991,9.70405321000004],[-73.80970358999991,9.689534251000055],[-73.8105205889999,9.661538523000047],[-73.80326414799993,9.63641657900007],[-73.86789294899995,9.600995157000057],[-73.87618110299991,9.599574982000092],[-73.88308813899994,9.607623360000048],[-73.88193537899991,9.613590591000047],[-73.89339731599995,9.616429467000046],[-73.90998456299991,9.60171222200006],[-73.91582351399995,9.605415161000053],[-73.9271995169999,9.59971022700006],[-73.93905946199993,9.598344221000048],[-73.9549567869999,9.58934154800005],[-73.98454824799995,9.586567161000062],[-73.98926109599995,9.579814430000056],[-73.99713928499995,9.582909434000044],[-73.99439598499993,9.590506258000062],[-74.00262587999993,9.594937739000045],[-74.01409145699995,9.591842736000046],[-74.03673941799991,9.59132259100005],[-74.05568628899994,9.56712821900004],[-74.06389699199991,9.568656607000037],[-74.07726840899994,9.555765162000057],[-74.07998352999994,9.548610866000047],[-74.09761922099995,9.532677129000092],[-74.10025883899993,9.52188555400005],[-74.11150098099995,9.517096982000055],[-74.11971686099992,9.503795116000049],[-74.13720522299991,9.496457148000047],[-74.13216470799995,9.486268196000083],[-74.1213910649999,9.480599746000053],[-74.09741046999994,9.476703047000058],[-74.09174855899994,9.465380467000045],[-74.07401436599991,9.45333806900004],[-74.05839022099991,9.432618246000061],[-74.04382065899995,9.422072463000063],[-74.03452266799991,9.424232342000039],[-74.0237174799999,9.417893451000054],[-74.00012282999995,9.39484783800009],[-73.99454329199995,9.39832105000005],[-73.97920518899991,9.390203843000052],[-73.98414562399995,9.381847247000053],[-73.9845551649999,9.365035779000038],[-73.98962044299992,9.35125643300006],[-73.98807218799993,9.331385597000065],[-73.99192895199991,9.326163377000057],[-73.98907077099994,9.316715472000055],[-73.97493433599993,9.30406227900005],[-73.9576763739999,9.303438912000047],[-73.94279143699993,9.289562938000074],[-73.94612343999995,9.280811482000047],[-73.94465839799994,9.264318107000065],[-73.9509784249999,9.256601472000057],[-73.94852369599994,9.243663268000091],[-73.95146374099994,9.233406264000052],[-73.96494079899992,9.221276420000038],[-73.9640369249999,9.206578645000093],[-73.95594135699992,9.196243042000049],[-73.96203268199991,9.187675889000047],[-73.90902640299993,9.178051594000067],[-73.8913966579999,9.173526321000054],[-73.87890851899994,9.185847992000049],[-73.86403753399992,9.180742045000045],[-73.86410431799993,9.16303548500008],[-73.87567883799994,9.145086130000038],[-73.8753256789999,9.130541569000059],[-73.86413455599995,9.112220035000064],[-73.80923134799991,9.070713936000061],[-73.79802234999994,9.058297960000061],[-73.79786820999993,9.049403417000065],[-73.8098221329999,9.043977993000055],[-73.8136394579999,9.02612679300006],[-73.82580164299992,9.022713163000049],[-73.82594504999992,9.000486293000051],[-73.83042425999992,8.997076317000051],[-73.83272385899994,8.978439903000037],[-73.84144543799994,8.96601213200006],[-73.85046756499992,8.964639466000051],[-73.84984892299991,8.95575466300005],[-73.86312746699991,8.94655599300006],[-73.86765512799991,8.936489179000091],[-73.86905814999994,8.921985487000086],[-73.87336489799992,8.911815277000073],[-73.8665567459999,8.887049172000047],[-73.84928530799993,8.869412856000054],[-73.81834992599994,8.835199582000087],[-73.80788088599991,8.831721626000046],[-73.79631120499994,8.818641030000038],[-73.79194384599992,8.790254378000043],[-73.7948017089999,8.766883001000053],[-73.78927067699993,8.749205325000048],[-73.79425398099994,8.743017716000054],[-73.81146703999991,8.731535130000054],[-73.81583589799993,8.719894087000057],[-73.80888223799991,8.69813526300004],[-73.81624896799991,8.679453648000049],[-73.82028966099995,8.661899541000082],[-73.81450673299992,8.625722462000056],[-73.79836483499992,8.608617888000083],[-73.79420642699995,8.590245284000048],[-73.78274458099992,8.566419549000045],[-73.77464410999994,8.55866932500004],[-73.77803213999994,8.548362972000064],[-73.77986316999994,8.511854219000043],[-73.77430153299991,8.49705466100005],[-73.76483753999992,8.484335344000044],[-73.7549773149999,8.476717551000092],[-73.74687525099995,8.465927236000084],[-73.74578008299994,8.457248521000054],[-73.7496311829999,8.441861362000054],[-73.74837415299993,8.429877289000046],[-73.75043998899991,8.379028787000038],[-73.74887546299993,8.36038337900004],[-73.75699829799993,8.337777416000051],[-73.75632679599994,8.32767025000004],[-73.7474540419999,8.314991811000084],[-73.75967452799995,8.303611065000041],[-73.75873513399995,8.290821076000043],[-73.75023521999992,8.274638487000061],[-73.7603027049999,8.262885077000078],[-73.76477310399991,8.250197749000051],[-73.76460583999994,8.240468929000087],[-73.7747322699999,8.226130494000074],[-73.77955551699995,8.20812871600009],[-73.77528929499994,8.197854119000056],[-73.77625852699992,8.18809708100008],[-73.77100256799991,8.162217619000046],[-73.77526100699993,8.145010136000053],[-73.77359737699993,8.123146211000062],[-73.76961247499992,8.116511753000054],[-73.77683898999993,8.102852302000088],[-73.78855994499992,8.10768366700006],[-73.78578115499994,8.096141192000061],[-73.7730519879999,8.09179703600006],[-73.76447512999994,8.063556548000065],[-73.75089700899991,8.059835486000054],[-73.74414098199992,8.052925859000084],[-73.74413621299993,8.04113417900004],[-73.73231201099992,8.03074182000006],[-73.73759727899994,8.024765453000043],[-73.72205601399992,8.011642504000065],[-73.72558876099993,8.006670177000046],[-73.72066963499992,7.997726538000052],[-73.72710610899992,7.992296726000063],[-73.71971568999993,7.982876369000053],[-73.7239228649999,7.968640962000052],[-73.70927826199994,7.969982259000062],[-73.69494873299993,7.950056945000085],[-73.68665550399993,7.950709901000039],[-73.68408891599995,7.940298399000085],[-73.67626332899994,7.942775428000061],[-73.67257355499993,7.927270491000058],[-73.67757780799991,7.91281441700005],[-73.67191706199992,7.907064505000051],[-73.67060047599995,7.894258815000057],[-73.67533931299994,7.888648747000047],[-73.69020504199995,7.883621546000086],[-73.70084615299993,7.865660716000093],[-73.70991054799993,7.863065647000042],[-73.72450318599994,7.843547235000074],[-73.72572983499992,7.834621294000044],[-73.74325958799994,7.830984103000048],[-73.7511091849999,7.819815849000065],[-73.7508914519999,7.803086288000088],[-73.7414857359999,7.795951847000083],[-73.73799248899991,7.786694769000064],[-73.75075452999994,7.77326942600007],[-73.75616361999994,7.764276432000088],[-73.7583749719999,7.751762160000055],[-73.75259769299993,7.750733868000054],[-73.6330426319999,7.749194902000056],[-73.6140295269999,7.741692711000042],[-73.60436224499995,7.743111495000051],[-73.58052718499994,7.738482202000057],[-73.56122814999992,7.726862675000064],[-73.55165303799993,7.712117515000045],[-73.54299966499991,7.711078113000042],[-73.52964832499993,7.704213836000065],[-73.52181642199992,7.707428536000066],[-73.51779922599991,7.692957229000058],[-73.5055722749999,7.68228354200005],[-73.48087636699995,7.676341369000056],[-73.46680075799992,7.684601999000051],[-73.4627429969999,7.692269357000043],[-73.44023115899995,7.696088019000058],[-73.41193182699993,7.716355046000047],[-73.4104476949999,7.724839390000056],[-73.3988816129999,7.736702015000049],[-73.37491320099991,7.774354126000048],[-73.35181540199994,7.794353151000053],[-73.34583269199993,7.834615248000091],[-73.3490971789999,7.854117175000056],[-73.35339278099991,7.856744036000066],[-73.34989346899994,7.872113722000051],[-73.3518920919999,7.891972261000092],[-73.34655252999994,7.899579649000088],[-73.32719158999993,7.907114155000045],[-73.30468891899994,7.911015390000045],[-73.30224821299993,7.922914192000064],[-73.28891704299991,7.928199738000046],[-73.27861842999994,7.936208907000093],[-73.2752303389999,7.957454992000066],[-73.27845063399991,7.985831845000064],[-73.28878064699995,7.992430034000051],[-73.29641388499994,7.985028902000067],[-73.30381974399995,8.009146031000057],[-73.30993957499993,8.015885998000044],[-73.32349967199991,8.014097340000092],[-73.33380578099991,8.021443137000063],[-73.34345263599994,8.017424867000045],[-73.3550333629999,8.017087073000084],[-73.36591434899992,8.012224679000042],[-73.36571706599995,8.02233405000004],[-73.3748440299999,8.051549787000056],[-73.36903876199995,8.068965500000047],[-73.3775729269999,8.105542598000056],[-73.40918402499994,8.116738672000054],[-73.41610153499994,8.131488345000093],[-73.42378911899993,8.138175617000059],[-73.43269205899992,8.14020170300006],[-73.43417993799994,8.15376058000004],[-73.42952623899993,8.161048485000038],[-73.42936730199995,8.177688301000046],[-73.42093353599995,8.183691422000038],[-73.41514731299992,8.198974314000054],[-73.40862865399993,8.207832765000092],[-73.40629162099992,8.224957987000039],[-73.40859760099994,8.232801231000053],[-73.40477446999995,8.245484434000048],[-73.38224150399992,8.259108326000046],[-73.37512204299992,8.267193305000092],[-73.37160567599994,8.280050929000083],[-73.37641731999992,8.291566196000076],[-73.37463272799994,8.306174938000083],[-73.37666277099993,8.316049284000087],[-73.36908178599992,8.325106283000082],[-73.35058371699995,8.334262969000065],[-73.3529751399999,8.362571329000048],[-73.34810191699995,8.383595692000085],[-73.3515152029999,8.398212135000051],[-73.3500546809999,8.40610091700006],[-73.34054206099995,8.420872460000055],[-73.3431201489999,8.43655833400004],[-73.35870151899991,8.451345393000054],[-73.37179499599995,8.459464154000045],[-73.38949753499992,8.459342592000041],[-73.4024020569999,8.455116643000054],[-73.41439876999993,8.459258384000066],[-73.41433867399991,8.440147938000052],[-73.40939728799992,8.426405703000057],[-73.39913271699993,8.418022516000065],[-73.40311066599992,8.40315759300006],[-73.3972846989999,8.396545263000064],[-73.39439871699994,8.378413455000043],[-73.4208735279999,8.367031274000055],[-73.42546728399992,8.360623110000063],[-73.43610214599994,8.362607094000055],[-73.44081969099994,8.342413351000062],[-73.4563838169999,8.345483624000053],[-73.46108940499994,8.354450124000039],[-73.45656503899994,8.361455214000046],[-73.47118585399994,8.366518409000037],[-73.47382115799991,8.374118115000044],[-73.48801782699991,8.38396],[-73.51500702099992,8.385009104000062],[-73.51678870199993,8.395248844000093],[-73.50795276899993,8.401390629000048],[-73.4942683779999,8.416344439000056],[-73.4879098689999,8.436138074000041],[-73.47254131799991,8.448349801000063],[-73.47466121999992,8.465172941000048],[-73.48174315699993,8.472168931000056],[-73.49373130899994,8.477533011000048],[-73.52329214399992,8.48282933900009],[-73.54770129499991,8.471406184000045],[-73.55266674299992,8.480244621000054],[-73.55932300699993,8.479457779000086],[-73.56026211999995,8.490146519000064],[-73.57391961999991,8.490813979000052],[-73.57077258599992,8.497619401000065],[-73.57475838499994,8.506828670000061],[-73.55350018599995,8.507767760000092],[-73.5464979919999,8.51735748100009],[-73.5318458559999,8.527936232000059],[-73.51499289899994,8.52897611800006],[-73.52873356399994,8.549305401000083],[-73.53691711699992,8.553952355000092],[-73.53887769999994,8.56080699100005],[-73.54719751199991,8.564321207000091],[-73.54737653899991,8.582333169000037],[-73.54197370499992,8.588226942000063],[-73.54990179999993,8.59561137500009],[-73.55224160299991,8.60687471500006],[-73.54220672299994,8.624204895000048],[-73.52620170199992,8.631417166000062],[-73.52004094299991,8.645175989000052],[-73.52154974799993,8.658152460000053],[-73.50684350799992,8.679706398000064],[-73.505022,8.688486368000042],[-73.49421168999993,8.689883094000038],[-73.48971646799993,8.69743470800006],[-73.47300699699991,8.706084386000043],[-73.47136790499991,8.726987991000044],[-73.46268091399992,8.745343123000055],[-73.4451687099999,8.754909908000059],[-73.44027294999995,8.760727406000058],[-73.41613784499992,8.762545414000044],[-73.4158087639999,8.774581906000037],[-73.41175800999991,8.781140447000041],[-73.4210581449999,8.79312832100004],[-73.4287289589999,8.812796472000059],[-73.4295652539999,8.833273406000046],[-73.44824593999994,8.862248707000049],[-73.44660095099994,8.871192073000088],[-73.43478659399995,8.87072618700006],[-73.43036196699995,8.878014969000048],[-73.4256845029999,8.899569219000057],[-73.43633685299994,8.908817989000056],[-73.43023353599995,8.918811726000058],[-73.43106697799993,8.937140965000083],[-73.43458192399993,8.958902858000044],[-73.43954408199994,8.97434191700006],[-73.43684439399993,8.999157858000046],[-73.42333309299994,9.012279896000052],[-73.4223412099999,9.029041642000038],[-73.41199917499995,9.053347209000037],[-73.41634137499994,9.058414068000047],[-73.41645748399992,9.083914182000058],[-73.42136287199992,9.095183518000056],[-73.42947251599992,9.102410104000057],[-73.42420444899994,9.123802571000056],[-73.41541372099994,9.132412117000058],[-73.4116532939999,9.154379651000056],[-73.40310609499994,9.163141953000093],[-73.38227689699994,9.15260661900004],[-73.37170120299993,9.158101386000055],[-73.3690438619999,9.172574466000071],[-73.36473510199994,9.19424286900005],[-73.35569991599994,9.21619643300005],[-73.35125343199991,9.21787725300004],[-73.33463373099994,9.212544492000063],[-73.3263353609999,9.229408923000051],[-73.3215340559999,9.232578043000046],[-73.3165152009999,9.247923393000065],[-73.2987062229999,9.270516695000083],[-73.29633630599994,9.28664685700005],[-73.28265440699994,9.32321917300004],[-73.27244651899991,9.321149043000048],[-73.26556987599992,9.32676456900009],[-73.2607633639999,9.343397003000064],[-73.26278590599992,9.35943456800004],[-73.2608109549999,9.370641832000047],[-73.24967507699995,9.377851599000053],[-73.24115660199993,9.39224733900005],[-73.24106142799991,9.403050088000043],[-73.21847082599993,9.422685404000049],[-73.20841998199995,9.423161296000046],[-73.20232856199993,9.436181703000045],[-73.18781176699991,9.44654812400006],[-73.19355221699993,9.458653631000061],[-73.20274288599995,9.469807355000057],[-73.1967276069999,9.47664949500006],[-73.17528866499993,9.478219938000052],[-73.17298058699993,9.49045036800004],[-73.1766925469999,9.50105086700006],[-73.15843613099992,9.519265641000061],[-73.14537883899993,9.542346415000054],[-73.12688389699991,9.55523966900006],[-73.1115389869999,9.553678430000048],[-73.1004031089999,9.557247621000045],[-73.08469866599995,9.556533785000056],[-73.08541250499991,9.568954571000063],[-73.0741338599999,9.601220061000049],[-73.06942252699992,9.608215676000043],[-73.07827412199993,9.61421192000006],[-73.07384832499991,9.628203149000058],[-73.06628163899995,9.637054745000057],[-73.06057093099992,9.650189368000042],[-73.06114200299993,9.659754803000055],[-73.05507437699993,9.67826701100006],[-73.04565171199994,9.688689049000061],[-73.0343373739999,9.709925737000049],[-73.0142071329999,9.736087910000037],[-73.00585522599994,9.741227546000061],[-73.00171496399992,9.765676509000059],[-72.98786649999994,9.79408727300006],[-72.97451772499994,9.803260095000041],[-72.96609443299991,9.817751015000056],[-72.9571357609999,9.821177438000063],[-72.94353714199991,9.843127966000054],[-72.95029243099992,9.849171796000064],[-72.97139825099993,9.855168037000055],[-72.97117220299992,9.866631090000055],[-72.99108472199993,9.874106170000061],[-72.9887052599999,9.882672227000057],[-72.97821183799994,9.886503158000039],[-72.98846731499992,9.898114928000041],[-72.98363700899995,9.907133085000055],[-72.99915109499995,9.922670967000045],[-72.9888956179999,9.941611476000048],[-72.98655422799993,9.955426629000044],[-72.98065316399993,9.958738838000045],[-72.98434608499991,9.973434387000054],[-72.97576099299994,9.988091868000083],[-72.96683563499994,9.996107479000045],[-72.96105354499991,10.007329019000053],[-72.96266205899991,10.018104409000046],[-72.95290626999991,10.026789439000083],[-72.95469918999993,10.045995259000051],[-72.95875379599994,10.053685676000043],[-72.95496045899995,10.064965513000061],[-72.94470974099994,10.071371021000061],[-72.93964148899994,10.08267346200006],[-72.92569784699992,10.092476838000039],[-72.92122445699994,10.108942711000054],[-72.91150563699995,10.114628763000042],[-72.92199905899992,10.13795699800005],[-72.91704391199994,10.160959173000037],[-72.90820472999991,10.17556883900005],[-72.90719345799994,10.188417928000092],[-72.90936471299995,10.204598263000037],[-72.89934123799992,10.20905975100004],[-72.8973186959999,10.218547855000054],[-72.9028378559999,10.227919359000055],[-72.9007058549999,10.248116224000057],[-72.90694956399994,10.268465375000062],[-72.90599777799991,10.285064499000043],[-72.90091977199995,10.29484788600007],[-72.8963410049999,10.311923324000077],[-72.90683273099995,10.325447757000063],[-72.906375,10.353348057000062],[-72.88609805599992,10.38419],[-72.88760186099995,10.394122708000054],[-72.89971331799995,10.398923271000058],[-72.89419296799991,10.411439235000046],[-72.89616530199993,10.430387360000054],[-72.90075025399995,10.436109721000037]]]},"properties":{"DPTO_CCDGO":"20","DPTO_CNMBR":"CESAR","DPTO_ANO_C":1967,"DPTO_ACT_A":"Ley 25  21 de junio de 1967","DPTO_NAREA":22565.3072092,"DPTO_CSMBL":"3","DPTO_VGNC":2021,"Shape_Leng":12.5784591905,"Shape_Area":1.85820440739}},
{"type":"Feature","geometry":{"type":"Polygon","coordinates":[[[-75.70005160199992,9.411748583000076],[-75.72443071899994,9.414508179000052],[-75.72850021399995,9.420457747000057],[-75.74380241299991,9.420131100000049],[-75.75569937999995,9.41278539700005],[-75.76187601599992,9.405287969000085],[-75.78420338099994,9.392998762000047],[-75.8025343029999,9.395900618000042],[-75.8049417819999,9.400011833000065],[-75.8245621289999,9.39340188600005],[-75.83487745399992,9.400011023000047],[-75.82719018099993,9.414686625000058],[-75.81379840199992,9.418432043000053],[-75.79788767399992,9.41096026300005],[-75.79122603999991,9.418049542000063],[-75.7939181079999,9.429343174000053],[-75.79972157599991,9.432751341000085],[-75.81655135199992,9.431123900000046],[-75.81985414799993,9.423159910000038],[-75.8307126119999,9.429820985000049],[-75.8758578739999,9.423509437000064],[-75.88637271399995,9.424113660000046],[-75.9143884419999,9.43511264500006],[-75.91925784999995,9.445992516000047],[-75.92555444699991,9.44763675900009],[-75.94830755899994,9.441744633000042],[-75.9678238379999,9.419037355000057],[-75.96281143099992,9.417924928000048],[-75.95666147899993,9.406383238000046],[-75.9618861269999,9.391929745000084],[-75.97807900399994,9.376413759000059],[-75.99428500099992,9.366516262000061],[-76.0174893109999,9.35494370300006],[-76.03500600199993,9.348814049000055],[-76.08157490299993,9.33676779600006],[-76.09970504799992,9.313322525000046],[-76.10839903399994,9.30674547600006],[-76.11179622599991,9.29520397400006],[-76.10425609399994,9.292098003000092],[-76.10155562599994,9.276017341000056],[-76.10855700299993,9.264734805000046],[-76.12332555299992,9.25226475900007],[-76.13632748499992,9.244077089000086],[-76.17022355699993,9.229699369000059],[-76.1696489979999,9.21430596600004],[-76.17606036099994,9.206500507000044],[-76.1745467689999,9.191433507000056],[-76.18085456499995,9.181146126000044],[-76.17545917599995,9.172952329000054],[-76.1786538579999,9.166071541000065],[-76.1778858159999,9.151594799000065],[-76.18896098199991,9.115543459000037],[-76.21534602499992,9.087369900000056],[-76.22987827399993,9.078541703000042],[-76.2323930899999,9.071964241000046],[-76.2511508639999,9.057887855000047],[-76.25543742299993,9.045877776000054],[-76.2629323999999,9.035453465000046],[-76.2604743089999,9.028728524000087],[-76.26421749899993,9.015989913000055],[-76.26448164199991,8.997508907000054],[-76.2853155599999,8.983368660000053],[-76.3022737629999,8.967976139000086],[-76.32283007699994,8.95696748000006],[-76.32261157199991,8.94042611000009],[-76.32731777399994,8.93060470100005],[-76.33939281399995,8.919111204000046],[-76.3653588009999,8.90746468900005],[-76.39265216399991,8.899083856000061],[-76.41648277399992,8.88846002300005],[-76.41360457999991,8.873973720000038],[-76.38116683499993,8.794208980000064],[-76.38943379499995,8.783733096000049],[-76.39961431299992,8.779618433000053],[-76.4153371939999,8.76264999600005],[-76.41956591199994,8.754994157000056],[-76.41601216899994,8.749174832000051],[-76.39965708999995,8.746125609000046],[-76.36788788399991,8.720674675000055],[-76.36756585599994,8.71450621300005],[-76.3556987149999,8.692978692000054],[-76.3514668059999,8.675772125000037],[-76.34962369999994,8.657524730000091],[-76.3448766759999,8.642748279000045],[-76.34016534199992,8.64089229700005],[-76.32785163299991,8.652028174000066],[-76.3183932739999,8.655847209000058],[-76.3028787369999,8.651973393000048],[-76.29497937799994,8.652884782000058],[-76.28243049699995,8.644325068000057],[-76.26605742399994,8.63880709700004],[-76.26856129299995,8.62245974700005],[-76.26476177599994,8.61763458900009],[-76.25158547399991,8.612448267000048],[-76.25492287399993,8.592788994000045],[-76.2654422729999,8.584190250000063],[-76.24406344699992,8.57208690400006],[-76.22281106899993,8.573270138000055],[-76.22277815699994,8.563384746000054],[-76.23716951599994,8.559328017000041],[-76.23627685199995,8.552649681000048],[-76.2281050929999,8.541774632000056],[-76.20999636999994,8.522922531000063],[-76.20871944099991,8.502418397000042],[-76.21005655699992,8.474779733000048],[-76.21866846299991,8.443560473000048],[-76.21187008499993,8.430029113000046],[-76.19694031799992,8.423434107000048],[-76.18870459899995,8.40726410700006],[-76.18042894799993,8.396064368000054],[-76.19987967399993,8.387394965000055],[-76.22676358299992,8.38078899900006],[-76.23724272899995,8.370129013000053],[-76.26847136899994,8.35111592900006],[-76.28802482799995,8.328230273000088],[-76.29474539599994,8.315085570000065],[-76.30343039299993,8.311179062000065],[-76.29977325599992,8.29862765200005],[-76.30327582199993,8.284522208000055],[-76.31069974099995,8.281057713000052],[-76.31473530599993,8.270569047000038],[-76.32411989999991,8.26474412600004],[-76.33371388699993,8.229280642000049],[-76.34305936499993,8.210933620000048],[-76.35141188299991,8.203343249000056],[-76.35330792199994,8.183456052000054],[-76.34958237099994,8.172130407000054],[-76.3325203039999,8.15566136700005],[-76.3353340669999,8.14774783200005],[-76.34851362099994,8.155265560000089],[-76.35733513199995,8.146242279000091],[-76.36711750599994,8.153053377000049],[-76.37112126099993,8.149812867000037],[-76.37485222399994,8.111544446000039],[-76.40852664099992,8.09971715000006],[-76.4062872149999,8.088030145000062],[-76.40872379799993,8.07392512000007],[-76.42262802899995,8.07411750500006],[-76.42372159999991,8.061122683000065],[-76.42868058899995,8.058306017000064],[-76.42877673499993,8.03563536900009],[-76.42251800999992,8.029558221000059],[-76.42710635399993,8.018543708000038],[-76.4115737109999,8.00695201700006],[-76.41690540099995,7.982326080000064],[-76.41549251099991,7.954524622000065],[-76.42293247599991,7.950497503000065],[-76.4192083719999,7.926827490000051],[-76.42111738499995,7.911825227000065],[-76.4381625719999,7.904778899000064],[-76.44546627799991,7.893555124000045],[-76.44953076999991,7.878741392000052],[-76.46405565399994,7.871870957000056],[-76.46513027799995,7.848979854000049],[-76.47360115799995,7.838814796000065],[-76.48123446999995,7.820673786000043],[-76.4791405439999,7.81292626000004],[-76.48351875199995,7.803332275000059],[-76.48049207799994,7.776568096000062],[-76.48349733999993,7.758035071000052],[-76.49663120399993,7.749715600000059],[-76.49098799599994,7.730255398000054],[-76.4913117399999,7.717208095000046],[-76.48556311499993,7.689319447000059],[-76.49045288799994,7.662502762000088],[-76.49556191099992,7.652982084000087],[-76.49229868299994,7.640469144000065],[-76.50244959299994,7.626998996000054],[-76.50470901599994,7.617598298000075],[-76.51187906299992,7.610076120000087],[-76.50827137699991,7.602142012000058],[-76.51453012799993,7.586664649000056],[-76.5104075779999,7.582376640000064],[-76.50157821499994,7.554635190000056],[-76.49280276199994,7.549895305000064],[-76.4943636889999,7.541824173000066],[-76.47993463799992,7.537331752000057],[-76.47433814499993,7.521646343000043],[-76.46249794699992,7.516773209000064],[-76.46114641199995,7.508911468000065],[-76.45229481899992,7.500649979000059],[-76.45474980999995,7.482685968000055],[-76.44502771899994,7.479581435000057],[-76.43883669799993,7.469737479000059],[-76.43762394499993,7.457248897000056],[-76.42691706999994,7.448709957000062],[-76.4241366949999,7.433209411000064],[-76.4128215049999,7.41492403400008],[-76.40304947899995,7.412764582000079],[-76.38989974299994,7.396983547000048],[-76.38092539299993,7.391709823000042],[-76.1873503079999,7.375626466000085],[-76.00824491299994,7.360722923000083],[-75.84549601399993,7.347087269000042],[-75.84570846999992,7.354019403000052],[-75.83373334799995,7.371340718000056],[-75.8357247159999,7.389164360000052],[-75.82954429999995,7.40771458200004],[-75.81780240199993,7.416595008000058],[-75.82755663699993,7.426364057000058],[-75.82161718799995,7.443933078000043],[-75.80218708099994,7.445972261000065],[-75.78767238099994,7.460193104000041],[-75.78822447399995,7.473327571000084],[-75.78151031099992,7.48454752300006],[-75.78263230599993,7.491377447000048],[-75.77516124199991,7.501546641000061],[-75.78721823799992,7.512000786000044],[-75.77673160499995,7.523294970000052],[-75.76684080799993,7.529012566000063],[-75.7763983449999,7.544913898000061],[-75.76839403699995,7.566578966000066],[-75.76089425599992,7.577501360000042],[-75.76100466199995,7.588699775000066],[-75.76525372299994,7.60194378500006],[-75.7517104769999,7.613615370000048],[-75.74263608099994,7.611996069000043],[-75.72087141999992,7.588569410000048],[-75.71186875699993,7.581286822000038],[-75.69765967099994,7.580945679000081],[-75.68064856799992,7.585058179000043],[-75.6768851779999,7.595542637000051],[-75.65330152699994,7.592579860000058],[-75.64574655899992,7.585811621000062],[-75.61938526699993,7.582678509000061],[-75.60518048199992,7.585517199000037],[-75.60144439599992,7.602151268000057],[-75.59236744899994,7.603874738000059],[-75.57606156899993,7.616842133000091],[-75.57089853499991,7.62492353500005],[-75.55522432899994,7.624305806000052],[-75.5516840279999,7.632667154000046],[-75.55762782799991,7.643329059000052],[-75.54881325399992,7.644914379000056],[-75.55143115699991,7.666638189000082],[-75.54022850399991,7.677890602000048],[-75.53412060699992,7.691458517000058],[-75.53785219799994,7.714897645000065],[-75.53070612499994,7.72494931600005],[-75.51872629299993,7.725358148000055],[-75.50294141599994,7.718738611000049],[-75.4957012779999,7.721711546000051],[-75.48567840999993,7.734663751000085],[-75.48022751299993,7.746688062000089],[-75.47958642499992,7.765717857000084],[-75.47455562999994,7.77717909200004],[-75.46127810399992,7.785718283000051],[-75.45387264999994,7.803225478000059],[-75.4556517709999,7.809047415000066],[-75.46624453299995,7.818772465000052],[-75.46683141599993,7.825932271000056],[-75.4586580109999,7.833844361000047],[-75.4465002259999,7.82937077400004],[-75.42792997099991,7.817996494000056],[-75.4187222189999,7.823567568000044],[-75.41614583699993,7.839057197000045],[-75.40518201299994,7.843095899000048],[-75.4043481029999,7.85752788800005],[-75.39110983699993,7.862867475000087],[-75.3763291329999,7.863267093000047],[-75.3649495759999,7.868215378000059],[-75.35451896699993,7.86881756400004],[-75.34346465899995,7.881319717000054],[-75.34435185099994,7.891934775000038],[-75.33562361399993,7.906841553000049],[-75.3354253409999,7.92095497300005],[-75.3291459969999,7.926935502000049],[-75.3298731079999,7.937211464000086],[-75.33615890399994,7.946586632000049],[-75.30928456999993,7.947435993000056],[-75.30147353799993,7.957923719000064],[-75.29197612699994,7.960006239000052],[-75.28704037299991,7.974361208000062],[-75.2789959399999,7.981019124000056],[-75.27422377999994,7.99212000600005],[-75.26560844399995,8.000200389000042],[-75.25213940599991,8.001046143000053],[-75.24333861199995,8.008969412000056],[-75.23735354599995,8.031669755000053],[-75.24797225999993,8.038065325000048],[-75.24656989999994,8.043018110000048],[-75.23036761999992,8.053304874000048],[-75.22676154899995,8.062976714000058],[-75.2203076269999,8.06625862900006],[-75.20838351499992,8.05672183300004],[-75.1961731749999,8.056262279000066],[-75.19302582799992,8.047263591000046],[-75.18575726699993,8.044309818000045],[-75.1792039149999,8.04980682200005],[-75.1631159069999,8.052829153000062],[-75.1549036049999,8.051031083000055],[-75.13269225899995,8.05363740200005],[-75.1313261549999,8.044331814000088],[-75.12145805299991,8.041599604000055],[-75.11566288599994,8.048551761000056],[-75.10075085799991,8.05570106500005],[-75.09540412599995,8.070047570000042],[-75.0818022869999,8.062906608000048],[-75.08154652799993,8.054370582000047],[-75.0561145499999,8.04794613100006],[-75.04835999399995,8.042473814000061],[-75.04297440699992,8.050210029000084],[-75.02762495499991,8.052977049000049],[-75.01998736399992,8.058975536000048],[-75.01343621799992,8.070625152000048],[-75.00297713499992,8.075173512000049],[-74.98991255099992,8.07483349100005],[-74.96631985499994,8.09012139400005],[-74.95564115399992,8.079340764000051],[-74.9279278379999,8.074597633000053],[-74.92184234099994,8.088830642000062],[-74.91120389899993,8.10397284000004],[-74.9034468879999,8.105762364000043],[-74.89393909099994,8.11560325000005],[-74.89375279199993,8.121708496000053],[-74.88346466899992,8.138630681000052],[-74.8686957029999,8.15742754300004],[-74.86976679199995,8.166149759000064],[-74.86641562499995,8.178433613000038],[-74.86787587799995,8.196067862000064],[-74.8608381009999,8.201150699000038],[-74.83385996399994,8.20193267400009],[-74.83058344599993,8.199945329000059],[-74.83388488799994,8.220346603000053],[-74.82583417899991,8.23004417900006],[-74.81707839299992,8.224710766000044],[-74.80960283399992,8.230635948000042],[-74.80477027199993,8.241648792000092],[-74.79707519499993,8.243616982000049],[-74.7969699869999,8.252593919000049],[-74.80606025599991,8.257233485000086],[-74.80862755999993,8.273874661000093],[-74.7952857059999,8.268920557000058],[-74.78094539299991,8.277881791000084],[-74.79088917099995,8.283310536000045],[-74.8005573829999,8.296213873000056],[-74.79807203699994,8.30799950900007],[-74.7888194439999,8.312889944000062],[-74.79738512599994,8.326569540000037],[-74.80118788499993,8.337551459000053],[-74.81009744599993,8.34179619300005],[-74.82802366199991,8.359747601000038],[-74.81591711999994,8.371447558000057],[-74.81312695399993,8.364545520000092],[-74.80373704099992,8.368808711000042],[-74.80818113099991,8.386611691000041],[-74.83935345899994,8.384697806000077],[-74.84030824199994,8.393989227000077],[-74.8495869809999,8.390927869000052],[-74.8741957709999,8.403038588000072],[-74.87751190799992,8.414417211000057],[-74.8864871749999,8.432322128000067],[-74.90081130399994,8.454513084000041],[-74.92745177699993,8.453343680000046],[-74.92599402799993,8.49960767500005],[-74.99378970799995,8.509512133000044],[-75.0025279429999,8.522350847000041],[-75.00761488299992,8.510983925000062],[-75.0240998459999,8.49702619900006],[-75.03348733699994,8.498919395000087],[-75.0349524099999,8.49015528600006],[-75.03279531399994,8.470902795000086],[-75.04145783199994,8.458144504000074],[-75.05581282899993,8.46602355400006],[-75.0623765169999,8.453264020000063],[-75.0852614719999,8.465838507000058],[-75.12804612199994,8.468282917000067],[-75.13484712999991,8.459927784000058],[-75.12982637399995,8.450193076000062],[-75.14476811299994,8.43018304800006],[-75.15653536799994,8.433321503000059],[-75.15656196099991,8.418995284000061],[-75.1653519809999,8.415813927000045],[-75.17731173999994,8.39976106000006],[-75.18494056199995,8.397114326000064],[-75.19587006299992,8.408517543000073],[-75.19646520499992,8.421354458000053],[-75.20865474399994,8.42180065000008],[-75.20936095499991,8.432397450000053],[-75.19245410499991,8.443412805000037],[-75.20180867999994,8.453078555000047],[-75.21346065999995,8.474033402000089],[-75.21629346599991,8.485366484000053],[-75.22406809799992,8.481477012000084],[-75.2311998589999,8.47120121200004],[-75.23577540899993,8.483677509000074],[-75.24140008299992,8.48728176700007],[-75.26749764599992,8.487636941000062],[-75.27964189199992,8.49151641800006],[-75.28890579499995,8.49990998900006],[-75.3069006149999,8.496568535000051],[-75.31436382299995,8.502373041000055],[-75.30431116799991,8.517750177000039],[-75.31324938999995,8.528267911000057],[-75.31507865299994,8.536179694000054],[-75.3244150779999,8.537733452000055],[-75.32251031299995,8.547158986000056],[-75.3303186309999,8.552782320000063],[-75.32829982899995,8.562404130000061],[-75.32199605499994,8.565656689000093],[-75.31733725999993,8.57559116100009],[-75.31834414799994,8.590370119000056],[-75.34104501199994,8.638085968000041],[-75.33896834099994,8.646015284000043],[-75.35146076299992,8.657985737000047],[-75.35384781499994,8.670986455000047],[-75.34828069399993,8.690736361000063],[-75.34121830899994,8.694735918000049],[-75.33586720199992,8.711336739000046],[-75.34053079199992,8.719769057000065],[-75.32967512499994,8.72563600500007],[-75.32800872199994,8.736497041000064],[-75.33144918999994,8.745855565000056],[-75.32418662899994,8.755530959000055],[-75.33335768499995,8.757844010000042],[-75.34387255099995,8.776947146000055],[-75.36294669199992,8.785415408000063],[-75.36919210299993,8.791867423000042],[-75.36725567699995,8.810042619000058],[-75.37161046499995,8.826524067000037],[-75.3636575189999,8.82893351100006],[-75.35352694199992,8.840709226000058],[-75.35083513299992,8.850438501000042],[-75.33573085599994,8.853380281000057],[-75.3316324299999,8.86554061600009],[-75.31904027299993,8.858220729000038],[-75.30881282099995,8.859733818000052],[-75.29621513399991,8.87224982500004],[-75.2871853609999,8.890040913000064],[-75.28930382599992,8.896968039000058],[-75.28337834699994,8.906360446000065],[-75.27778160499992,8.903549679000037],[-75.27098437899991,8.912042557000063],[-75.26523059999994,8.895488165000074],[-75.26041185799994,8.896999880000067],[-75.24464619699995,8.88226581500004],[-75.23267438699992,8.894630111000083],[-75.22549247499995,8.90768048600006],[-75.21692084499995,8.915788851000059],[-75.20359073999992,8.915395697000065],[-75.19242422699995,8.920129624000083],[-75.18634496699991,8.91425015200008],[-75.18052412999992,8.929685866000057],[-75.19203064999994,8.936017861000039],[-75.18797468899993,8.94417364800006],[-75.17156335499993,8.928809295000065],[-75.1676589089999,8.944463015000053],[-75.16838904999992,8.952432568000063],[-75.18037279899994,8.967236592000063],[-75.18783417499992,8.96748001900005],[-75.18637178799992,8.986416615000053],[-75.2075788699999,9.006669095000063],[-75.21189518499995,9.035277302000054],[-75.20907990699993,9.049934072000042],[-75.22413698899993,9.073111503000064],[-75.23618911999995,9.067119165000065],[-75.24925698399994,9.072244529000045],[-75.25690286299994,9.07146453300004],[-75.27137312699995,9.076762497000061],[-75.28108523199995,9.072889438000061],[-75.28671987399991,9.080948749000072],[-75.29306726199991,9.080251030000056],[-75.31119901999995,9.096274811000058],[-75.31043556399993,9.117659452000055],[-75.32099611099994,9.115626813000063],[-75.32810764499993,9.126454305000038],[-75.33579612999995,9.131019707000064],[-75.34647944499994,9.123746519000065],[-75.35593911599994,9.128705212000057],[-75.35554984999993,9.13669554200004],[-75.36510588999994,9.139278812000043],[-75.3793723579999,9.13683229500009],[-75.3787685769999,9.148499684000058],[-75.39196055799994,9.159682467000039],[-75.41052040299991,9.144818968000038],[-75.42293006699992,9.150553650000063],[-75.4305505339999,9.14932624100004],[-75.43531213999995,9.140337677000048],[-75.44492059399994,9.140731566000056],[-75.45474840299994,9.148208711000052],[-75.45775868999993,9.155267202000061],[-75.46628995399993,9.158013376000042],[-75.45824720399992,9.17467423700009],[-75.45929940299993,9.192039865000083],[-75.46545260499994,9.204728570000043],[-75.46618117499992,9.21318626100009],[-75.4597305339999,9.224751014000049],[-75.45863074599993,9.23857543400004],[-75.46921014999992,9.245799659000056],[-75.48060147799993,9.249267326000052],[-75.49623715899992,9.261904943000047],[-75.49392474199993,9.272698542000057],[-75.4985588209999,9.285784359000047],[-75.5078588579999,9.273371043000054],[-75.50979311899994,9.260374591000073],[-75.5482659779999,9.259776848000058],[-75.55826320699992,9.27142775100009],[-75.56932665699992,9.279685923000045],[-75.58423569099995,9.272962344000064],[-75.58923951199995,9.278677534000053],[-75.6093671289999,9.280988187000048],[-75.60301106199995,9.29940864300005],[-75.59408406299991,9.296328705000064],[-75.5876652199999,9.302527141000041],[-75.59556436499992,9.31019561100004],[-75.59972095499995,9.325432902000045],[-75.61367153799995,9.331290728000056],[-75.61477747999993,9.337474133000057],[-75.63484425599995,9.352334587000087],[-75.64095922799993,9.348877522000066],[-75.64853967699992,9.362045969000064],[-75.66114983099993,9.357633321000037],[-75.67150252099992,9.343088907000038],[-75.6876010709999,9.355980603000091],[-75.68920300399992,9.364606741000046],[-75.7044041019999,9.372208409000052],[-75.70152503399993,9.395749748000071],[-75.70557142899992,9.399692990000062],[-75.70005160199992,9.411748583000076]]]},"properties":{"DPTO_CCDGO":"23","DPTO_CNMBR":"CÓRDOBA","DPTO_ANO_C":1951,"DPTO_ACT_A":"Ley 9 del 18 de Diciembre de 1951","DPTO_NAREA":25086.2209923,"DPTO_CSMBL":"3","DPTO_VGNC":2021,"Shape_Leng":9.72565590579,"Shape_Area":2.05750640835}},
{"type":"Feature","geometry":{"type":"Polygon","coordinates":[[[-73.05255695499994,4.736324805000038],[-73.0621091939999,4.731848809000041],[-73.07253059999994,4.738078615000063],[-73.0785926609999,4.726491065000062],[-73.07206718599991,4.719925333000049],[-73.0804483679999,4.708917692000057],[-73.0796033819999,4.704388993000066],[-73.09148145299991,4.68881592200006],[-73.09141395299991,4.676215691000039],[-73.10025662999993,4.669436805000089],[-73.10333291599994,4.661261642000056],[-73.1127407749999,4.661231913000051],[-73.1209428649999,4.671430106000059],[-73.1473176689999,4.655338755000059],[-73.1596163719999,4.662434619000067],[-73.19351138799993,4.672136701000056],[-73.20789042899992,4.680590327000061],[-73.22351503699991,4.678581469000051],[-73.2343970259999,4.694341474000055],[-73.2282284129999,4.714969956000061],[-73.21972608699991,4.724911679000058],[-73.2230368299999,4.733288926000057],[-73.2363457639999,4.736738528000046],[-73.24819035899992,4.733203635000052],[-73.25723738699992,4.738733793000051],[-73.26901788799995,4.740645416000064],[-73.28320416499992,4.722278313000061],[-73.30629709899995,4.731387553000047],[-73.30603691899995,4.74465710000004],[-73.31034549299994,4.752759987000047],[-73.31382037999992,4.770539074000055],[-73.33381792599994,4.788502924000056],[-73.35273534099991,4.795811901000093],[-73.37183636399993,4.800823026000046],[-73.37227440599992,4.811092100000053],[-73.3656527469999,4.825403983000058],[-73.37535262499995,4.831796172000054],[-73.37467146799992,4.839773080000043],[-73.38324800899994,4.84816866500006],[-73.3912002539999,4.848974553000062],[-73.39349764799994,4.865996980000091],[-73.40200348999991,4.87993349900006],[-73.42110281299995,4.879314191000049],[-73.43181418499995,4.881451961000039],[-73.44641825999992,4.889803140000083],[-73.45150417899993,4.883020602000045],[-73.46961638399995,4.892720184000041],[-73.48671666199994,4.890827619000049],[-73.49410605499992,4.884002673000055],[-73.52087070199991,4.878956319000054],[-73.5246102609999,4.892310744000042],[-73.53274505899992,4.891232689000049],[-73.53867728799992,4.896568797000043],[-73.54116219999992,4.911179985000047],[-73.54676691599991,4.923589588000084],[-73.54426459799993,4.945074396000052],[-73.53375269399993,4.953812884000058],[-73.52408282899995,4.973502946000053],[-73.51871593899995,4.979418218000092],[-73.51695750899995,4.990587027000061],[-73.51009772599991,4.992796730000066],[-73.5219422909999,5.017546503000062],[-73.52174593699993,5.028293199000075],[-73.51600460299994,5.035376737000092],[-73.49617309099995,5.039925876000041],[-73.48626808699993,5.050899969000056],[-73.48757876699995,5.058892288000038],[-73.47987473499995,5.06367711300004],[-73.48223010799995,5.083159550000062],[-73.49453516599993,5.106353611000088],[-73.49171317699995,5.128926177000039],[-73.48169179699994,5.154023160000065],[-73.50363252099993,5.151687165000055],[-73.51194093999993,5.162297359000092],[-73.51026377799991,5.187950172000058],[-73.52190258699994,5.192192317000092],[-73.52345493599995,5.220452201000057],[-73.51514201899994,5.231280069000093],[-73.52779878799993,5.24451081300009],[-73.52687545499992,5.258838691000051],[-73.53375153299993,5.272038616000088],[-73.53185353099991,5.277992648000065],[-73.54977219099993,5.297777440000061],[-73.56724184199993,5.304656008000052],[-73.57731569299995,5.301528190000056],[-73.58908187199995,5.30745280800005],[-73.5993660769999,5.318812745000059],[-73.59396731499993,5.329148739000061],[-73.59467839799993,5.361149620000049],[-73.59945618199993,5.370300994000047],[-73.59875949999991,5.378338233000079],[-73.59008823499994,5.389884109000093],[-73.59423514799994,5.400286150000056],[-73.61162203899994,5.405298894000055],[-73.61782884999991,5.404363646000093],[-73.62695572099994,5.412659044000065],[-73.64091623799993,5.41790293400004],[-73.65374775099991,5.417737210000041],[-73.65533691299993,5.426222877000043],[-73.67835264299993,5.434769203000087],[-73.67499126099995,5.442301129000043],[-73.67909407499991,5.454006011000047],[-73.69665626599993,5.446774615000038],[-73.70679220999995,5.455937367000047],[-73.71953141799992,5.458814276000055],[-73.71798843399995,5.47631337200005],[-73.72836309899992,5.479160187000048],[-73.7431492099999,5.469009895000056],[-73.74707680599994,5.489626504000057],[-73.75908178999993,5.484782561000088],[-73.76883104299992,5.48659628300004],[-73.78269833999991,5.499845833000052],[-73.79159601999993,5.531460702000061],[-73.78990567999995,5.553125804000047],[-73.80467054499991,5.571397784000055],[-73.81806733899992,5.554222843000048],[-73.83115490499995,5.55299728500006],[-73.84882584099995,5.543376281000064],[-73.85752643799992,5.53114867000005],[-73.8688054509999,5.532523170000047],[-73.8845004929999,5.522560232000046],[-73.89057879499995,5.512715879000041],[-73.90490975099993,5.52931366200005],[-73.91131113499995,5.522798991000059],[-73.90622455599993,5.506947757000091],[-73.9095575899999,5.500188924000042],[-73.90480404499993,5.492651041000045],[-73.9015539959999,5.475359638000043],[-73.90534897299995,5.44604382700004],[-73.91251709799991,5.432232339000052],[-73.92544527699994,5.439997959000038],[-73.9421790099999,5.434081865000053],[-73.94748903599992,5.418122289000053],[-73.9646587279999,5.42219788500006],[-73.9729689859999,5.419355171000063],[-73.98145149499993,5.403542764000065],[-73.99058231499993,5.375591213000064],[-73.9996738289999,5.367535726000085],[-74.01996979899991,5.366142411000055],[-74.02357150499995,5.370435612000051],[-74.02192602699995,5.386421855000037],[-74.03174497999993,5.387571734000062],[-74.04050802499995,5.393010473000061],[-74.04490049899994,5.404296569000053],[-74.05557132199993,5.401407328000062],[-74.07357519599992,5.408165565000047],[-74.09279482199992,5.437208478000059],[-74.09809638999991,5.469826180000041],[-74.11309829399994,5.466970924000066],[-74.11972048199993,5.449284556000066],[-74.12309187599993,5.429073464000055],[-74.12879098999991,5.429949279000084],[-74.13712509599992,5.443226589000062],[-74.14391466199993,5.448484452000059],[-74.15106436899993,5.444351456000049],[-74.15910522799993,5.448106612000061],[-74.17206899199994,5.460522661000084],[-74.18238713099993,5.463738198000044],[-74.18655753899992,5.473565796000059],[-74.20192375099992,5.497010591000048],[-74.21428069599995,5.498245367000038],[-74.22585244299995,5.490373809000062],[-74.23250799599992,5.480219986000066],[-74.24451852099992,5.476295113000049],[-74.25407730299992,5.489126830000089],[-74.25446956299993,5.497937671000045],[-74.2456649259999,5.522502325000062],[-74.24290769299995,5.544707797000058],[-74.25962585999991,5.559761791000085],[-74.27253852599995,5.56052909400006],[-74.29169374199995,5.56918491600004],[-74.3021262069999,5.585348808000049],[-74.31015992699992,5.618870464000054],[-74.30616685399991,5.638441940000064],[-74.30864049799993,5.647076019000053],[-74.29369221499991,5.659718446000056],[-74.28515264499993,5.663710018000074],[-74.28354204199991,5.67957225300006],[-74.27798677399994,5.688656815000058],[-74.2799615639999,5.699199847000045],[-74.2933136389999,5.701709165000068],[-74.3041580389999,5.709668717000056],[-74.30225826299994,5.724241086000063],[-74.28723220199993,5.745492136000053],[-74.29585677599994,5.754571483000063],[-74.2950579809999,5.762140601000056],[-74.30714261599991,5.771889853000062],[-74.31166718199995,5.785103595000066],[-74.30139266299994,5.79152795400006],[-74.30281379699994,5.799885965000044],[-74.31528510499993,5.801752669000052],[-74.31783319199991,5.813791903000038],[-74.33399447399995,5.82736071700009],[-74.33496572799993,5.837235622000037],[-74.34632750799994,5.830668264000053],[-74.34585140899992,5.823374938000086],[-74.37219950999992,5.800728140000047],[-74.38834377299992,5.781657345000042],[-74.39423116499995,5.784257389000061],[-74.41854790199994,5.770026500000085],[-74.4317354929999,5.758513414000049],[-74.44053614199993,5.765365709000093],[-74.46176240799991,5.766415360000053],[-74.46208461999993,5.773894192000057],[-74.4812076149999,5.775977604000047],[-74.49031089499994,5.780193779000058],[-74.50088059099994,5.779146215000083],[-74.51098263699993,5.783746722000046],[-74.51721741699993,5.791162177000047],[-74.5239852659999,5.786099777000061],[-74.53019430799992,5.790584810000041],[-74.53943925099992,5.785236678000047],[-74.54169881199994,5.778429023000058],[-74.5507782219999,5.773009969000043],[-74.55107830599991,5.764998716000093],[-74.57857712099991,5.751599930000054],[-74.58487425999994,5.759003728000039],[-74.59273798699991,5.747175191000053],[-74.61126880299992,5.751837131000059],[-74.61132669699992,5.756994558000088],[-74.62773502499994,5.762189599000067],[-74.63844036099994,5.754915592000089],[-74.6396224309999,5.741334499000061],[-74.64392596399995,5.735186199000054],[-74.65201562099992,5.740502975000084],[-74.6540107109999,5.75373428000006],[-74.66102469999993,5.752378124000074],[-74.6579789939999,5.743812070000047],[-74.65995394099991,5.734793916000058],[-74.65769345099994,5.723324904000037],[-74.64927015799992,5.708286720000046],[-74.63778731199994,5.709177663000048],[-74.62754096799995,5.696831137000061],[-74.62816931899994,5.67819471100006],[-74.63546070399991,5.661625255000047],[-74.63704377199991,5.651273005000064],[-74.62919353199993,5.636748388000058],[-74.6296069679999,5.629333384000063],[-74.64477082499991,5.618837425000038],[-74.6447102489999,5.60463102600005],[-74.65303233199995,5.573769190000064],[-74.65163714099992,5.565139995000038],[-74.64149665799994,5.549598613000057],[-74.64142328899993,5.53927494900006],[-74.65635130099992,5.523170554000046],[-74.67433479399995,5.515904503000058],[-74.66574439199991,5.483368038000037],[-74.65955779399991,5.449227531000076],[-74.67702648199992,5.436566132000053],[-74.66777298999995,5.420358035000049],[-74.66705909599995,5.405249895000054],[-74.6815548479999,5.403162785000063],[-74.68523111499991,5.398915455000065],[-74.6778428849999,5.377821526000048],[-74.6887646109999,5.364508448000038],[-74.69747344599995,5.365079515000048],[-74.70960790499993,5.340140775000066],[-74.71469983299994,5.315012018000061],[-74.72722175299992,5.306118781000066],[-74.7329622009999,5.296452224000063],[-74.73427575799991,5.286864727000079],[-74.72498724899992,5.264369393000038],[-74.72732062099993,5.252911917000063],[-74.72335653699992,5.239851581000039],[-74.7303723149999,5.232173149000062],[-74.7296627149999,5.213031525000076],[-74.7335569139999,5.20313514500009],[-74.71986737399993,5.198326566000048],[-74.71466137499993,5.186024719000045],[-74.71915570599992,5.163709557000061],[-74.73103348399991,5.149541639000063],[-74.73152806999991,5.140726298000061],[-74.71981957799994,5.11948996700005],[-74.71680799799992,5.092314671000054],[-74.72974825799992,5.074332083000058],[-74.72589762299992,5.058422866000058],[-74.73016743499994,5.036458680000067],[-74.73814826599994,5.024337270000046],[-74.74318211399992,5.008223972000053],[-74.73327684799995,4.997409247000064],[-74.72120573399991,4.994855733000065],[-74.70606054599995,4.98300490400004],[-74.71472739099994,4.972211572000049],[-74.7303330769999,4.977692504000061],[-74.74387368899994,4.966350438000063],[-74.74898455599993,4.951862974000051],[-74.73354576199995,4.934604408000041],[-74.73219305399994,4.926851086000056],[-74.7396877349999,4.910762210000087],[-74.73991338399992,4.902040450000072],[-74.73166516299995,4.893990191000057],[-74.73704300599991,4.883861381000088],[-74.75030613799993,4.889107247000084],[-74.75492513899991,4.885939931000053],[-74.75205475999991,4.865847277000057],[-74.75977508599993,4.851924286000042],[-74.76950798599995,4.842917235000073],[-74.7660847059999,4.835601943000086],[-74.74913082799992,4.829701113000056],[-74.74437493599993,4.823403959000075],[-74.74600564199994,4.812159629000064],[-74.74305798299991,4.790287477000049],[-74.74558454999993,4.786225152000043],[-74.7686459009999,4.77500759600008],[-74.77706756599991,4.759423714000093],[-74.7769437149999,4.752116483000066],[-74.79449342299995,4.74760959200006],[-74.8145032669999,4.735744018000048],[-74.8191027279999,4.725983842000062],[-74.81726972799993,4.715778489000058],[-74.80412808299991,4.705908417000046],[-74.80129599599991,4.699971959000038],[-74.80764957199995,4.67901630700004],[-74.80720370699993,4.669448789000057],[-74.78823895099993,4.658214330000078],[-74.7865267169999,4.64726700600005],[-74.79559264099993,4.642901246000065],[-74.80228061299994,4.625791176000064],[-74.81500634399993,4.616465168000047],[-74.81368833099992,4.60572948500004],[-74.80015466399993,4.600287628000046],[-74.7935806239999,4.591084182000088],[-74.80622021599993,4.590409471000044],[-74.81476655699993,4.586181280000062],[-74.80514067799993,4.56701948500006],[-74.80891905599992,4.554919664000067],[-74.80154221799995,4.543899379000038],[-74.80514067799993,4.535982769000043],[-74.7869684559999,4.508904360000088],[-74.79460740799993,4.500017164000042],[-74.8008534299999,4.484034697000084],[-74.80446632799993,4.458928141000058],[-74.81744825499993,4.445150151000064],[-74.83312273999991,4.443373351000048],[-74.8307469639999,4.423214121000058],[-74.83510537599994,4.411952929000051],[-74.83265524199993,4.405403535000062],[-74.83805024499992,4.395508764000056],[-74.8390868429999,4.382598445000042],[-74.84339813399993,4.375059573000044],[-74.85437661899994,4.366366311000093],[-74.85190292499993,4.358874555000057],[-74.85669585099993,4.33392602300006],[-74.86491889199993,4.332104460000039],[-74.88270078199992,4.317636074000063],[-74.88309979099995,4.300218493000045],[-74.88948392099991,4.291908712000065],[-74.87895357399992,4.266059913000049],[-74.85475285299992,4.268506006000052],[-74.83365179299994,4.275717072000077],[-74.81302906099995,4.294180465000068],[-74.80753416099992,4.286203834000048],[-74.79676788099994,4.288245807000067],[-74.77700828699994,4.282209103000071],[-74.77747122699992,4.272361132000071],[-74.7712118579999,4.260673523000094],[-74.7655008939999,4.256982229000073],[-74.7519976559999,4.259161615000039],[-74.7403250879999,4.24243182500004],[-74.7340956509999,4.247765500000071],[-74.72189834399995,4.231042436000052],[-74.71124651799994,4.232535407000057],[-74.7004537119999,4.218373761000066],[-74.7016743879999,4.212055443000054],[-74.67679839499993,4.20664322500005],[-74.65647824599995,4.214603197000088],[-74.6550577079999,4.203395936000049],[-74.64047957299994,4.210338807000085],[-74.6320901329999,4.224155814000085],[-74.62713949199991,4.222836132000054],[-74.6188774179999,4.238312872000051],[-74.61986229599995,4.251868866000052],[-74.6045911029999,4.257077049000088],[-74.60122496399993,4.262278046000063],[-74.58854248299991,4.267410677000044],[-74.58014248099994,4.266645127000061],[-74.56253001999994,4.272129584000083],[-74.54375372399994,4.259308148000059],[-74.5348831949999,4.245997595000063],[-74.51885728299993,4.24049321800004],[-74.51178309099993,4.218480328000055],[-74.51249689199994,4.211221605000048],[-74.50129379399993,4.187651050000056],[-74.48334305799995,4.176734427000042],[-74.48366120599991,4.147237503000042],[-74.4756338919999,4.134264100000053],[-74.47645894499993,4.111499861000084],[-74.4833914909999,4.10696964400006],[-74.4862729969999,4.096391843000049],[-74.5086571729999,4.078136740000048],[-74.52567055599991,4.052133067000057],[-74.5314022789999,4.033718523000061],[-74.52525897299995,4.01392332100005],[-74.53364133699995,3.993312113000059],[-74.5311144069999,3.967602506000048],[-74.51308620099991,3.953410947000066],[-74.51137553299992,3.946747260000052],[-74.51497996199993,3.927214622000065],[-74.52262848399994,3.91707196100009],[-74.52587892799994,3.895458201000054],[-74.52292204799994,3.886753704000057],[-74.52872807499995,3.878511661000061],[-74.53946045099991,3.846039125000061],[-74.53474407899995,3.843206595000083],[-74.50983084899991,3.832790091000049],[-74.50709390499992,3.824494529000049],[-74.48609302699992,3.817441687000041],[-74.47931745199992,3.823535796000044],[-74.46245024599995,3.81915493200006],[-74.45023019299992,3.818993833000093],[-74.44530024599993,3.800804851000066],[-74.45042139899994,3.79459085700006],[-74.45818780199994,3.772629377000044],[-74.45774117899992,3.755717790000062],[-74.46350979099992,3.742082572000072],[-74.4526538099999,3.730501193000066],[-74.43958715699995,3.730633099000045],[-74.44558987099992,3.73523128700009],[-74.45067485499993,3.74986418900005],[-74.43366092499991,3.764625067000054],[-74.4336573189999,3.77899110900006],[-74.41568498999993,3.794513289000065],[-74.41210611299994,3.803933814000061],[-74.39518380399994,3.82397489400006],[-74.3856952239999,3.856176259000051],[-74.38651056999993,3.862727577000044],[-74.37535108599991,3.876651401000061],[-74.35952893599995,3.913906165000071],[-74.35469476999992,3.944621176000055],[-74.35689156099994,3.970980327000063],[-74.36558414599995,3.981855429000063],[-74.37450965599993,3.98606546700006],[-74.36223122699994,4.012393347000057],[-74.3661404529999,4.036266922000038],[-74.3609475099999,4.048360349000063],[-74.35080035099992,4.056915812000057],[-74.35049143599991,4.074674427000048],[-74.33898659999994,4.103072851000093],[-74.32450772999994,4.12733819400006],[-74.30669696199993,4.111221379000085],[-74.29596529499992,4.104377639000063],[-74.27966426299992,4.101992029000087],[-74.26565272599993,4.091665982000052],[-74.26003183599994,4.091288492000047],[-74.25331894699991,4.099964441000054],[-74.24564163399992,4.103247643000088],[-74.24644537199993,4.112591640000062],[-74.2435374289999,4.131501818000061],[-74.24315544599995,4.159637309000061],[-74.23981191899992,4.171074746000045],[-74.24145033799994,4.180840612000054],[-74.23175961499993,4.216688180000062],[-74.22016582499992,4.225343817000066],[-74.21764059899994,4.234475911000061],[-74.2076681989999,4.243514325000092],[-74.20429544099994,4.252785911000046],[-74.20552942599994,4.268892236000056],[-74.21707764899992,4.273245502000066],[-74.22188455999992,4.282196833000057],[-74.21666121999993,4.286807529000043],[-74.2138084469999,4.30693309500009],[-74.2158836509999,4.341580782000051],[-74.21415132999994,4.380464098000061],[-74.2122846019999,4.393396521000057],[-74.20404977699991,4.418109745000038],[-74.19820373199991,4.426648913000065],[-74.18395536899993,4.463059703000056],[-74.18268628099992,4.479577436000056],[-74.1780695619999,4.486447163000093],[-74.18129880599992,4.513537113000041],[-74.18702676899994,4.527377571000045],[-74.17374478599993,4.540373263000049],[-74.1773936909999,4.546777600000041],[-74.17684374899994,4.560482732000082],[-74.1837810259999,4.596452107000061],[-74.20403470799994,4.600911541000073],[-74.22349808999991,4.626091011000085],[-74.21265952699991,4.63468348300006],[-74.20692829699993,4.645417170000087],[-74.16303563399993,4.659399948000043],[-74.16112025899992,4.667062241000053],[-74.16993418499993,4.669090106000056],[-74.17484761599991,4.676640654000039],[-74.16772115999993,4.687692135000077],[-74.17225752899992,4.711364364000076],[-74.1606624659999,4.71996144700006],[-74.1375901799999,4.73080851900005],[-74.12600047699993,4.729562008000073],[-74.12999800799992,4.74602556800005],[-74.11685655799994,4.761778373000084],[-74.1148641979999,4.785457786000052],[-74.10801793199994,4.788642971000058],[-74.10529194799994,4.796800046000044],[-74.09561950999995,4.798995861000037],[-74.07992527699992,4.80841521800005],[-74.08699175299995,4.816104746000065],[-74.0789609549999,4.822072268000056],[-74.08670057799992,4.832435595000049],[-74.07636419599993,4.836972832000072],[-74.06620859199995,4.835454970000058],[-74.05977037899993,4.829062902000089],[-74.05219921699995,4.832846004000089],[-74.03147333499993,4.823457700000063],[-74.00978399399992,4.82101343800008],[-74.00042505899995,4.805390826000064],[-74.00599327399993,4.797831832000043],[-74.01279352699993,4.797900817000084],[-74.01655695799991,4.786456285000042],[-74.0183501759999,4.767656265000085],[-74.0089335269999,4.754952158000037],[-74.00670007699995,4.727379834000089],[-74.01442250999992,4.69579626500007],[-74.01106397099994,4.683513977000075],[-74.00200611399993,4.674608250000063],[-74.01211734399993,4.662553091000063],[-74.02470895399995,4.662613107000084],[-74.02864664799995,4.654505742000083],[-74.02837154299993,4.642883062000067],[-74.00932824199992,4.638187630000061],[-74.00977761999991,4.626722072000064],[-73.98621098299992,4.629720001000067],[-73.99531437699994,4.614215027000057],[-73.99423189499993,4.600874],[-74.00344676999993,4.585992805000046],[-74.00534559199991,4.560592184000086],[-74.01455576699993,4.561571270000059],[-74.02895427099992,4.558545870000046],[-74.0319045729999,4.539415972000086],[-74.03562297799994,4.535638721000055],[-74.04227903399993,4.512401834000059],[-74.05590850499993,4.509020604000057],[-74.07189927199994,4.513109075000045],[-74.07521082799991,4.486330222000049],[-74.07643036699994,4.462403640000048],[-74.08496816099995,4.456412856000043],[-74.09192380899992,4.458928063000087],[-74.10695236899994,4.446751645000063],[-74.11214742699991,4.433134909000046],[-74.11255287199992,4.416843103000076],[-74.11677651699995,4.404412532000038],[-74.11130900599994,4.385806266000088],[-74.10570214199993,4.379581529000063],[-74.09773134199992,4.379907808000041],[-74.09439627299992,4.363342617000058],[-74.09822521099994,4.345619248000048],[-74.11239519999992,4.325322283000048],[-74.1142042969999,4.313401802000044],[-74.1219561719999,4.307785980000062],[-74.12921300399995,4.284209263000093],[-74.13609888199994,4.273086047000049],[-74.14631931999992,4.265046725000047],[-74.15218474699992,4.256301797000049],[-74.14539037499992,4.245171945000038],[-74.13807977399995,4.220585198000038],[-74.13572081599995,4.205178413000056],[-74.12548645699991,4.192919184000061],[-74.12127919099993,4.179912311000066],[-74.11187703799993,4.182362947000058],[-74.10941753399993,4.168658715000049],[-74.11445759899993,4.15539218300006],[-74.10940616799991,4.13333420500004],[-74.1191129309999,4.125809906000086],[-74.1290958539999,4.12527134000004],[-74.1315548359999,4.103507214000047],[-74.12780255199993,4.100131326000053],[-74.13263914599992,4.080455670000049],[-74.12626306899995,4.068692715000054],[-74.12530418699993,4.055068446000064],[-74.13412779499993,4.034295972000052],[-74.1468612779999,4.016594458000043],[-74.15067459799991,4.004849073000059],[-74.1373102419999,4.000358469000048],[-74.12369161299995,4.00125203500005],[-74.12389331799994,4.009134603000064],[-74.1002114179999,4.012891622000041],[-74.0925468499999,4.026534729000048],[-74.0814939359999,4.035006942000052],[-74.070697,4.057704231000059],[-74.05428583699995,4.062317163000046],[-74.03488801999993,4.060840246000055],[-74.03619473399993,4.081714891000047],[-74.03019882299992,4.084252365000054],[-74.02511342399993,4.09750026100005],[-74.01625846799993,4.097808693000047],[-74.00515317799994,4.110122752000052],[-74.00130209799994,4.103172187000041],[-73.9910671689999,4.103043448000051],[-73.98277884399994,4.109288311000057],[-73.97356973099994,4.100847359000056],[-73.96784143499991,4.090695059000041],[-73.95583634199994,4.09953728000005],[-73.95074380599993,4.113040157000057],[-73.9449894839999,4.118388379000066],[-73.9333116379999,4.149090049000051],[-73.92075319899993,4.143920843000046],[-73.9136278549999,4.148810530000048],[-73.89656424499992,4.142641007000066],[-73.88245858199991,4.152526841000054],[-73.87114597599992,4.167830928000058],[-73.83773482099991,4.176523676000045],[-73.8256164849999,4.170019203000038],[-73.8192250269999,4.180002150000064],[-73.81381368799993,4.201513207000062],[-73.80224597499995,4.197328551000055],[-73.7884561379999,4.200333866000051],[-73.77749289799993,4.19633932000005],[-73.75343823199995,4.192881849000059],[-73.74590571199991,4.197534147000056],[-73.75448156899995,4.213363826000091],[-73.75515260499992,4.228484918000049],[-73.7603318539999,4.236398265000048],[-73.75144746199993,4.258969522000086],[-73.74406458599992,4.26617520700006],[-73.76290567899991,4.27958250000006],[-73.7711154349999,4.294667179000044],[-73.7836367829999,4.300337229000093],[-73.7822566769999,4.322037685000055],[-73.78645585299995,4.341556659000048],[-73.79321492999992,4.353451239000037],[-73.79586115399991,4.369379182000046],[-73.7926818599999,4.381111363000059],[-73.80111267299992,4.383753275000061],[-73.80513216899993,4.395010404000061],[-73.81132627099993,4.400413894000053],[-73.8069565479999,4.422154951000039],[-73.79252285299992,4.441114875000039],[-73.7832847709999,4.448285978000058],[-73.76968200899995,4.451896993000048],[-73.76419941499995,4.449758553000038],[-73.75524432499992,4.461827412000048],[-73.74533430499991,4.455290339000044],[-73.73833067099991,4.460570455000038],[-73.73408833899992,4.470738863000065],[-73.7331808159999,4.48832746000005],[-73.72766399799991,4.502695428000038],[-73.7224696209999,4.503045134000047],[-73.71373876699994,4.515097991000061],[-73.70297549599991,4.518073681000089],[-73.69127600799993,4.517387627000062],[-73.68579453299992,4.529789914000048],[-73.6746515019999,4.533415397000056],[-73.66117131099992,4.546972897000046],[-73.65093792099992,4.544738333000055],[-73.64003769699991,4.547446708000052],[-73.63158073799991,4.558279094000056],[-73.62189984899993,4.562476822000065],[-73.61424832999995,4.555542905000038],[-73.60748770899994,4.55606036800009],[-73.59356991599992,4.54523725100006],[-73.5810816199999,4.543935773000044],[-73.56863065199991,4.527549668000063],[-73.57570032699994,4.516640822000056],[-73.57576143699993,4.498477198000046],[-73.59624906699992,4.48692888000005],[-73.6012844789999,4.467835961000048],[-73.60238186899994,4.454259224000054],[-73.5915704109999,4.444895380000048],[-73.58796596199994,4.433142390000057],[-73.57246449099995,4.419336054000041],[-73.57681444999992,4.396195197000054],[-73.57215854399993,4.388687147000041],[-73.57180446899991,4.37365118200006],[-73.55634911199991,4.355497637000042],[-73.55320201599994,4.349121177000086],[-73.55363632299992,4.334612698000058],[-73.54941724399993,4.328606014000059],[-73.55441307099994,4.319177799000045],[-73.5503668639999,4.307626895000055],[-73.52109840299994,4.292369608000058],[-73.49681790299991,4.283760782000058],[-73.48395445299991,4.285619744000087],[-73.47199427499993,4.276326821000055],[-73.46255146499993,4.278746357000045],[-73.45487042999991,4.288092099000039],[-73.44650662999993,4.288380072000052],[-73.4379283799999,4.295212837000065],[-73.43028618699992,4.306381422000072],[-73.42242516399995,4.305725402000064],[-73.41521266599995,4.311749905000056],[-73.3862639429999,4.318727013000057],[-73.38076294899992,4.317876149000085],[-73.3536448829999,4.321194295000055],[-73.32612132899993,4.30618419700005],[-73.29570344399991,4.298820401000057],[-73.28230995899992,4.29808997300006],[-73.2652820159999,4.290699825000047],[-73.26148665099993,4.293868037000038],[-73.2457007349999,4.287250648000054],[-73.23479082499995,4.286556813000061],[-73.21212797399994,4.273955335000039],[-73.20377129899992,4.273353331000067],[-73.18131067099995,4.25247530300004],[-73.17775400699992,4.244332262000057],[-73.15256835299994,4.226531555000065],[-73.14854698599993,4.227363539000066],[-73.13687721299993,4.213770922000037],[-73.12414289599991,4.25978439000005],[-73.08790887499993,4.500950491000083],[-73.05255695499994,4.736324805000038]]]},"properties":{"DPTO_CCDGO":"25","DPTO_CNMBR":"CUNDINAMARCA","DPTO_ANO_C":1886,"DPTO_ACT_A":"Constitucion Politica de 1886","DPTO_NAREA":22370.3676417,"DPTO_CSMBL":"3","DPTO_VGNC":2021,"Shape_Leng":13.1242741414,"Shape_Area":1.82362126956}},
{"type":"Feature","geometry":{"type":"Polygon","coordinates":[[[-76.98018975199994,8.255281794000041],[-76.99160714599992,8.25272515000006],[-77.01894854599993,8.25054110700006],[-77.03612359499994,8.25261947100006],[-77.04023599899995,8.256591395000044],[-77.04403293599995,8.272132007000039],[-77.06451590099994,8.291687545000059],[-77.07456860999991,8.304134300000044],[-77.07830703899992,8.317703961000063],[-77.07640572999992,8.325241984000058],[-77.08720727199994,8.329488384000058],[-77.09450336399993,8.347317760000067],[-77.10731226399992,8.357722175000049],[-77.11859217099993,8.37537637400004],[-77.11347606399994,8.382661450000057],[-77.12789170499991,8.397264867000047],[-77.12908251899995,8.409537220000061],[-77.1379844839999,8.415098039000043],[-77.15438241099992,8.419831909000038],[-77.16555738799991,8.434219219000056],[-77.1715036089999,8.433284836000041],[-77.18988480399992,8.43780141800005],[-77.2477066109999,8.47118879900006],[-77.25434526799995,8.49186796500004],[-77.27210199599995,8.502516055000058],[-77.2755150829999,8.509930102000055],[-77.26924664199993,8.526489126000058],[-77.27769287399991,8.53856496800006],[-77.27561170099995,8.548290936000058],[-77.28700336999992,8.57208554500005],[-77.29522297999995,8.577844514000049],[-77.30954400399992,8.594559753000055],[-77.32041338199991,8.600670208000054],[-77.3275898359999,8.619953361000057],[-77.33777392999991,8.622542216000056],[-77.3466100739999,8.633953644000087],[-77.34643682399991,8.648857071000066],[-77.36484267799995,8.661888981000061],[-77.3698399999999,8.654056712000056],[-77.3647046769999,8.641129008000064],[-77.37172830599991,8.637080169000058],[-77.38491960099992,8.642489603000058],[-77.3922256649999,8.650941902000056],[-77.4013106569999,8.649809575000063],[-77.40876899799991,8.643993056000056],[-77.39987764099993,8.61721648300005],[-77.40455096199992,8.610853582000061],[-77.39068914799992,8.58719829100005],[-77.4048203829999,8.584572423000054],[-77.42836261199994,8.558038641000053],[-77.44011131399992,8.55655654800006],[-77.43751929199993,8.539072701000066],[-77.44058437399991,8.522717295000064],[-77.44504419499992,8.514097450000065],[-77.45551358699993,8.510402512000041],[-77.44958027199993,8.500323901000058],[-77.44627265199995,8.480580025000052],[-77.4475554149999,8.472608379000064],[-77.4376616049999,8.470808472000044],[-77.4133361989999,8.478217138000048],[-77.40186498799994,8.476467932000048],[-77.40361992999993,8.465944935000039],[-77.39761588599993,8.461640258000045],[-77.39472197999993,8.45168583800006],[-77.3861239389999,8.440519375000065],[-77.38561622399993,8.432544242000063],[-77.36985608299995,8.40783257000004],[-77.35896346399994,8.401132722000057],[-77.35548379099993,8.38700016100006],[-77.3616258209999,8.377317753000057],[-77.35838982999991,8.366301759000066],[-77.34784596299994,8.357137738000063],[-77.35034823799992,8.337463888000059],[-77.3553412199999,8.31755178800006],[-77.34967154399993,8.29646415700006],[-77.33239453199991,8.281476773000065],[-77.33375045199995,8.273996350000061],[-77.31982721299994,8.27409470300006],[-77.31315368299994,8.270482635000064],[-77.30604150199991,8.283317898000064],[-77.2996431709999,8.281448028000057],[-77.29952903799995,8.268516874000056],[-77.28623743199995,8.256609643000047],[-77.29008714499992,8.24416007700006],[-77.2799910249999,8.227348345000053],[-77.28077859799993,8.21819571800006],[-77.26928387599992,8.21168080600006],[-77.26172575499993,8.211957901000062],[-77.26066158499992,8.19370073400006],[-77.25244993199993,8.189085653000063],[-77.24781069699992,8.174836647000063],[-77.25184043999991,8.149951299000065],[-77.2322608419999,8.141826729000059],[-77.2269680739999,8.136762986000065],[-77.23479543899992,8.128146668000056],[-77.23324995099995,8.120107701000052],[-77.21804141399991,8.088963078000063],[-77.21943376299993,8.073283113000059],[-77.22644042299993,8.07065590700006],[-77.22998891999993,8.054342174000055],[-77.22132514399993,8.026237568000056],[-77.21501682699994,8.019707148000066],[-77.21246074499993,8.008218919000058],[-77.20010173399993,7.999692541000059],[-77.19227088999992,7.989251874000047],[-77.16562038299992,7.974229578000063],[-77.16411663799994,7.970459297000048],[-77.17964804899992,7.955932560000065],[-77.16534276999994,7.937265486000058],[-77.15857512399992,7.932259493000061],[-77.16861387299991,7.921467115000041],[-77.17964318199995,7.917237743000044],[-77.1902345119999,7.922186647000046],[-77.19640790999995,7.919402725000054],[-77.2080049679999,7.922294190000059],[-77.2150526499999,7.916512447000059],[-77.23790861499992,7.920912434000059],[-77.2532548179999,7.919974583000055],[-77.26955451399994,7.914075174000061],[-77.27569453199993,7.907859976000054],[-77.29011525899995,7.907906265000065],[-77.31237925599993,7.897425505000058],[-77.32459482399992,7.895960570000057],[-77.32280688599991,7.885526497000058],[-77.3350357949999,7.876137787000062],[-77.34112638499994,7.86351092600006],[-77.33656377599993,7.858773100000064],[-77.34519644999995,7.849655036000058],[-77.34843525199994,7.841252177000058],[-77.35767519199993,7.834649049000063],[-77.36379155799995,7.825166830000057],[-77.35867911699995,7.818827236000061],[-77.35619681399993,7.807133883000063],[-77.3366221089999,7.779899989000057],[-77.3394623499999,7.765917510000065],[-77.34471703499992,7.762260128000037],[-77.37226913399991,7.769956591000039],[-77.38413537899993,7.757551831000058],[-77.39114082499992,7.759959449000064],[-77.39954671099991,7.724211475000061],[-77.41153741099993,7.723917454000059],[-77.41806433599993,7.717960779000066],[-77.41720947199991,7.703304317000061],[-77.43515936599994,7.687215374000061],[-77.44014061899992,7.667651300000045],[-77.44619491399993,7.655271502000062],[-77.46696826999994,7.655403960000058],[-77.46556115999994,7.642296563000059],[-77.4685943479999,7.625578116000042],[-77.47877533699995,7.615714379000053],[-77.49250625699995,7.58338761400006],[-77.48742574099992,7.57790340300005],[-77.49249887799994,7.567386021000061],[-77.50499840399993,7.568400700000041],[-77.5151901669999,7.575089907000063],[-77.5242648649999,7.57193568200006],[-77.52566175499993,7.561841616000038],[-77.53403361599993,7.542836664000049],[-77.54731701199995,7.531023038000058],[-77.56852324999994,7.508028620000061],[-77.5762091549999,7.514836780000053],[-77.58385885099995,7.514049263000061],[-77.59009439099992,7.521955880000064],[-77.59036304699993,7.531373293000058],[-77.60691137499992,7.541160558000058],[-77.61048955399991,7.550158060000058],[-77.61004380999992,7.56168873300004],[-77.62427572799993,7.579235224000058],[-77.63101897799993,7.594903655000053],[-77.63910153199993,7.624827132000064],[-77.64467363099993,7.635177413000065],[-77.6471227639999,7.652977116000045],[-77.6558165909999,7.661065011000062],[-77.67237255599991,7.668865234000066],[-77.68036341699991,7.683092891000058],[-77.69151160099995,7.68488138400005],[-77.69749806599992,7.693018065000047],[-77.71058219299994,7.692407107000065],[-77.72901354599992,7.695561011000052],[-77.72774800499991,7.686879993000048],[-77.73577237799992,7.685608581000054],[-77.74284411299993,7.67848914800004],[-77.74220010099992,7.67057389100006],[-77.74702033999995,7.647202784000058],[-77.74142939099994,7.639535179000063],[-77.74148590599992,7.627745613000059],[-77.74852215999994,7.61494046100006],[-77.74680125899994,7.605435441000054],[-77.7362240189999,7.601850680000041],[-77.73775449899995,7.586817370000063],[-77.73168090199994,7.567536141000062],[-77.7254658679999,7.564175901000056],[-77.7103037309999,7.527820931000065],[-77.70375716599995,7.520729308000057],[-77.70230393199995,7.509420650000038],[-77.71398877799993,7.497964319000062],[-77.7317962599999,7.473724517000051],[-77.7413430929999,7.465249681000046],[-77.75106341199995,7.467519595000056],[-77.76441474399991,7.458264881000048],[-77.78737014399991,7.463959359000057],[-77.7925,7.461014214000045],[-77.88302498199994,7.218681731000061],[-77.87419011199995,7.207053938000058],[-77.86753582999995,7.206716196000059],[-77.86110431599991,7.192717770000058],[-77.8527613139999,7.192394401000058],[-77.83725381999994,7.179502626000044],[-77.83616555499992,7.166158343000063],[-77.82133691699994,7.148052032000066],[-77.8051981129999,7.149321076000092],[-77.79134215199991,7.143516890000058],[-77.78241922099994,7.132616214000052],[-77.77314468199995,7.112814495000066],[-77.7521015879999,7.091992409000056],[-77.71354088399994,7.059544131000052],[-77.69033265399992,7.035521352000046],[-77.68120727899992,7.03394251800006],[-77.6798889289999,7.025151795000056],[-77.66240466099993,6.999765298000057],[-77.65703819099991,6.982380739000064],[-77.65577377099993,6.967540855000038],[-77.66131159299994,6.954473758000063],[-77.6693669149999,6.948386577000065],[-77.67865935499992,6.954712746000041],[-77.68165374199992,6.946643365000057],[-77.69592276899994,6.939333126000065],[-77.69666535699992,6.913971247000063],[-77.70714117599994,6.904974998000057],[-77.71103528499992,6.879375100000061],[-77.70694436199994,6.874785110000062],[-77.70080589499992,6.849208449000059],[-77.69485929599995,6.835491203000061],[-77.68918682999993,6.846446018000051],[-77.68457926999992,6.870727966000061],[-77.67331868899993,6.87614738700006],[-77.6632179049999,6.874270620000061],[-77.65873686799995,6.858318130000043],[-77.63565689299992,6.853035778000049],[-77.61706849899991,6.84258705700006],[-77.58618628499994,6.817590343000063],[-77.58036968699992,6.803120546000059],[-77.56971360599994,6.795023049000065],[-77.56515876399993,6.785069874000044],[-77.56532746199991,6.773050152000053],[-77.5489215959999,6.744737031000057],[-77.54525241699992,6.732126865000055],[-77.54726273299991,6.725308660000053],[-77.5382042569999,6.713643085000058],[-77.53312022999995,6.699315135000063],[-77.53856073599991,6.687028306000059],[-77.53452604599994,6.67902921600006],[-77.53687375699991,6.668963577000056],[-77.5260092119999,6.655832474000078],[-77.5157162349999,6.656620519000057],[-77.50676119099995,6.652852934000066],[-77.51007422899994,6.667944363000061],[-77.5057346609999,6.684060187000057],[-77.49576950099993,6.69230473600004],[-77.47973910799993,6.699566699000059],[-77.45864368999992,6.706532917000061],[-77.44864883699995,6.706228726000063],[-77.42805074699993,6.695473397000058],[-77.40404851499994,6.685331835000056],[-77.39965958499994,6.678863589000059],[-77.4054645519999,6.665817469000046],[-77.39839381699994,6.665162877000057],[-77.39687658199995,6.651786651000066],[-77.40537554199994,6.648348257000066],[-77.39776704699995,6.636125510000056],[-77.3976750839999,6.620775445000049],[-77.3813954229999,6.610900098000059],[-77.3701186209999,6.598205545000042],[-77.37368743499991,6.587547991000065],[-77.36884753699991,6.581551079000064],[-77.35689713999994,6.578374023000038],[-77.34546283899994,6.579644450000046],[-77.3311386929999,6.564146995000044],[-77.32528625999993,6.549342423000041],[-77.33679338999991,6.522592305000046],[-77.3394170389999,6.505302298000061],[-77.3485375169999,6.494867559000056],[-77.35929087099993,6.487839522000058],[-77.3601542369999,6.47928941300006],[-77.35163197999992,6.471421642000053],[-77.35291310299993,6.457064704000061],[-77.36250760399992,6.45512909200005],[-77.3603491909999,6.441635518000055],[-77.3638165779999,6.430634566000037],[-77.37349223099994,6.430302487000063],[-77.3603816829999,6.404262453000058],[-77.35937606199991,6.393119607000074],[-77.37224600099995,6.387162236000052],[-77.38095392799994,6.394161999000062],[-77.38906771099994,6.387255073000063],[-77.4035314109999,6.393419318000042],[-77.41080967799991,6.388183421000065],[-77.40200891599994,6.380849453000053],[-77.39305961799994,6.368019650000065],[-77.37961710399992,6.368428124000047],[-77.36977658899991,6.355059879000066],[-77.37050070299995,6.343882539000049],[-77.37696202199993,6.329066066000053],[-77.38013697999992,6.304483349000066],[-77.38541000999993,6.286027740000065],[-77.38100962899995,6.277431218000061],[-77.40065352399995,6.250360517000047],[-77.3949720199999,6.246034404000056],[-77.3987619749999,6.229177202000074],[-77.4091590299999,6.227499682000087],[-77.42518673099994,6.250193416000059],[-77.42899296799993,6.262540475000037],[-77.43680967899991,6.27154547400005],[-77.44603748199995,6.26924316800006],[-77.45713466799992,6.27169254000006],[-77.47019315999995,6.292024884000057],[-77.4682436249999,6.271229835000042],[-77.46816935599992,6.247185559000059],[-77.47841834499991,6.211574036000059],[-77.48267018999991,6.192789446000063],[-77.47611139399993,6.18426719100006],[-77.47204870099995,6.16537409700004],[-77.46678495399993,6.160287897000046],[-77.45506685099991,6.133614068000043],[-77.44722344999991,6.129102285000045],[-77.43398749399995,6.109859325000059],[-77.43273626399991,6.103402785000071],[-77.41652928899993,6.087178172000051],[-77.38818384399991,6.06203128900006],[-77.37311062399993,6.044223063000061],[-77.37331428099992,6.038857485000051],[-77.36368757699995,6.021786535000047],[-77.36369345199995,6.013215322000065],[-77.3588135199999,6.000329782000051],[-77.35313201499991,6.003160090000051],[-77.3549040659999,6.028665993000061],[-77.36206158599992,6.049155213000063],[-77.35271425799993,6.046460675000048],[-77.3477290159999,6.038253478000058],[-77.3491493919999,6.015290730000061],[-77.33572544499992,6.001365475000057],[-77.32945537199993,5.969812079000064],[-77.3191311089999,5.946737187000053],[-77.31678756299993,5.936529742000062],[-77.30881950499992,5.924121964000051],[-77.30707920499992,5.913233155000057],[-77.31182008299993,5.909756084000037],[-77.30462339299993,5.891827621000061],[-77.30276751299994,5.878385739000066],[-77.2943014519999,5.873171350000064],[-77.29602981699992,5.861053260000062],[-77.2898780079999,5.855829104000065],[-77.28977059499994,5.845605384000066],[-77.27834731099995,5.845538541000053],[-77.2754651969999,5.826925367000058],[-77.26565159599994,5.816408701000057],[-77.25684112899995,5.79461352900006],[-77.24730358099993,5.795619493000061],[-77.24163675499994,5.779886809000061],[-77.24718314899991,5.773884726000063],[-77.25795044199992,5.779951906000065],[-77.2549055639999,5.746709723000038],[-77.2561407039999,5.734994873000062],[-77.26413660899993,5.716082526000093],[-77.27843043299993,5.702198243000055],[-77.2845627129999,5.690050860000042],[-77.30031655399995,5.668919883000058],[-77.31702083199991,5.660730490000049],[-77.31707291099991,5.653986287000066],[-77.3272543189999,5.650015275000044],[-77.32647313599995,5.640862427000059],[-77.3384400509999,5.619879547000039],[-77.36346209299995,5.607746137000049],[-77.3772452739999,5.610515126000053],[-77.38657063599993,5.621305204000066],[-77.38696122699992,5.627388660000065],[-77.4211046069999,5.625550019000059],[-77.42904986099995,5.62035088600004],[-77.44039005299993,5.607498399000065],[-77.45069944599993,5.600549478000062],[-77.46898976499995,5.594949880000058],[-77.48405932399993,5.599806458000046],[-77.48916758099995,5.607955748000052],[-77.50370630099991,5.584896178000065],[-77.50185790499995,5.575223305000065],[-77.50589941299995,5.564311234000058],[-77.50540016799994,5.555158409000057],[-77.50968425699995,5.538026452000054],[-77.50729016699995,5.528689503000066],[-77.52182176499991,5.513195075000056],[-77.52446063199994,5.502407817000062],[-77.53942015399991,5.488161500000047],[-77.53879609799992,5.48047669400006],[-77.52429889399991,5.479788923000058],[-77.5102098879999,5.482913575000055],[-77.48793005899995,5.478156664000039],[-77.47185593199993,5.489980280000054],[-77.45000445099993,5.485592995000047],[-77.43165968199992,5.47084979400006],[-77.42895284499991,5.46278237100006],[-77.42979660799995,5.440215955000042],[-77.4195638569999,5.436382213000059],[-77.4191221559999,5.445963737000056],[-77.40736610099992,5.453886049000062],[-77.40377586099993,5.442557539000063],[-77.38986792799994,5.443661793000047],[-77.38976599599994,5.434034967000059],[-77.3967709289999,5.419283269000061],[-77.39574595499994,5.408778702000063],[-77.40341008399992,5.403425955000046],[-77.41323573799991,5.403023265000058],[-77.4092629989999,5.390211079000039],[-77.40471211699992,5.362391763000062],[-77.3975173739999,5.349398274000066],[-77.39648277399994,5.339945328000056],[-77.4017972229999,5.336556945000041],[-77.40339036899991,5.325090639000052],[-77.39288223499995,5.318759112000066],[-77.38784527799993,5.288284649000047],[-77.3924134589999,5.264201931000059],[-77.39095843299992,5.229552011000067],[-77.39224426899995,5.202853975000039],[-77.39718458899995,5.169016162000048],[-77.38618730099995,5.147326125000063],[-77.38395400499991,5.116195339000058],[-77.38002250499994,5.087808005000056],[-77.38120186299994,5.078282103000049],[-77.37843562199993,5.025444359000062],[-77.37498416499994,4.980930716000046],[-77.37495878699991,4.958445489000042],[-77.36827742899993,4.951184669000043],[-77.37146503299994,4.941860732000066],[-77.36456211899991,4.924637286000063],[-77.35989250099993,4.903556327000047],[-77.36266720099991,4.89188228200004],[-77.35297486999991,4.880184788000065],[-77.3607564859999,4.873371638000037],[-77.36023752499995,4.865587237000057],[-77.34867905099992,4.810921489000066],[-77.32964237599992,4.797447085000044],[-77.34744026999994,4.78123462700006],[-77.34138753199994,4.77320237400005],[-77.33499218499992,4.777557935000061],[-77.32641738399991,4.775509956000064],[-77.31992210999994,4.781005956000058],[-77.3129081649999,4.773765986000058],[-77.29988298199993,4.747077724000064],[-77.30447211899991,4.740253700000039],[-77.32239332699993,4.748496541000065],[-77.3285066919999,4.734482049000064],[-77.32599986399993,4.701831163000065],[-77.33014827999995,4.692657430000054],[-77.32100827499994,4.689284735000058],[-77.32102692599994,4.675355153000055],[-77.32491937099991,4.66412312500006],[-77.3258136629999,4.569517852000047],[-77.33245044199992,4.559785364000049],[-77.33622896899993,4.536033309000061],[-77.32477637999995,4.533075875000065],[-77.32279720899993,4.522298004000049],[-77.33520470399992,4.51370249100006],[-77.34195100199992,4.50391075400006],[-77.34381368999993,4.48260035900006],[-77.34961979299993,4.43912468700006],[-77.3532739929999,4.428194458000064],[-77.34338170699993,4.428162090000058],[-77.34915490999992,4.417177869000056],[-77.3544199829999,4.415664294000067],[-77.36556276999994,4.398598751000065],[-77.37008141699994,4.384456313000044],[-77.3761111149999,4.389085280000074],[-77.3933620759999,4.363750517000085],[-77.40539138299994,4.35294648100006],[-77.41884056799995,4.328729301000067],[-77.4274895609999,4.318350508000037],[-77.4438841509999,4.311245145000044],[-77.4182360829999,4.302468083000065],[-77.41372982199994,4.299172005000059],[-77.42349642699992,4.286370820000059],[-77.44989545199991,4.283275425000056],[-77.45257731499993,4.277552900000046],[-77.46809685199992,4.267809607000061],[-77.47634312699995,4.26604197000006],[-77.48532726799993,4.258468694000044],[-77.50003306899993,4.264364576000048],[-77.48952338099991,4.271121902000061],[-77.4818320839999,4.28754417600004],[-77.48333214399992,4.292798441000059],[-77.49907601399991,4.292972771000052],[-77.51475961099993,4.278886442000044],[-77.52482416999993,4.25761794400006],[-77.5257736559999,4.23388077900006],[-77.5313328009999,4.200690345000055],[-77.52584320599993,4.18790150600006],[-77.52407969599994,4.165082923000057],[-77.52692499299991,4.14415094800006],[-77.52549730899995,4.12637637000006],[-77.51088834899991,4.112660382000058],[-77.50811320499992,4.10551018600006],[-77.48532552599994,4.094496144000061],[-77.46586140999995,4.063747632000059],[-77.45678376299992,4.046675010000058],[-77.44962159399995,4.038513453000064],[-77.44469914699994,4.055960561000063],[-77.4292326499999,4.09096837900006],[-77.42890547399992,4.101438008000059],[-77.44110021199992,4.12071164200006],[-77.44214122599993,4.136683774000062],[-77.43580591099993,4.145785214000057],[-77.42114248299993,4.143138062000048],[-77.39208331499992,4.147629295000058],[-77.3892517569999,4.162066675000062],[-77.37636697499994,4.171739183000057],[-77.3747965309999,4.180055401000061],[-77.3631252749999,4.192262034000066],[-77.35295307899992,4.197473054000056],[-77.34228665499995,4.195999341000061],[-77.33040124599995,4.188539730000059],[-77.31851583899993,4.172870978000049],[-77.30684458299993,4.166018130000054],[-77.28974815599992,4.178688760000057],[-77.28510820699995,4.190110173000051],[-77.28735679699992,4.205814616000055],[-77.2802897979999,4.220983681000064],[-77.26333613799994,4.233618621000062],[-77.25348516999992,4.234153999000057],[-77.24841691799992,4.21948462000006],[-77.2504870489999,4.20003252500004],[-77.24841691799992,4.184435162000057],[-77.2406003879999,4.174370038000063],[-77.2218264409999,4.15634562200006],[-77.21504497599994,4.155953011000065],[-77.20495494499994,4.172733386000061],[-77.18891636699993,4.17257436500006],[-77.16708481899991,4.18372867000005],[-77.15808867599992,4.182978993000063],[-77.14317121499994,4.160794887000066],[-77.13368746299994,4.157317994000039],[-77.12928989499994,4.144647052000039],[-77.11629012299994,4.133120111000039],[-77.12289312799993,4.124815792000049],[-77.12002587699993,4.116570960000047],[-77.10426345799993,4.107703082000057],[-77.0959297949999,4.117130358000054],[-77.08653313699995,4.122501414000055],[-77.0825182989999,4.111285701000043],[-77.07300282799991,4.106533679000052],[-77.06605378299992,4.096295677000057],[-77.06027169299995,4.102463238000041],[-77.04900732399994,4.095153535000065],[-77.03827119699991,4.097323603000063],[-77.02645003399994,4.094639572000062],[-77.01939731199991,4.101206882000042],[-77.00887533399992,4.096038695000061],[-76.99440345399995,4.120461481000063],[-76.98421936099993,4.114726980000057],[-76.97573063199991,4.12213900100005],[-76.96942506199991,4.119343135000065],[-76.95375036199994,4.120116461000066],[-76.93451370799994,4.105181324000057],[-76.91456644599992,4.096493559000066],[-76.91233375799993,4.081446808000067],[-76.9011253999999,4.082185820000063],[-76.90118698399993,4.073030275000065],[-76.8917029879999,4.073871929000063],[-76.88283480899992,4.061039004000065],[-76.88346154699991,4.05502283900006],[-76.87266198299994,4.045707897000057],[-76.8674397129999,4.032366970000055],[-76.85395494699992,4.032148470000038],[-76.85005972499994,4.037379488000056],[-76.82882974499995,4.035156562000054],[-76.82347636399993,4.03208728900006],[-76.82554633699993,4.021706829000038],[-76.82039689499993,4.011122431000047],[-76.80920068099994,4.005208218000064],[-76.7938504139999,4.011106342000062],[-76.78635511199991,4.003170839000063],[-76.77492682799993,3.997160597000061],[-76.76874022899995,3.989189405000047],[-76.75947047099993,3.993494898000051],[-76.74985920499995,3.991533172000061],[-76.7472418019999,3.98510863100006],[-76.7357721539999,3.981799815000045],[-76.71275746299995,3.981123030000049],[-76.70015564599993,3.978145243000085],[-76.69253204699993,3.968809326000041],[-76.68164601099994,3.964942700000051],[-76.67545941299994,3.971724161000054],[-76.66237237799993,3.977494358000058],[-76.64996349099994,3.996672811000053],[-76.6245701279999,4.014874453000061],[-76.6023972719999,4.000661084000058],[-76.5971394529999,4.002502493000065],[-76.58887082599995,3.992627724000045],[-76.58628911499994,3.972842513000046],[-76.57225028999994,3.985810572000048],[-76.5635355149999,3.988071059000049],[-76.55770709099994,3.996313650000047],[-76.56008529399992,4.006345324000051],[-76.5380752829999,4.015089837000062],[-76.54170395699992,4.023774867000043],[-76.54152549999992,4.043732605000059],[-76.53575614899995,4.053480530000058],[-76.52533290699995,4.061931807000065],[-76.52441735499991,4.06728428200006],[-76.50933933699991,4.062896969000064],[-76.4989226699999,4.063833343000056],[-76.49018968199994,4.081369753000047],[-76.47265328399993,4.103582518000053],[-76.46227229899995,4.131577371000049],[-76.4529758939999,4.144916315000046],[-76.44487675599993,4.175693046000049],[-76.44438375699991,4.190595465000058],[-76.44670786199993,4.204518937000046],[-76.45135605999991,4.209730558000047],[-76.4545424129999,4.228760488000091],[-76.46605026899994,4.232690636000086],[-76.4711818259999,4.230391694000048],[-76.4873660319999,4.235882035000088],[-76.4908959199999,4.244153750000066],[-76.50587462699991,4.251946481000061],[-76.50896792999993,4.267918620000046],[-76.51515452899991,4.270892942000046],[-76.52663542999994,4.288619924000045],[-76.52960975199994,4.301254863000054],[-76.52544569199995,4.311248606000049],[-76.52961275199993,4.324721366000063],[-76.54869388399993,4.337202370000057],[-76.5478943839999,4.348861731000056],[-76.56203810099993,4.370485460000054],[-76.5527634149999,4.401836506000052],[-76.53952799899992,4.396297317000062],[-76.52646299799994,4.403846316000056],[-76.51548709399992,4.403249383000059],[-76.50199361499995,4.413203723000038],[-76.48122957699991,4.414605652000091],[-76.47409330999994,4.422751333000065],[-76.45357213799991,4.43316261700005],[-76.44879612299991,4.440309685000045],[-76.43447761399995,4.441944898000088],[-76.43091479799995,4.448620721000054],[-76.4185240299999,4.452281929000037],[-76.40858177299992,4.460113540000066],[-76.41021436099993,4.465684147000047],[-76.40172786099993,4.474191841000049],[-76.39579800999991,4.473457483000061],[-76.38629489399995,4.481169819000058],[-76.3824656999999,4.492976959000089],[-76.3679849639999,4.489601730000061],[-76.3804707999999,4.511748652000051],[-76.39424810999992,4.528742997000052],[-76.4034796119999,4.535526749000041],[-76.38440403699991,4.547639683000057],[-76.3812725169999,4.559631298000056],[-76.3572892869999,4.558502143000055],[-76.34461625299991,4.56177277200004],[-76.34364139699994,4.581523753000056],[-76.33424825899993,4.585981683000057],[-76.32801736399995,4.599589436000088],[-76.32126727399992,4.604548949000048],[-76.32019808199993,4.619156967000038],[-76.31286830899995,4.629604147000066],[-76.3001281569999,4.655045803000064],[-76.30325844899994,4.666871341000046],[-76.2978150539999,4.686575969000046],[-76.2975676019999,4.699288840000065],[-76.28861291399994,4.702784109000049],[-76.2856898789999,4.712403821000066],[-76.29860380899993,4.734628150000049],[-76.31210694299995,4.750618884000062],[-76.28685610199994,4.767145311000093],[-76.27624370599995,4.771023834000061],[-76.26065538699993,4.794951713000046],[-76.24751020299993,4.794040660000064],[-76.23056461899995,4.802090464000059],[-76.2206731949999,4.821124957000052],[-76.21149758599995,4.829389500000048],[-76.19210518999995,4.828608595000048],[-76.16077799699991,4.836352552000051],[-76.14500377099995,4.837914352000041],[-76.12973397099995,4.855814431000056],[-76.1310246619999,4.862808847000053],[-76.11678420399994,4.881500303000053],[-76.11414776099991,4.894240697000043],[-76.12999538999992,4.907241839000051],[-76.12000008399991,4.911993227000039],[-76.1022547959999,4.915259810000066],[-76.0947003739999,4.929977534000045],[-76.09448308299994,4.941544566000061],[-76.08879734899995,4.94645530300005],[-76.09024233699995,4.979764574000058],[-76.09852286199992,4.999616414000059],[-76.0945408369999,5.009892573000059],[-76.09676681899992,5.031032440000047],[-76.09142017099992,5.042660867000052],[-76.0770006379999,5.047229429000083],[-76.06900911999992,5.075415342000042],[-76.06978820099994,5.094996869000056],[-76.06197515799994,5.101403189000052],[-76.05892719199994,5.116425596000056],[-76.06042059299995,5.135854558000062],[-76.0770913419999,5.146299601000067],[-76.07704590599991,5.152741536000065],[-76.0963212719999,5.165087616000051],[-76.1034989549999,5.163300172000049],[-76.1114108129999,5.169486303000042],[-76.12467160699993,5.173033805000046],[-76.1335457639999,5.184964962000038],[-76.13842483399992,5.202788505000058],[-76.14249259399992,5.206042316000094],[-76.14080673399991,5.221827147000056],[-76.14247899199995,5.234200552000061],[-76.1625066439999,5.247550467000053],[-76.1637635319999,5.25477694600005],[-76.1736181739999,5.260251417000063],[-76.17751769799992,5.288370014000066],[-76.19081167899992,5.30402207800006],[-76.1933312999999,5.313595165000038],[-76.20136289699991,5.322139140000047],[-76.2015612969999,5.337974642000063],[-76.20627226899995,5.349152468000057],[-76.20103583699995,5.360049545000038],[-76.2041165999999,5.365538082000057],[-76.19537916199994,5.383051564000084],[-76.19068586899994,5.397238028000061],[-76.19121719599991,5.414584253000044],[-76.18504462999994,5.415554938000071],[-76.1787713619999,5.401951730000064],[-76.1681272049999,5.410631073000047],[-76.15645545699994,5.41177689400007],[-76.1435552289999,5.417145684000047],[-76.11855770199992,5.422066476000055],[-76.10966638299993,5.442014168000071],[-76.09802444199994,5.44883103300009],[-76.08888579099994,5.445715613000061],[-76.0777833059999,5.471720905000041],[-76.08038894999993,5.484890135000057],[-76.07557115899994,5.49959410200006],[-76.07940395599991,5.524590613000044],[-76.08542873199991,5.534316472000057],[-76.07198775299992,5.548480384000072],[-76.0533862659999,5.552688972000055],[-76.03704395299991,5.567172196000058],[-76.0250787249999,5.563396028000057],[-76.0090809479999,5.567649286000062],[-76.00637192199991,5.581182528000056],[-76.01124325899991,5.594474925000043],[-76.00236907499993,5.602230192000093],[-76.0071377239999,5.611080850000064],[-76.00603836699992,5.623093041000061],[-76.0114587569999,5.630564931000038],[-76.0220834079999,5.63569970900005],[-76.03570634199991,5.651523445000066],[-76.0441623829999,5.653995473000066],[-76.06601794399995,5.666893142000049],[-76.0661504009999,5.67153957000005],[-76.08695398999993,5.688642279000078],[-76.08027573499993,5.707988469000043],[-76.06322751699992,5.727048460000049],[-76.07085980999994,5.742425035000053],[-76.06119884299994,5.758127345000048],[-76.06552373399995,5.765274734000059],[-76.07385165599993,5.76144144500006],[-76.08036185499992,5.769191670000055],[-76.07149068199993,5.781432538000047],[-76.08445397899993,5.79092330900005],[-76.08141588399991,5.800037579000048],[-76.08141588399991,5.815699242000051],[-76.09927240899992,5.83111290100004],[-76.0989003979999,5.849818853000045],[-76.08743970499995,5.865897121000046],[-76.08230290799992,5.880517295000061],[-76.07419267699993,5.887584161000063],[-76.06098628299992,5.886034119000044],[-76.05639814699992,5.895210391000091],[-76.05633614499993,5.912242287000083],[-76.06073827599994,5.925554079000051],[-76.05398007999992,5.931177651000041],[-76.0559021329999,5.942027970000083],[-76.05112799199992,5.951328247000049],[-76.06758947499992,5.962240566000048],[-76.06678196399992,5.978117746000066],[-76.07099957899993,5.984133408000048],[-76.08752306499991,5.990519603000052],[-76.08888709999991,5.999987283000053],[-76.09645233999993,6.003148163000048],[-76.10485258099993,6.018401827000048],[-76.11353283099993,6.021253908000062],[-76.12373213199993,6.01821581300004],[-76.13185437599992,5.999801275000038],[-76.1446887489999,5.997817220000059],[-76.14921488399995,6.00302537400006],[-76.1595691899999,6.00370739400006],[-76.17265157999992,6.017391196000062],[-76.17023350399995,6.025699438000061],[-76.17474142999993,6.043577750000054],[-76.18323649199993,6.048207794000064],[-76.1917078379999,6.059553795000056],[-76.19695652399992,6.080175259000043],[-76.19592172199992,6.105451162000065],[-76.20205828999991,6.12182630600006],[-76.20067517199993,6.141202254000063],[-76.2057975809999,6.148304990000042],[-76.2025437989999,6.162801430000059],[-76.21333063899993,6.167067578000058],[-76.21465226899994,6.174122753000063],[-76.20946804599993,6.184548608000057],[-76.22358968599991,6.187808173000064],[-76.23767364199995,6.208345312000063],[-76.25029566799992,6.204215198000043],[-76.2605379659999,6.209461976000057],[-76.28518559199995,6.193406707000065],[-76.29562423699991,6.200685761000045],[-76.30973439299993,6.199792092000052],[-76.32640514899992,6.202591713000061],[-76.33096661399992,6.196878265000066],[-76.35126124499993,6.196153080000045],[-76.36264065199993,6.192552670000055],[-76.37781577699991,6.193474198000047],[-76.40517388799992,6.185585769000056],[-76.41120569799995,6.170266724000044],[-76.41987194299992,6.165732956000056],[-76.43794332399995,6.169561574000056],[-76.4503060209999,6.168826357000057],[-76.4676327169999,6.176584431000038],[-76.47559119699991,6.171098250000057],[-76.48158838699993,6.160441376000051],[-76.48952944199993,6.169375656000057],[-76.5004297779999,6.174441763000061],[-76.50819789499991,6.173904112000059],[-76.51757333299992,6.17930014600006],[-76.53166654299991,6.177586243000064],[-76.55991512799994,6.180186424000055],[-76.57112240999993,6.186490639000056],[-76.58258228099993,6.189144946000056],[-76.59668274099994,6.186949975000061],[-76.60138423599994,6.192533411000056],[-76.62047424399992,6.182943686000044],[-76.62660480499994,6.183238261000042],[-76.64541846299994,6.168244137000045],[-76.65544088799993,6.173254391000057],[-76.66349291499995,6.170608018000053],[-76.67134683099994,6.173663395000062],[-76.68318951599991,6.169978700000058],[-76.68475354499992,6.162954442000057],[-76.6939978229999,6.163219745000049],[-76.70351277299994,6.168887531000053],[-76.71601501899994,6.171030809000058],[-76.72033152199992,6.17758129300006],[-76.71404608899991,6.189773516000059],[-76.72116453199993,6.198690500000055],[-76.71752958199994,6.214934180000057],[-76.72689482399994,6.226511549000065],[-76.72306865099995,6.236981178000065],[-76.73249131699993,6.237171536000062],[-76.75584810499993,6.251410228000054],[-76.75961717199993,6.260452181000062],[-76.74964247199995,6.273891376000051],[-76.7542871789999,6.284608468000044],[-76.77703482699991,6.28567447000006],[-76.78396381599993,6.292584422000061],[-76.7830691389999,6.30924064900006],[-76.78977683499994,6.31887494700004],[-76.78734612399995,6.326211010000065],[-76.77784292399991,6.32987171700006],[-76.79078719099994,6.338657420000061],[-76.7882686239999,6.351440616000048],[-76.77403578699995,6.358923107000066],[-76.77441649899993,6.369583091000038],[-76.78743398199992,6.374752012000044],[-76.78472505799994,6.381517003000056],[-76.76769543799992,6.381004507000057],[-76.76507436999992,6.389292350000062],[-76.76984793399993,6.39746305500006],[-76.79204611799992,6.40923454600005],[-76.79570096999993,6.417572178000057],[-76.7860689119999,6.424482132000037],[-76.77217285899991,6.420560781000063],[-76.7617793739999,6.432153514000049],[-76.7715827529999,6.439805863000061],[-76.78380366499994,6.432819763000055],[-76.79591036199992,6.438321078000058],[-76.79324536599995,6.45126534700006],[-76.78150034599992,6.463391080000065],[-76.7670141879999,6.470358142000066],[-76.76865125699993,6.479152628000065],[-76.77721731699995,6.488917936000064],[-76.79198571199993,6.496167223000043],[-76.79692915399994,6.505256062000058],[-76.80515344199995,6.50612060800006],[-76.8162755059999,6.48779578500006],[-76.82126294199992,6.489543206000064],[-76.82284279499993,6.512668573000042],[-76.81901003899992,6.524359446000062],[-76.8274652149999,6.525438011000062],[-76.83913682699995,6.519621465000057],[-76.84528079499995,6.530214511000054],[-76.8516438449999,6.561326770000051],[-76.86478885299994,6.571886113000062],[-76.87488595299993,6.569979364000062],[-76.88668756999994,6.561341217000063],[-76.89886475899993,6.580047573000058],[-76.89895875899992,6.587868603000061],[-76.89100184299991,6.603420760000063],[-76.88388249499991,6.608960147000062],[-76.86307648799993,6.609036287000038],[-76.85816527999992,6.615698780000059],[-76.86088738299992,6.624797838000063],[-76.87554486399995,6.630489508000039],[-76.8943140529999,6.625483122000048],[-76.90689664199994,6.627063084000042],[-76.91228374199994,6.635172287000046],[-76.91049438699991,6.644214239000064],[-76.89954886699991,6.653903404000062],[-76.89511355099995,6.66302150100006],[-76.90246132699991,6.672006345000057],[-76.90872406799991,6.670578669000065],[-76.91753759199992,6.660013860000049],[-76.92425718999993,6.646841166000058],[-76.93748699299994,6.654588692000061],[-76.94009808599992,6.677386372000058],[-76.95455215099992,6.674820072000045],[-76.96353300299995,6.679660565000063],[-76.96351116699992,6.687456075000057],[-76.94767994799992,6.695666474000063],[-76.94187152799992,6.706125998000061],[-76.93367248699991,6.71018779700006],[-76.93618224599993,6.719203434000065],[-76.94494923899993,6.724589949000062],[-76.95494297499994,6.723390700000039],[-76.96743038599993,6.743873102000066],[-76.96213846499995,6.763784430000044],[-76.9654204329999,6.779517446000057],[-76.95833718999995,6.790733740000064],[-76.97216968999993,6.798123137000061],[-76.97004054299993,6.812874093000062],[-76.9611760539999,6.816144350000059],[-76.93158472199991,6.813468973000056],[-76.9231284569999,6.837487979000059],[-76.91657834099993,6.845472008000058],[-76.8996463549999,6.834457880000059],[-76.89085933799993,6.838396290000048],[-76.8840505579999,6.848223141000062],[-76.87584908699995,6.851951514000064],[-76.86778933699992,6.845374590000063],[-76.85507292199992,6.846158850000052],[-76.8502759289999,6.835422725000058],[-76.83644174299991,6.828941070000042],[-76.83129960399992,6.839282335000064],[-76.82089277699993,6.835344616000043],[-76.81911728799992,6.846190922000062],[-76.83186213599993,6.85478710600006],[-76.79343774799992,6.865013121000061],[-76.78553793799995,6.877529086000038],[-76.7880887199999,6.890692264000052],[-76.79457037199995,6.896317312000065],[-76.79842509799994,6.925641788000064],[-76.79694031499992,6.932599331000063],[-76.7999882339999,6.948278965000043],[-76.8098596769999,6.953558547000057],[-76.81082248699994,6.961536115000058],[-76.82332843299992,6.96413887500006],[-76.81914920499992,6.972518492000063],[-76.82880904299992,6.979903562000061],[-76.83463708099993,6.99926860100004],[-76.82477514199991,7.005457572000068],[-76.7066598159999,7.02491520600006],[-76.68426350899995,7.021364346000041],[-76.67591583699993,7.029544552000061],[-76.67016878899994,7.023142931000052],[-76.65587599199995,7.017262739000046],[-76.6521924779999,7.01110436600004],[-76.62818249599991,7.016178789000037],[-76.61623746099991,7.016177390000053],[-76.60589564999992,7.008238962000064],[-76.59492452199993,7.012315763000061],[-76.58398878299994,6.983105518000059],[-76.57001730999991,6.980476936000059],[-76.55372202199993,6.994202696000059],[-76.5480467669999,7.001554145000057],[-76.54529628199992,7.019938964000062],[-76.53530818599995,7.038684697000065],[-76.53620271599993,7.049807251000061],[-76.53071003299993,7.060347644000046],[-76.53878024999995,7.068480034000061],[-76.53006341999992,7.079621658000065],[-76.53124473199995,7.093175643000052],[-76.52451972799992,7.105134336000049],[-76.51471675399995,7.110580088000063],[-76.50998537599992,7.120729546000064],[-76.5071940659999,7.139494033000062],[-76.49271274699993,7.131584470000064],[-76.4854632229999,7.136018718000059],[-76.49551149899992,7.146505585000057],[-76.49990867299994,7.168215929000041],[-76.50839938099995,7.183965913000065],[-76.50536109299992,7.196554838000054],[-76.51292588399991,7.204636945000061],[-76.5182466739999,7.225112582000065],[-76.53052948099992,7.255125980000059],[-76.54643680899994,7.258762730000058],[-76.56701683599994,7.279874647000042],[-76.57360408199992,7.297979343000065],[-76.57963897999991,7.304382472000043],[-76.59060408399995,7.30075471400005],[-76.6038263069999,7.308521665000058],[-76.61516926199994,7.311861712000052],[-76.62115116399991,7.324949546000084],[-76.65959563899992,7.444202801000074],[-76.6618570789999,7.449177969000061],[-76.7447970469999,7.522584246000065],[-76.80101181299995,7.571660629000064],[-76.82584743699994,7.581475905000048],[-76.88473909699991,7.581624622000049],[-76.93619494099994,7.583409218000043],[-76.94541535299993,7.591737331000047],[-76.96013826799992,7.639772700000037],[-76.9996968069999,7.668326232000084],[-77.0397014959999,7.70476172900004],[-77.11330824099991,7.781483816000048],[-77.12272312099992,7.78939037300006],[-77.12357459599991,7.806578],[-77.12783197099992,7.826380875000041],[-77.1168965999999,7.830954512000062],[-77.1055841459999,7.823923762000049],[-77.09520831599991,7.825067171000057],[-77.08061160199992,7.845174144000055],[-77.05837723899992,7.851543488000061],[-77.04745551399992,7.865629895000041],[-77.03470405099995,7.876080624000053],[-77.02639728399993,7.890423881000061],[-77.0221142549999,7.909031266000056],[-77.01611801299993,7.921261694000066],[-77.01266779399992,7.938298637000059],[-77.01814055499995,7.950671833000058],[-77.00383999299993,7.952956115000063],[-77.00008044599991,7.958428874000049],[-77.00574356299995,7.973038766000059],[-77.00324512899994,7.997618597000042],[-76.99660643199991,8.019057541000052],[-76.98715997099993,8.031026230000066],[-76.97133655699992,8.031906630000037],[-76.95991514399992,8.036903499000061],[-76.94742297399995,8.049776382000061],[-76.9382858429999,8.067979261000062],[-76.9439727539999,8.094367481000063],[-76.95125390599992,8.099102609000056],[-76.9552751949999,8.120398787000056],[-76.95426732199991,8.145647930000052],[-76.94933258599991,8.17233684100006],[-76.96651136699995,8.191789282000059],[-76.9782916449999,8.227691015000062],[-76.98018975199994,8.255281794000041]]]},"properties":{"DPTO_CCDGO":"27","DPTO_CNMBR":"CHOCÓ","DPTO_ANO_C":1947,"DPTO_ACT_A":"Ley 13 del 3 de Noviembre de 1947","DPTO_NAREA":48353.2125467,"DPTO_CSMBL":"3","DPTO_VGNC":2021,"Shape_Leng":20.635089563,"Shape_Area":3.9397425572}},
{"type":"Feature","geometry":{"type":"Polygon","coordinates":[[[-74.43958715699995,3.730633099000045],[-74.4526538099999,3.730501193000066],[-74.46350979099992,3.742082572000072],[-74.45774117899992,3.755717790000062],[-74.45818780199994,3.772629377000044],[-74.45042139899994,3.79459085700006],[-74.44530024599993,3.800804851000066],[-74.45023019299992,3.818993833000093],[-74.46245024599995,3.81915493200006],[-74.47931745199992,3.823535796000044],[-74.48609302699992,3.817441687000041],[-74.50709390499992,3.824494529000049],[-74.50983084899991,3.832790091000049],[-74.53474407899995,3.843206595000083],[-74.53131842399995,3.836466987000051],[-74.53658866199993,3.827677582000092],[-74.53586404599992,3.817120869000064],[-74.54173590199991,3.81334638900006],[-74.54674314399995,3.802717955000048],[-74.54641635599995,3.793246066000052],[-74.55296094499994,3.784744955000065],[-74.55742496099992,3.767878457000052],[-74.5699850069999,3.753795524000054],[-74.5866553319999,3.738948428000072],[-74.58815007999993,3.732662703000074],[-74.59797384099994,3.722382175000064],[-74.60498126899995,3.720628709000039],[-74.61515065599991,3.712010191000047],[-74.62486543099993,3.698738429000059],[-74.64074238299992,3.687656089000086],[-74.65544447899993,3.681175031000066],[-74.66414735699993,3.673007533000089],[-74.6763064029999,3.666333146000056],[-74.69672515299993,3.641958542000054],[-74.70113012899992,3.615540576000058],[-74.7124444669999,3.610719191000044],[-74.71732533699992,3.61514201500006],[-74.72507940299994,3.608895932000053],[-74.72957371199993,3.597513457000048],[-74.73957670599992,3.58581419300009],[-74.73523625399991,3.579286885000045],[-74.7338559559999,3.566356994000046],[-74.7266468169999,3.56200823100005],[-74.72862579699995,3.551581167000052],[-74.73855395499993,3.536073613000042],[-74.7471267649999,3.528032967000058],[-74.75764528999991,3.532057448000046],[-74.76923646099993,3.530120045000047],[-74.77475764999991,3.524149841000053],[-74.78288144499993,3.492652465000049],[-74.78082763099991,3.479007477000039],[-74.77173928699995,3.464040404000059],[-74.76171134799995,3.454611145000058],[-74.76472139399993,3.440583669000091],[-74.77666179499994,3.435586329000046],[-74.7841927739999,3.425794581000048],[-74.81029149199992,3.412164315000041],[-74.81806043199992,3.402087300000062],[-74.81488256499995,3.395790807000083],[-74.82567470299995,3.38888128800005],[-74.83134971999993,3.369405401000051],[-74.84561295499992,3.356290215000058],[-74.8480654359999,3.34274354300004],[-74.86463814199993,3.330831006000039],[-74.87478059599994,3.326702642000043],[-74.87488529299992,3.321172775000093],[-74.90753272599994,3.290401131000067],[-74.91759050799993,3.290345587000047],[-74.9293920419999,3.283031348000065],[-74.9339606069999,3.286023521000061],[-74.9590817639999,3.277076746000091],[-74.9672135749999,3.28326334400009],[-74.9800388669999,3.285273991000054],[-74.99013373199995,3.283165072000088],[-74.99562314499991,3.277026063000051],[-75.00426772999992,3.277311596000061],[-75.0107583059999,3.285962546000064],[-75.02104709499991,3.288751274000049],[-75.03537618099995,3.286928683000042],[-75.06689808999994,3.293841020000059],[-75.07037212299991,3.301849270000048],[-75.06357852799994,3.311366284000087],[-75.05511618699995,3.331512244000066],[-75.05981700899991,3.352078350000056],[-75.05472994999991,3.360313519000044],[-75.05688354199992,3.377985856000066],[-75.04277363299991,3.385091607000049],[-75.03245286399994,3.385832703000062],[-75.0282077999999,3.396550091000051],[-75.04180075199992,3.407084472000065],[-75.0424443739999,3.416840514000057],[-75.03415979099992,3.427503718000082],[-75.04603343899993,3.431534700000043],[-75.06539306699995,3.431364400000064],[-75.12145130399995,3.433127700000057],[-75.1316724159999,3.43029408600006],[-75.14971765099995,3.434938091000049],[-75.1577332459999,3.414533645000063],[-75.16535977799992,3.414678289000051],[-75.17416142399992,3.408690381000042],[-75.17277344999991,3.378333830000088],[-75.19988382299994,3.384554628000046],[-75.20077720899991,3.409583265000037],[-75.22118346699995,3.412048385000048],[-75.22726536699992,3.415769863000094],[-75.24128039399994,3.404300858000056],[-75.2505215249999,3.367269972000088],[-75.25931957899991,3.376758074000065],[-75.27117617099992,3.383768320000058],[-75.27723903899994,3.382816536000064],[-75.30162634099992,3.399169482000048],[-75.31225595599994,3.414321923000045],[-75.3212492429999,3.41823603000006],[-75.32388046599993,3.40766532300006],[-75.32962072099991,3.401754887000038],[-75.34155972899993,3.40540855100005],[-75.35646966699994,3.403096684000047],[-75.3664591939999,3.406583221000062],[-75.37343516499993,3.39578554700006],[-75.37145192799994,3.387093348000064],[-75.37978413299993,3.375377206000053],[-75.3962151209999,3.377380975000051],[-75.40668629399994,3.369447612000045],[-75.4128538569999,3.371660513000052],[-75.4227476559999,3.360717368000053],[-75.42595279099993,3.352793766000048],[-75.43955854799992,3.34741856100004],[-75.44486950499993,3.356841229000054],[-75.46337219199995,3.354449871000043],[-75.4788044259999,3.361144245000048],[-75.4865768379999,3.345674299000052],[-75.48598633299991,3.332018770000047],[-75.49647757799994,3.322007199000041],[-75.51048276799992,3.328129908000051],[-75.51932412999992,3.32522196900004],[-75.52760403299993,3.317560751000087],[-75.52275309599992,3.312460759000089],[-75.52177531899991,3.302114588000052],[-75.53144128999992,3.291018740000084],[-75.53029007599991,3.286427332000073],[-75.54247926699992,3.275979115000041],[-75.55014261299993,3.256712278000066],[-75.56843631299995,3.241877529000078],[-75.57749914999994,3.221405981000089],[-75.57264505099994,3.218027146000054],[-75.57521486899992,3.205582566000089],[-75.57254986999993,3.200657081000088],[-75.5765046539999,3.188570939000044],[-75.58499457099992,3.175626668000064],[-75.58224818499991,3.16883688900009],[-75.58837236099993,3.156388291000042],[-75.58306387499994,3.146869472000049],[-75.58254868699993,3.123797462000084],[-75.58849734099994,3.117789324000057],[-75.60233326699995,3.113010760000066],[-75.60469728999993,3.103352174000065],[-75.6221425949999,3.075431490000085],[-75.61780007499993,3.06240394200006],[-75.6056092689999,3.057757293000066],[-75.59993727699992,3.047996572000045],[-75.60152390699994,3.039152922000085],[-75.61010009299991,3.031305709000094],[-75.62679704099992,3.002352261000055],[-75.63550704599993,2.994122802000049],[-75.64728537999991,2.996264323000048],[-75.65981246299992,2.986701842000059],[-75.68445256299992,2.98930438900004],[-75.69248324099993,2.99346844900009],[-75.69862664899995,2.975896648000059],[-75.71067042399994,2.964221867000049],[-75.72084000899991,2.96163222000007],[-75.72859708699991,2.953622941000049],[-75.74403248699991,2.953173377000041],[-75.74993940099995,2.946610219000092],[-75.76009710099993,2.943511226000055],[-75.7671114499999,2.923743516000059],[-75.76302623999993,2.917026207000049],[-75.78081099699995,2.911744129000056],[-75.78703022799994,2.899091602000055],[-75.80339993599995,2.885403306000057],[-75.82085434099992,2.883242175000078],[-75.8316660129999,2.874483333000057],[-75.84636278499994,2.87108070000005],[-75.86006847999994,2.873008062000054],[-75.88205103999991,2.889469555000062],[-75.88379609499992,2.897028826000053],[-75.89798680699994,2.893774904000054],[-75.90662611899995,2.899718344000064],[-75.9081200469999,2.909071467000047],[-75.91954511099993,2.913802712000063],[-75.92740629999992,2.921416325000052],[-75.94266982099992,2.922015735000059],[-75.95484736899994,2.919445210000049],[-75.95806735199994,2.935020135000059],[-75.96571880399995,2.944674483000085],[-75.9754079679999,2.947720194000055],[-75.98153408199994,2.956102074000057],[-75.98278837999993,2.972314014000062],[-75.99128181899994,2.982452433000049],[-76.0289934729999,2.940490261000093],[-75.89585019399993,2.855645026000047],[-75.87894159899992,2.833660346000045],[-75.86585350399992,2.835254217000056],[-75.85451367099995,2.841887815000064],[-75.84560256799995,2.842984695000041],[-75.8224137979999,2.835669414000051],[-75.81351335599993,2.821545856000057],[-75.80667998799993,2.821047977000092],[-75.80583266699995,2.807124634000047],[-75.81175272399992,2.782265146000043],[-75.80591797799991,2.768567722000057],[-75.7912988519999,2.761699745000044],[-75.7801845219999,2.761819628000069],[-75.7770809239999,2.754356820000055],[-75.76393394799993,2.752394972000047],[-75.75104615499993,2.741719740000065],[-75.75407081999992,2.736726794000049],[-75.74782424299991,2.719511373000046],[-75.7572537769999,2.695290038000053],[-75.75807901399992,2.680641214000048],[-75.77213376899994,2.67645563800005],[-75.7744030479999,2.667612654000038],[-75.78274195599994,2.657807688000048],[-75.7886371049999,2.658493355000076],[-75.79153684499994,2.64050306300004],[-75.78920463399993,2.635837008000067],[-75.8002439309999,2.62342966600005],[-75.80996384899993,2.600194198000054],[-75.82378633999991,2.591608146000056],[-75.82685854399995,2.575619373000052],[-75.83579526999995,2.570443057000091],[-75.8398743599999,2.558318544000088],[-75.83361361499993,2.551201634000051],[-75.8375083009999,2.540845275000038],[-75.82468755799994,2.52881803300005],[-75.81929733099992,2.51943540700006],[-75.8221386969999,2.504176035000057],[-75.82307074099992,2.483332449000045],[-75.82956102799994,2.473710016000041],[-75.84310115099993,2.46634277000004],[-75.84539101199994,2.45270927100006],[-75.85987340799994,2.441927665000094],[-75.85673619499994,2.432798451000053],[-75.86380432099992,2.42616460000005],[-75.8728002389999,2.43172852400005],[-75.88783135799991,2.430284524000058],[-75.88926788099991,2.434565913000085],[-75.90971499099993,2.445830565000051],[-75.91777846699995,2.457422178000058],[-75.91745474999993,2.474082722000048],[-75.92463130199991,2.481415445000039],[-75.9317640989999,2.478386754000041],[-75.94243430599994,2.488012240000046],[-75.95805516399992,2.490250916000093],[-75.96089440999992,2.496622578000085],[-75.97936384699995,2.503611024000065],[-75.98966252399993,2.480527344000052],[-75.99466036099994,2.477025776000062],[-76.00954902099994,2.456449122000038],[-76.01980526999995,2.447356208000087],[-76.02129515699994,2.433617663000064],[-76.03314419999992,2.402229714000043],[-76.0460814299999,2.404517145000057],[-76.08012420099993,2.415356277000058],[-76.0892478689999,2.41591801900006],[-76.10889907899991,2.396209051000085],[-76.12021528999992,2.390532615000041],[-76.1261449989999,2.38001289500005],[-76.14645181199995,2.294019098000092],[-76.12113532899991,2.224808972000062],[-76.1360230709999,2.221082219000039],[-76.1395802909999,2.209921344000065],[-76.14895776899994,2.200744300000053],[-76.1589955259999,2.198026365000089],[-76.1788439369999,2.197941185000047],[-76.19738754499991,2.195640260000062],[-76.20824950999992,2.197995778000063],[-76.21950513599995,2.207617632000051],[-76.22460642899995,2.217990085000054],[-76.23878838999991,2.227921569000046],[-76.24956305299992,2.243481594000059],[-76.27516392399991,2.270230702000049],[-76.28883028099995,2.274263078000047],[-76.30290200999991,2.283674688000076],[-76.3232786069999,2.281116189000045],[-76.34378656099994,2.272114737000038],[-76.36047591899995,2.270703197000046],[-76.36346505599994,2.277345728000057],[-76.37376724899991,2.27908939200006],[-76.3850928839999,2.268510683000045],[-76.39124141199994,2.246067607000043],[-76.38919983399995,2.242123253000045],[-76.3974446659999,2.231058759000064],[-76.4031791669999,2.203564089000054],[-76.4180443269999,2.191999431000056],[-76.43367262699991,2.188106635000054],[-76.43674450899994,2.177922540000054],[-76.43224732899995,2.170712773000048],[-76.43745834899994,2.161111648000087],[-76.43088057199992,2.141217311000048],[-76.42474247199993,2.128882390000058],[-76.43320145599995,2.11960249200007],[-76.44265981399991,2.119174189000091],[-76.45433106899992,2.112428416000057],[-76.46378942699994,2.101578073000042],[-76.4727124019999,2.10282729000005],[-76.4806003189999,2.110857973000066],[-76.48741747499992,2.129060849000041],[-76.5041926749999,2.126669489000051],[-76.51340118899992,2.135306933000038],[-76.54180977899995,2.134004358000084],[-76.55338511499991,2.139691803000062],[-76.56983015799995,2.127146038000092],[-76.57492762499993,2.118683944000054],[-76.58984643799994,2.108376547000091],[-76.59009465399993,2.094922281000038],[-76.58393702699993,2.082371864000038],[-76.57734568299992,2.055708208000055],[-76.58369291899993,2.047402796000085],[-76.58606254099993,2.034644092000065],[-76.5734457499999,2.02936995500005],[-76.57274142999995,2.018938396000067],[-76.58738471799995,2.00041058000005],[-76.59288118699993,2.00538498800006],[-76.6000329119999,1.997392215000048],[-76.61067955599992,1.995010536000052],[-76.6204638989999,1.976260383000067],[-76.62425897199995,1.973847707000061],[-76.62201820999991,1.95866753100006],[-76.61046455399992,1.946727195000051],[-76.61928494199992,1.926539779000052],[-76.5950382339999,1.919972466000047],[-76.58309571199993,1.900418354000067],[-76.5839850019999,1.886689951000051],[-76.59208866699993,1.880781041000091],[-76.58853903199991,1.86616018300009],[-76.56927389999993,1.855801830000075],[-76.56868163099995,1.84973283000005],[-76.55607385099995,1.838419074000058],[-76.54423942799991,1.839151174000051],[-76.53333939399994,1.829069693000065],[-76.52445210399992,1.825036509000086],[-76.51356606999991,1.833531184000094],[-76.49828550099994,1.825688942000056],[-76.4887794149999,1.825807120000093],[-76.46734135699995,1.813970288000064],[-76.45342519199994,1.803764131000094],[-76.44907078199992,1.797553733000086],[-76.43428234299995,1.79068718700006],[-76.4209403829999,1.756148284000062],[-76.42362408499991,1.746647758000051],[-76.43050976599994,1.741010566000057],[-76.42667672699991,1.726971570000046],[-76.41437474799994,1.717281939000088],[-76.4077913399999,1.729784754000093],[-76.3826263169999,1.746755556000039],[-76.37190640599994,1.742521897000074],[-76.36977801899991,1.732529335000038],[-76.37740424399993,1.700656579000054],[-76.37606957699995,1.685392581000087],[-76.38137566599994,1.667188597000063],[-76.37485903699991,1.66356961200006],[-76.36346566999993,1.669940603000043],[-76.3468388359999,1.662026901000047],[-76.34135553399994,1.664721998000061],[-76.32492299899991,1.663521920000051],[-76.31722614699993,1.683715306000067],[-76.30162821999994,1.690160327000058],[-76.28719462799995,1.685358334000057],[-76.28147223099995,1.676590391000047],[-76.26441612499991,1.67713501500009],[-76.25322524899991,1.674045601000046],[-76.24532543799995,1.682468892000088],[-76.22792413099995,1.661941727000055],[-76.22516554099991,1.655042876000039],[-76.21155502599993,1.640718521000053],[-76.2149933469999,1.635562231000051],[-76.2085702899999,1.625842133000049],[-76.2097683479999,1.600283152000088],[-76.20066690699991,1.592024042000048],[-76.20239677799992,1.578651473000093],[-76.19146077399995,1.571922358000052],[-76.18340867899991,1.573711711000044],[-76.16974681499994,1.58798157800004],[-76.15155759699991,1.582305106000092],[-76.14411912899993,1.574813667000058],[-76.13729643699992,1.574696417000041],[-76.12437813399993,1.566068917000052],[-76.1205773229999,1.552677208000091],[-76.09193813199994,1.567163366000045],[-76.08565023699992,1.577957464000065],[-76.07457936899993,1.584832056000039],[-76.06514718499994,1.585726734000048],[-76.05503447599995,1.580390396000041],[-76.04613529199992,1.584330782000052],[-76.03437752899993,1.582767257000057],[-76.02352089499993,1.590845745000081],[-76.00557024099993,1.615079366000089],[-75.99529677699991,1.614574173000051],[-75.98278705999991,1.621857498000054],[-75.9779686519999,1.646925119000059],[-75.97999357299994,1.65758986600008],[-75.9724730449999,1.66112485900004],[-75.96339683299993,1.659084168000049],[-75.95453908799993,1.662727078000046],[-75.94479117599991,1.673419583000054],[-75.93370260599994,1.692964438000047],[-75.92656578099991,1.694793631000039],[-75.92065037899994,1.704211521000047],[-75.90366064799991,1.716763066000055],[-75.88537513999995,1.713815304000093],[-75.87334133999991,1.714249576000043],[-75.85349373399993,1.725649148000059],[-75.84732789799995,1.72217295300004],[-75.83728054399995,1.740225753000061],[-75.83032024999994,1.747400987000049],[-75.81644967599993,1.753619540000045],[-75.79972419099994,1.749892285000044],[-75.78672043299991,1.763133983000046],[-75.77970845199991,1.761121136000042],[-75.76289265299994,1.76826002100006],[-75.75704869599991,1.776274045000093],[-75.7446755009999,1.778710613000044],[-75.73428201699994,1.786515244000043],[-75.73168616499993,1.800068424000074],[-75.73132652899994,1.821492988000045],[-75.72535883699993,1.829373764000081],[-75.70791263199993,1.83968159200009],[-75.70342972199995,1.850646139000048],[-75.7026587819999,1.863209698000048],[-75.68962168199994,1.879438004000065],[-75.66611025899994,1.891020839000078],[-75.65848647299993,1.892334300000073],[-75.6437242959999,1.913264041000048],[-75.64124013999992,1.926141677000089],[-75.64690343599995,1.937523221000049],[-75.64103852599993,1.958031067000093],[-75.63047545699993,1.965831090000052],[-75.61622521699991,1.987934502000087],[-75.61628094799994,1.996762206000085],[-75.58824852999993,2.010906595000051],[-75.58959253199993,2.021319342000083],[-75.57951069599994,2.037680847000047],[-75.56954422599995,2.042317202000049],[-75.57161911599991,2.049741118000043],[-75.55541314399994,2.069250586000067],[-75.55125531899995,2.082986825000091],[-75.54074906999995,2.090551700000049],[-75.54064596099994,2.103918374000045],[-75.53498428099994,2.11766072100005],[-75.5248367399999,2.122983514000055],[-75.50137201299992,2.122988336000049],[-75.4881441949999,2.134318534000045],[-75.47632208499994,2.135477236000042],[-75.46833518199992,2.142051782000067],[-75.45294556699992,2.145895210000049],[-75.44513449099992,2.144223158000045],[-75.43592413099992,2.167458583000041],[-75.4278577579999,2.179510554000046],[-75.42750399599993,2.197359065000057],[-75.43582894999992,2.201044675000048],[-75.43965742599994,2.220711411000082],[-75.43105812999994,2.233762264000063],[-75.41852845599993,2.238398873000051],[-75.41040519599994,2.245648227000061],[-75.41332148399994,2.250668024000049],[-75.39666538799992,2.287676334000082],[-75.39053827499993,2.293714217000058],[-75.3944704999999,2.302270428000043],[-75.3862842129999,2.314576027000044],[-75.36547830099994,2.326446434000047],[-75.35713086499993,2.320092639000052],[-75.34808738599992,2.323784419000049],[-75.3430012899999,2.33181509700006],[-75.33324234299994,2.35953459600006],[-75.32839235699993,2.365924259000053],[-75.31545906899993,2.358918729000038],[-75.31014718699993,2.361613165000051],[-75.30109726599994,2.379496646000064],[-75.2926718459999,2.384015466000051],[-75.28628219299992,2.396409861000052],[-75.28712901699993,2.409728070000085],[-75.27717126599993,2.424537626000074],[-75.26799567799992,2.430487220000089],[-75.2595250199999,2.441127649000066],[-75.25058991899994,2.444454098000051],[-75.25334452599992,2.452963432000047],[-75.23109796799991,2.480913322000049],[-75.22569351399994,2.502527005000047],[-75.22749901599991,2.511273472000084],[-75.20703299599995,2.50854154700005],[-75.19446180699993,2.511941423000053],[-75.18111223299991,2.507073242000047],[-75.17263145399994,2.523832735000042],[-75.18179157299994,2.529171890000043],[-75.16974558999993,2.551569584000049],[-75.15755635099993,2.563633338000045],[-75.15365612999994,2.581988856000066],[-75.1326114499999,2.595946120000065],[-75.13402046199991,2.604850694000049],[-75.14960952599995,2.621061872000041],[-75.15015680199991,2.633613530000048],[-75.1555995029999,2.64592600900005],[-75.15391396899992,2.655932871000061],[-75.14138622799993,2.667012431000046],[-75.13317060799994,2.693634741000039],[-75.14929276899994,2.700402667000048],[-75.15378957399992,2.707408273000055],[-75.14681156799992,2.722372114000052],[-75.14012509899993,2.726038351000057],[-75.12057801199995,2.72952239600005],[-75.11404044299991,2.72482296000004],[-75.10772812899995,2.731857044000094],[-75.0959973869999,2.737567750000039],[-75.08897358399992,2.730066385000043],[-75.07677456199991,2.74373214700006],[-75.06973322399995,2.745137551000084],[-75.05504163599994,2.764425024000047],[-75.04235333699995,2.777011014000038],[-75.0358703519999,2.788374739000062],[-75.02648572599992,2.793154583000046],[-75.02110453899991,2.803641003000052],[-75.02151847699992,2.812471670000093],[-74.99171496799994,2.850967868000055],[-74.98895538199992,2.858004808000089],[-74.97543342199992,2.862834078000049],[-74.97129404599991,2.870146977000047],[-74.95459856199994,2.885876608000046],[-74.93334680999993,2.909426042000064],[-74.91103394399994,2.931601381000064],[-74.90245795299995,2.951691510000046],[-74.90442130799994,2.958291691000056],[-74.89673556399993,2.965905980000059],[-74.88574929599991,2.965168908000066],[-74.88284621699995,2.971561696000038],[-74.8690482959999,2.973631383000054],[-74.86808244199995,2.983703865000052],[-74.8623654779999,2.993981047000091],[-74.85281905599993,2.993040587000053],[-74.82005081199992,3.047742181000046],[-74.81499530399992,3.053702795000049],[-74.79181152799993,3.056206744000065],[-74.7877799929999,3.060418858000048],[-74.79026216799991,3.073666308000043],[-74.76556705099995,3.097260749000043],[-74.7643252389999,3.105125564000048],[-74.75094125299995,3.108161107000058],[-74.74887156799991,3.122510943000066],[-74.72720883199992,3.137964613000065],[-74.72265551899994,3.157557661000055],[-74.71166460099994,3.170733451000046],[-74.69664467099994,3.173143795000044],[-74.68188996999993,3.18353557000006],[-74.67325823599992,3.186348156000065],[-74.66753607499993,3.204581480000058],[-74.66869990499993,3.217771547000041],[-74.66637224399994,3.230088739000053],[-74.65783749899992,3.240272244000039],[-74.63553077199992,3.278484639000055],[-74.61632758899992,3.28779527100005],[-74.62606169799994,3.29978716100004],[-74.61656416499994,3.32101694000005],[-74.61786774799992,3.330514473000051],[-74.62705289799993,3.345168887000057],[-74.62723864999992,3.350947249000058],[-74.63966095699993,3.368734127000039],[-74.62387591099991,3.376264321000065],[-74.62397658399993,3.39304932500005],[-74.60911511699993,3.406122289000052],[-74.60621854999994,3.415096452000057],[-74.61358454599991,3.419158119000087],[-74.61786774799992,3.43182149800009],[-74.61228095899992,3.443367518000059],[-74.6163444199999,3.460501879000049],[-74.63053112599994,3.468508049000093],[-74.62082271999992,3.485692080000092],[-74.60376464399991,3.507577106000042],[-74.60311510199995,3.514011323000091],[-74.59178499199993,3.522482826000044],[-74.56362545799993,3.525902891000044],[-74.5504903449999,3.546361816000058],[-74.53739291499994,3.559792483000081],[-74.52441327699995,3.580617026000084],[-74.52758237599994,3.588408883000056],[-74.52325297399994,3.597593068000037],[-74.51549673399995,3.599786323000046],[-74.51259630299995,3.62126250700004],[-74.50796351499991,3.637616047000051],[-74.50224218099993,3.64696329800006],[-74.48975085599994,3.656179088000044],[-74.4808402239999,3.668057692000048],[-74.47447344999995,3.663184683000054],[-74.46104511499993,3.667201202000058],[-74.4543576019999,3.686989793000066],[-74.43776854899994,3.700203133000059],[-74.43774369199991,3.708631486000058],[-74.42447800999992,3.708397258000048],[-74.41840643099994,3.721860231000051],[-74.41592621099994,3.740826114000072],[-74.42469255599991,3.741418743000054],[-74.43958715699995,3.730633099000045]]]},"properties":{"DPTO_CCDGO":"41","DPTO_CNMBR":"HUILA","DPTO_ANO_C":1905,"DPTO_ACT_A":"Ley 46 de 1905","DPTO_NAREA":18141.6605485,"DPTO_CSMBL":"3","DPTO_VGNC":2021,"Shape_Leng":10.3355645749,"Shape_Area":1.47421917699}},
{"type":"Feature","geometry":{"type":"Polygon","coordinates":[[[-72.90075025399995,10.436109721000037],[-72.89126876899991,10.451343669000039],[-72.86690308499993,10.46042131300004],[-72.86015731599991,10.466845859000045],[-72.85361974699993,10.480712167000092],[-72.84454805099995,10.486184929000046],[-72.84253218499992,10.498344492000058],[-72.83443692899993,10.518486109000037],[-72.83827380999992,10.53065110500006],[-72.83708407799992,10.538652045000049],[-72.82424445299995,10.552036652000083],[-72.81982039299993,10.570150057000092],[-72.79281991199991,10.58852100100006],[-72.78968880499991,10.604073123000092],[-72.78108909399992,10.612819681000076],[-72.75166898099991,10.632566403000055],[-72.74885961199993,10.652205869000056],[-72.73988904499993,10.65222966500005],[-72.73941315399992,10.670361157000059],[-72.73524337299995,10.675718200000063],[-72.72927664999992,10.697082505000083],[-72.7160020579999,10.707325371000081],[-72.71942049199993,10.719988947000047],[-72.71431640399993,10.734442931000046],[-72.71144401899994,10.751909545000046],[-72.70517601499995,10.758352985000045],[-72.68918752999991,10.757232810000062],[-72.67994478199995,10.763989907000052],[-72.68267714199993,10.77063544300006],[-72.67842397899994,10.784214610000049],[-72.6824812019999,10.79442679400006],[-72.67644417199995,10.804192404000048],[-72.67383643399995,10.821519030000047],[-72.66162286299993,10.832240595000087],[-72.6630626239999,10.838882566000052],[-72.64980622699994,10.866518763000045],[-72.64946685699994,10.87752196300005],[-72.63782735699994,10.885018277000086],[-72.61866752499992,10.886819417000083],[-72.61240426499995,10.882702107000057],[-72.60548742499992,10.895542534000072],[-72.59367367199991,10.905106370000055],[-72.57994376099992,10.910753516000057],[-72.57243860299991,10.92183056500005],[-72.5633584059999,10.927948684000057],[-72.55334491999992,10.940990991000092],[-72.55014890399991,10.952143978000038],[-72.5371471919999,10.974910040000054],[-72.53500489399994,10.987450095000042],[-72.51914829499992,11.003196936000052],[-72.52605533199994,11.011802876000047],[-72.50876451999994,11.022737017000054],[-72.5074831579999,11.03423773500009],[-72.49851940999991,11.041312388000051],[-72.48484782199995,11.061545631000058],[-72.49129328099991,11.079257397000049],[-72.48470206299993,11.099100562000046],[-72.44892199499992,11.124878572000057],[-72.43789416899995,11.115286981000054],[-72.4232983409999,11.125797848000047],[-72.40790085899994,11.126382909000085],[-72.38759411899991,11.133818293000047],[-72.37371581199994,11.136403761000054],[-72.35996826399992,11.142374225000083],[-72.34931359599994,11.151372837000054],[-72.31539880999992,11.14416834800005],[-72.29593071699992,11.14464976700009],[-72.27213369999993,11.138317251000046],[-72.24982170399994,11.139782659000048],[-72.24569387399993,11.145222801000045],[-72.14397902299993,11.331968497000048],[-72.03530835799995,11.529028014000062],[-72.02547323099992,11.545707403000051],[-71.97136323599995,11.646266879000052],[-71.93131819999991,11.652887384000053],[-71.84144390299991,11.67406273000006],[-71.80219021099992,11.68004796200006],[-71.71469694399991,11.710235443000045],[-71.64776342699992,11.732622091000053],[-71.61100662099994,11.746300808000058],[-71.51930830299995,11.770657800000038],[-71.4830758249999,11.779130802000054],[-71.45713524699994,11.78650026400004],[-71.37840944399994,11.812129723000055],[-71.38860206099992,11.817819439000061],[-71.38848868999992,11.827985072000047],[-71.37708912599993,11.831145521000053],[-71.36567403399994,11.830249767000055],[-71.34658763199991,11.843134810000038],[-71.34130499399993,11.849152425000057],[-71.33269199699993,11.849496945000055],[-71.32412493599992,11.836841580000055],[-71.32325215199995,11.855583464000063],[-71.30909447999994,11.883491881000054],[-71.3031239259999,11.886817582000049],[-71.29628921499994,11.909390461000044],[-71.3061530569999,11.909024359000057],[-71.31544591799991,11.902468295000062],[-71.33069482799993,11.903557057000057],[-71.32704352299993,11.921154156000057],[-71.31577797599994,11.91724014500005],[-71.3124372769999,11.92897481500006],[-71.30056472199993,11.918033440000045],[-71.28889909599991,11.91505883700006],[-71.28219976699995,11.906109153000045],[-71.2678699299999,11.914075922000052],[-71.26634382799995,11.921680568000056],[-71.23527860099995,11.952409533000036],[-71.23119175199992,11.951788744000055],[-71.22056077199994,11.963143978000062],[-71.2147215139999,11.964792655000053],[-71.19173938799992,11.980734944000062],[-71.17956292999992,11.980911612000057],[-71.17493799599993,11.989399537000054],[-71.15333495399994,11.998536663000039],[-71.13613016799991,12.002713541000048],[-71.11614078399992,12.034736334000058],[-71.11305784699994,12.050548822000053],[-71.11683692499992,12.068051964000063],[-71.11486133999995,12.085059264000051],[-71.12492927199992,12.104857774000038],[-71.1351039239999,12.118671834000054],[-71.16311865199992,12.162867086000062],[-71.17516086599994,12.186216113000057],[-71.19205544199991,12.212739312000053],[-71.20220985399993,12.233569780000039],[-71.2196207579999,12.260323783000047],[-71.22487329699993,12.272630316000061],[-71.22832722099992,12.300578406000056],[-71.23407676199992,12.302310266000063],[-71.24579059599995,12.315670184000055],[-71.25787820999994,12.320878913000058],[-71.25873285699993,12.325515188000054],[-71.2825226349999,12.343240682000044],[-71.30172362199994,12.353368612000054],[-71.31348379999991,12.355548285000054],[-71.31717793199994,12.347913640000058],[-71.32667706899991,12.34903212100005],[-71.3527104609999,12.36831406400006],[-71.35589008799991,12.367544771000041],[-71.38293478199995,12.378159681000056],[-71.39834146399994,12.380316849000053],[-71.40258227499993,12.383999926000058],[-71.41753693399994,12.381912215000057],[-71.42833449599993,12.386058182000056],[-71.43339545999993,12.380280029000062],[-71.44312507699993,12.384926447000055],[-71.4520686589999,12.39427727900005],[-71.4569362339999,12.404642115000058],[-71.46807806499993,12.408676743000058],[-71.47783596999994,12.417992373000061],[-71.51049177899995,12.428553622000038],[-71.5240831189999,12.435842300000047],[-71.53056673599991,12.435043791000055],[-71.5427204479999,12.440418004000037],[-71.5567978119999,12.434903131000056],[-71.57332616399992,12.442460004000054],[-71.57666509299992,12.435937444000047],[-71.60280757099991,12.43889966200004],[-71.61071638399994,12.436981876000061],[-71.62415024799992,12.440232933000061],[-71.64451352899994,12.453456502000051],[-71.6641856999999,12.459443308000061],[-71.68485289799992,12.453277540000045],[-71.68981180499992,12.447374620000062],[-71.71971556199992,12.43725739100006],[-71.72861474899992,12.427919019000058],[-71.73521557099991,12.41459936800004],[-71.7345608949999,12.408631028000059],[-71.71186051399991,12.417499819000057],[-71.69899475199992,12.435692141000061],[-71.68331126299995,12.437814941000056],[-71.70220323699994,12.42085632900006],[-71.70010457599994,12.417664091000063],[-71.68298740199992,12.422535353000058],[-71.67351409299994,12.428214229000048],[-71.65218530299995,12.433317112000054],[-71.65709127199995,12.424263231000054],[-71.6691267299999,12.41151063600006],[-71.62856739099993,12.41300573600006],[-71.62745836699992,12.40769509100005],[-71.64022149199991,12.402233357000057],[-71.64915131499993,12.406495151000058],[-71.6579016359999,12.397722617000056],[-71.67456230199991,12.38926463100006],[-71.68701637399994,12.39109936500006],[-71.70017130199994,12.381583617000047],[-71.69000140399993,12.37761699300006],[-71.6918524649999,12.365128884000057],[-71.70287624499991,12.376673235000055],[-71.7068858259999,12.373029279000036],[-71.72427561099994,12.377098043000046],[-71.72572476099992,12.38711203300005],[-71.7122922659999,12.393893306000052],[-71.71784762199991,12.411884090000058],[-71.72791274199994,12.409849651000059],[-71.7344800539999,12.39375259700006],[-71.75653765699991,12.379975516000059],[-71.74211812399994,12.37697739500004],[-71.73772801799993,12.370517158000041],[-71.7374067909999,12.358845902000041],[-71.74333953799993,12.34545461600004],[-71.75293277399993,12.335574775000055],[-71.76436594899991,12.329480526000054],[-71.78627909399995,12.330968240000061],[-71.79328009799991,12.328272852000055],[-71.79906584499992,12.318683663000058],[-71.79910688799993,12.307862828000054],[-71.80540711399993,12.305241379000051],[-71.82142352799991,12.310978048000038],[-71.83039962899994,12.319821477000062],[-71.83969520599993,12.338958646000037],[-71.8262573259999,12.353867799000056],[-71.80680257799992,12.366167432000054],[-71.81294158799994,12.372556288000055],[-71.82264978799992,12.371592604000057],[-71.82682574199993,12.361741635000044],[-71.84456462399993,12.350962677000041],[-71.8600906069999,12.35620939000006],[-71.8749384429999,12.339505573000054],[-71.90081093099991,12.314297447000058],[-71.92802874099993,12.297625247000042],[-71.94151726799993,12.280988342000057],[-71.92154723399995,12.273968061000062],[-71.89994174499992,12.277790159000062],[-71.88792955399992,12.27151714100006],[-71.89170664599993,12.262682274000042],[-71.89036431199992,12.252095693000058],[-71.8769435179999,12.252031472000056],[-71.87410438899991,12.243786957000054],[-71.87785203999994,12.231937239000047],[-71.8712837029999,12.227217817000053],[-71.86041076999993,12.21070439500005],[-71.87148934299995,12.190268118000063],[-71.89675819599995,12.195193528000061],[-71.92164728499995,12.180951161000053],[-71.91928343799992,12.16718310500005],[-71.92825789999995,12.158996263000063],[-71.94912422399995,12.15483690700006],[-71.95956073099995,12.149828652000053],[-71.96192727399995,12.159235830000057],[-71.97043986599994,12.160511305000057],[-71.97878086399993,12.149970784000061],[-71.98606286199993,12.15384219300006],[-71.97887709499992,12.172291353000048],[-71.98794121899994,12.183473263000053],[-71.9950739219999,12.186438163000048],[-71.99610709799992,12.196892182000056],[-71.98789046699994,12.198371264000059],[-71.98858765799991,12.21010801500006],[-71.96951369499993,12.22004901200006],[-71.9568242499999,12.248627829000043],[-71.96470415999994,12.256746195000062],[-72.0107808759999,12.24275192500005],[-72.03083873699995,12.243112909000047],[-72.05321369099994,12.237102317000051],[-72.07511351799991,12.23327516200004],[-72.11254068699992,12.234300679000057],[-72.12913473499992,12.238930165000056],[-72.14315181799992,12.23944113400006],[-72.14415165399993,12.233835],[-72.15484590099993,12.232181690000061],[-72.16500228799993,12.22100776700006],[-72.17707604899994,12.21713505200006],[-72.18036642899995,12.207351819000053],[-72.15205373599991,12.205185370000038],[-72.14813698599994,12.199276289000068],[-72.14185242699995,12.157691484000054],[-72.14383581999994,12.148586450000039],[-72.14108349599991,12.139118456000062],[-72.14188302399992,12.120382947000053],[-72.13875449599993,12.104636047000042],[-72.14439438999995,12.088089986000057],[-72.15556091799994,12.064848880000056],[-72.15914259599992,12.04636759400006],[-72.17905612299995,12.015177494000056],[-72.1850948309999,11.996033844000067],[-72.19934066399992,11.977468100000067],[-72.20802569699993,11.946654080000087],[-72.21471793099994,11.930384515000071],[-72.22476520499993,11.913537931000064],[-72.24077302899991,11.896179763000077],[-72.23729691099993,11.885727992000056],[-72.24345299599992,11.879083058000049],[-72.2495547979999,11.883241247000058],[-72.26877054399995,11.878594299000042],[-72.29378868999993,11.858851066000057],[-72.32288256499993,11.847113874000058],[-72.33867073099992,11.83876286800006],[-72.34439194499993,11.831422944000053],[-72.3808744719999,11.818304061000049],[-72.38420353799995,11.813613445000044],[-72.41226663599991,11.79239405900006],[-72.4385097569999,11.785861586000067],[-72.44289210699992,11.780392499000072],[-72.45941001499995,11.777237952000064],[-72.48574848399994,11.778344433000086],[-72.49783679799992,11.775437476000093],[-72.51479962299993,11.77691014800007],[-72.53214911799995,11.769329434000042],[-72.54695132199993,11.75469786900004],[-72.55825320699995,11.74638617000005],[-72.56996054399991,11.743041216000051],[-72.58364444199992,11.747450471000093],[-72.59580790599995,11.745372547000045],[-72.61734737799992,11.725911001000043],[-72.62641929599994,11.720640167000056],[-72.6441576819999,11.717345894000061],[-72.65910860499991,11.718460878000087],[-72.68348363799993,11.706690999000045],[-72.72296680199992,11.70011431800009],[-72.72849104399995,11.695502336000061],[-72.7773611149999,11.67404274900008],[-72.78812555199994,11.660389438000038],[-72.80438027799994,11.64719769800007],[-72.8265416129999,11.63563649300005],[-72.83541452299994,11.627037433000055],[-72.8463845359999,11.609047450000048],[-72.86019790699993,11.596662337000055],[-72.86986590799995,11.584962115000053],[-72.88377710199995,11.563181369000063],[-72.90886776399992,11.554660593000051],[-72.9475991139999,11.533926178000058],[-72.96497543499993,11.52134850400006],[-72.9917703239999,11.512820100000056],[-73.02425696599994,11.494974119000062],[-73.0483645079999,11.474131882000052],[-73.0591873699999,11.46091394800004],[-73.09353148799994,11.426612702000057],[-73.1178767909999,11.41395686900006],[-73.14299752399995,11.407594911000047],[-73.15844226799993,11.38616008200006],[-73.18914337399991,11.365879710000058],[-73.19571397399994,11.34502864600006],[-73.21952468099994,11.326053911000088],[-73.25178911199993,11.307928243000049],[-73.25256434499994,11.303166101000045],[-73.27560619799993,11.286301369000057],[-73.29741302699995,11.278081419000046],[-73.33834414699993,11.26955749700005],[-73.34773111599992,11.263918171000057],[-73.3626503399999,11.262151423000091],[-73.41752107399992,11.26265429600005],[-73.42462456099992,11.259243992000052],[-73.44468562599991,11.25755455600006],[-73.48193626599993,11.263158693000037],[-73.48928520399994,11.259752930000047],[-73.50662284399993,11.25837010400005],[-73.51536949199993,11.253560366000045],[-73.53194838699994,11.25113331600005],[-73.57489592999991,11.259700988000077],[-73.56534437499994,11.25458061200004],[-73.56834734299991,11.248007149000046],[-73.56818851299994,11.23218976600009],[-73.57777762899991,11.230215608000037],[-73.57441358599993,11.218506934000061],[-73.58153726299992,11.217140551000057],[-73.58382678699991,11.18959671400006],[-73.59172120499994,11.17821507900004],[-73.59744670599991,11.17976279900006],[-73.60844264399992,11.17294148700006],[-73.61790628799992,11.151209091000055],[-73.63068653499994,11.146032897000055],[-73.64512767199994,11.143649794000055],[-73.65108221799994,11.138662899000053],[-73.65189541899991,11.127422669000055],[-73.64222239499992,11.12056797300005],[-73.63747148199991,11.109032464000052],[-73.64847976199991,11.096486239000058],[-73.65043335099995,11.087422012000047],[-73.6419551219999,11.079662806000044],[-73.6420174239999,11.06950603200005],[-73.64923555799993,11.060133766000092],[-73.64197834599992,11.05496841200005],[-73.63545529699991,11.041696840000043],[-73.65339081299993,11.028481103000047],[-73.64828468999991,11.019920153000044],[-73.65094654899991,11.011374827000054],[-73.65815955199992,11.00547165200004],[-73.66490366099993,10.98959794600006],[-73.6616884039999,10.98091637400006],[-73.64854055099994,10.973288530000048],[-73.64214019699995,10.963457232000053],[-73.64388247999995,10.956305214000054],[-73.63788631999995,10.947374701000058],[-73.64041405799992,10.929242854000051],[-73.63539354999995,10.915472545000057],[-73.63355434199991,10.900510249000092],[-73.62485687399993,10.888217931000042],[-73.6153189769999,10.882255354000051],[-73.61110062499995,10.86033178200006],[-73.5985949329999,10.83595530000008],[-73.58457083199994,10.84210487100006],[-73.57393680599995,10.842130721000046],[-73.56528927499994,10.846310254000059],[-73.53839494399995,10.84573197800006],[-73.5202190839999,10.84764372300009],[-73.50068887999993,10.85933473600005],[-73.49446383799994,10.85746111800006],[-73.4794066629999,10.867173370000046],[-73.44871939699993,10.867126685000073],[-73.44246081299991,10.865334304000044],[-73.4157517779999,10.867449749000059],[-73.39282218799991,10.867437807000044],[-73.38436013699993,10.860176478000085],[-73.34436736599991,10.860303811000051],[-73.33754801299995,10.86256445400005],[-73.3247839579999,10.85782647700006],[-73.31253146899991,10.846191417000057],[-73.30553652399993,10.849044078000077],[-73.29080779599991,10.861870842000087],[-73.27783157099992,10.848995598000045],[-73.26436416699994,10.842815950000045],[-73.26403473499994,10.830413904000068],[-73.2554668169999,10.827186259000086],[-73.25153751499994,10.804298799000037],[-73.25799291899995,10.786949529000083],[-73.2524358199999,10.770733101000076],[-73.26350184699993,10.757387677000054],[-73.27414186999994,10.736463578000041],[-73.26432648799994,10.732143669000038],[-73.24831103699995,10.731515418000072],[-73.23705809199993,10.740441098000076],[-73.22757108699994,10.731300402000045],[-73.2151031759999,10.730510307000088],[-73.2103295419999,10.711611959000038],[-73.19597140999991,10.707454258000041],[-73.16203185799992,10.715833903000089],[-73.15521443099993,10.700453932000073],[-73.13919899899992,10.686409421000064],[-73.1071852149999,10.677545554000062],[-73.09644869399995,10.659531520000087],[-73.09832256099992,10.65121438500006],[-73.09183412099992,10.646362883000052],[-73.08251734799995,10.626624295000056],[-73.08626886999991,10.623408655000048],[-73.08641898199994,10.58745097800005],[-73.10159562199993,10.570642519000046],[-73.09868834699995,10.551030670000046],[-73.10816775699993,10.539287325000089],[-73.12728835699994,10.525643518000038],[-73.1325288569999,10.531929765000086],[-73.13916735499993,10.52502071300006],[-73.13971382499994,10.513840111000093],[-73.1484899859999,10.499634549000064],[-73.17521080999995,10.48071636800006],[-73.18044112599995,10.461511261000055],[-73.16752291499995,10.461127081000086],[-73.15534956599993,10.452233144000047],[-73.1418862989999,10.434774484000059],[-73.14483926499992,10.421693404000052],[-73.14593442299991,10.40024408700009],[-73.14226030399993,10.396806627000046],[-73.12742827399995,10.399200104000045],[-73.10937459999991,10.412623129000053],[-73.08783784299993,10.425057220000042],[-73.07131558599991,10.424017308000089],[-73.06475381799993,10.417418037000061],[-73.05413283099995,10.41504201500004],[-73.03821339799993,10.404195900000047],[-73.02941658599991,10.408824713000058],[-73.01419091299994,10.411468244000048],[-73.01102617399994,10.404826807000063],[-72.98674958899994,10.400494219000052],[-72.97280693399995,10.409290114000044],[-72.95764803199995,10.413107964000062],[-72.94102303699992,10.427196156000036],[-72.92672521399993,10.431837686000051],[-72.90075025399995,10.436109721000037]]]},"properties":{"DPTO_CCDGO":"44","DPTO_CNMBR":"LA GUAJIRA","DPTO_ANO_C":1964,"DPTO_ACT_A":"Acto Legislativo No. 1 de Diciembre 28 de 1964","DPTO_NAREA":20618.6235537,"DPTO_CSMBL":"3","DPTO_VGNC":2021,"Shape_Leng":10.7902732632,"Shape_Area":1.70684247704}},
{"type":"Feature","geometry":{"type":"Polygon","coordinates":[[[-73.57489592999991,11.259700988000077],[-73.59232990299995,11.26287020600006],[-73.61312483699993,11.258449468000038],[-73.64894184899993,11.255422947000056],[-73.66051740299991,11.252124713000057],[-73.69992452499991,11.260830055000042],[-73.71522416499994,11.253891888000055],[-73.75939046199994,11.264980079000054],[-73.77176175999995,11.262219644000083],[-73.77627916099993,11.257590999000058],[-73.79068639399992,11.256427906000056],[-73.82963884199995,11.266607089000047],[-73.84859759799991,11.273201364000045],[-73.85703806499993,11.273908345000052],[-73.87349106199991,11.282124769000063],[-73.8915834199999,11.29682948900006],[-73.90801121899995,11.301561929000059],[-73.95164339199994,11.317243481000048],[-73.97966520799991,11.339858139000057],[-74.02600410799994,11.346083480000061],[-74.03674940699995,11.339665711000066],[-74.04126926799995,11.347787960000062],[-74.04965752999993,11.34626466800006],[-74.05754135199993,11.328210524000042],[-74.06512636899993,11.341348266000068],[-74.0747548949999,11.342216172000064],[-74.08037181999993,11.332803245000036],[-74.07750791699993,11.317700323000054],[-74.0999199339999,11.32232487400006],[-74.0978219239999,11.333936494000056],[-74.11101427799991,11.345713058000058],[-74.10384194199992,11.323518960000058],[-74.11626656099992,11.324364264000053],[-74.11706410999994,11.330971202000057],[-74.12663983599992,11.333842392000065],[-74.12832241699994,11.318677654000055],[-74.1387121429999,11.332585252000058],[-74.14589928499993,11.335399843000062],[-74.1566808199999,11.324522511000055],[-74.15239916199994,11.296145067000054],[-74.16721832999991,11.305537797000056],[-74.17626879799991,11.30605620600005],[-74.18542683499993,11.298720248000052],[-74.19847702499993,11.279967596000063],[-74.19110110199995,11.265526825000052],[-74.21024189299993,11.255445611000084],[-74.21804994799993,11.238267650000068],[-74.22466985199992,11.230030716000044],[-74.23740402199991,11.221780298000056],[-74.2280160279999,11.20291846200007],[-74.23130886199993,11.19230861400007],[-74.23932418699991,11.181472459000076],[-74.23082163899994,11.166876270000046],[-74.22667899699991,11.148868509000067],[-74.22717154599991,11.140316727000084],[-74.2335250239999,11.117664067000078],[-74.22146768899995,11.099211045000061],[-74.21464136899993,11.075743341000077],[-74.21778664999994,11.065326046000052],[-74.24443912099991,11.032476194000083],[-74.24264886399993,11.027832574000058],[-74.25101658499995,11.017617961000042],[-74.26333920399992,11.007656611000073],[-74.30303270499991,10.985286516000087],[-74.32474849599993,10.980206733000045],[-74.3558785109999,10.975711284000056],[-74.42022156099995,10.974807210000051],[-74.44595382099993,10.975967948000061],[-74.4739529659999,10.979049761000056],[-74.51423461899992,10.986529486000052],[-74.54397301999995,10.993453656000042],[-74.59851730399993,11.008672925000042],[-74.68503033899992,11.039948632000062],[-74.72495879299993,11.05649321900006],[-74.77306817899995,11.078046750000055],[-74.79235812199994,11.084078373000068],[-74.80655545799993,11.086238579000053],[-74.8317944389999,11.098893673000077],[-74.83663954699995,11.098240788000055],[-74.85186053199993,11.105367258000058],[-74.8438083559999,11.067211579000059],[-74.83481239199995,11.053399239000044],[-74.82703151499993,11.046631043000048],[-74.80315577899995,11.032823190000045],[-74.7745858319999,11.008772883000063],[-74.76367801999993,10.995104789000038],[-74.75603326899994,10.970543573000043],[-74.75668149599994,10.941549680000037],[-74.75384961399993,10.936128187000065],[-74.7354812609999,10.920301522000045],[-74.72176270199992,10.913293981000038],[-74.72144941899995,10.903985805000048],[-74.73165936599992,10.896548167000049],[-74.73665030599994,10.88830471700004],[-74.73755835899993,10.860667288000059],[-74.74126904899992,10.845994575000077],[-74.73771836299994,10.807620746000055],[-74.72736775999994,10.781122810000056],[-74.7252656469999,10.767434385000058],[-74.72743031399995,10.76029191400005],[-74.7259859369999,10.736007396000048],[-74.72518757599994,10.688615020000043],[-74.7236389649999,10.666993424000054],[-74.74374817099994,10.654549519000057],[-74.74702336799993,10.64625566300009],[-74.73980484999993,10.63446932000005],[-74.73021942199995,10.629513406000058],[-74.72503565599993,10.619733345000043],[-74.72500175099992,10.60361597700006],[-74.73375114399994,10.592398355000057],[-74.7384412749999,10.58002244000005],[-74.73592914799991,10.550603607000085],[-74.74445104199992,10.53821085900006],[-74.7670655629999,10.52813721800004],[-74.7823908819999,10.51525875100009],[-74.79839908999992,10.496174784000061],[-74.8099710649999,10.475273211000058],[-74.81223024199994,10.442226150000067],[-74.81806411999992,10.424832654000056],[-74.82717732999993,10.41119818900006],[-74.83598181299993,10.410262611000064],[-74.85801778299992,10.392961932000048],[-74.86566051999995,10.371234900000047],[-74.8610306299999,10.353843569000048],[-74.88019557399991,10.31849810500006],[-74.89531605199994,10.295442660000049],[-74.91076964199993,10.254176099000063],[-74.91785482199992,10.231012297000063],[-74.92520687099994,10.224056362000056],[-74.93184155999995,10.197993807000046],[-74.9313619429999,10.181854521000048],[-74.93829941099995,10.161421061000055],[-74.94404688799995,10.151485028000081],[-74.94558742399994,10.129053204000058],[-74.93638143899994,10.114039107000053],[-74.92669299499994,10.108120634000045],[-74.8961242069999,10.107193300000063],[-74.87485943699994,10.096277413000053],[-74.8594898899999,10.091172929000038],[-74.83974108399991,10.07866064600006],[-74.8262653189999,10.061792794000041],[-74.81668212099993,10.040445289000047],[-74.79379515699992,10.020061798000086],[-74.78765238699992,10.008209234000049],[-74.79928259399992,9.989883442000064],[-74.8135127189999,9.976982293000049],[-74.82039499199993,9.967333129000053],[-74.83797080599993,9.957994455000062],[-74.84536187399993,9.957828770000049],[-74.85810055899992,9.95021121700006],[-74.86572960799992,9.939852767000048],[-74.8732980719999,9.935668890000045],[-74.87052435399994,9.913343774000055],[-74.8717245279999,9.902241029000038],[-74.8803925759999,9.88722634000004],[-74.88236986399994,9.872851249000064],[-74.87318440099995,9.848473647000048],[-74.8643028379999,9.845298909000064],[-74.85555654599995,9.827497977000064],[-74.81491479899995,9.784545102000038],[-74.80522851599994,9.760934210000073],[-74.8157255019999,9.734071635000078],[-74.79961957199993,9.709736862000057],[-74.78864563199994,9.699165769000047],[-74.79271652799991,9.686621723000087],[-74.80185694399995,9.683347825000055],[-74.80575276699994,9.675530604000073],[-74.8036816149999,9.667324404000055],[-74.7857257789999,9.645895443000086],[-74.77697453899992,9.626194694000048],[-74.77213558299991,9.604440217000047],[-74.77444035699995,9.583518251000044],[-74.78089668099994,9.573626861000037],[-74.8053822629999,9.553776525000046],[-74.8067681579999,9.545303957000044],[-74.78766041499995,9.526458425000044],[-74.77657564399993,9.505203666000057],[-74.77693929499992,9.496119968000073],[-74.78995732099992,9.478576261000057],[-74.80677058299995,9.465303787000039],[-74.80890002799993,9.456531863000066],[-74.8007865429999,9.442087111000092],[-74.77874407399992,9.461771940000062],[-74.76424413399991,9.463900703000093],[-74.75555212099994,9.460953750000044],[-74.74198085599994,9.445952805000047],[-74.73654571799995,9.421827600000086],[-74.72024355699995,9.417646957000045],[-74.69871806499992,9.426835267000058],[-74.69160207499993,9.41956440100006],[-74.67374191499994,9.413967523000053],[-74.66462918999991,9.391534155000045],[-74.65265873399994,9.382625508000046],[-74.62943533299995,9.379163663000043],[-74.62110491999994,9.374371281000037],[-74.61352769899992,9.36089858400004],[-74.6154799549999,9.341185860000053],[-74.59238518899991,9.32363104600006],[-74.57503528099994,9.319501248000051],[-74.56395596599992,9.311123227000053],[-74.56138999899991,9.294205945000044],[-74.54915669399992,9.276907269000048],[-74.53372486799992,9.26098619000004],[-74.5304702059999,9.246580172000051],[-74.51423541799994,9.233778475000065],[-74.50857392199993,9.234990948000075],[-74.48679790099993,9.25040597900005],[-74.47194832299994,9.266869899000085],[-74.4638331509999,9.271320159000084],[-74.44792464999995,9.268960135000043],[-74.43966226999993,9.273969664000049],[-74.43122826399991,9.270802555000046],[-74.4319013619999,9.262340557000073],[-74.42234544699994,9.240677944000083],[-74.40303060799994,9.213748527000064],[-74.39328287699993,9.214424824000048],[-74.36000272299992,9.23140750600004],[-74.34195954699993,9.230749088000039],[-74.32814195599991,9.219396097000072],[-74.29543874799992,9.201758209000047],[-74.29111073599995,9.191616689000057],[-74.29939635099993,9.170253803000037],[-74.29614062099995,9.158852248000073],[-74.28388639699995,9.157466212000088],[-74.26645994799992,9.169582155000057],[-74.24827782499995,9.164652782000076],[-74.23591398199994,9.147804014000087],[-74.2196308799999,9.134995717000038],[-74.22843910899991,9.124046039000064],[-74.21426730199994,9.120465713000044],[-74.20228398799992,9.102076243000056],[-74.17653504399993,9.089238659000046],[-74.17557316099993,9.075197589000084],[-74.15723745399993,9.069892300000049],[-74.15758396899992,9.057686979000039],[-74.14890024399995,9.057031101000064],[-74.13731031599991,9.063943790000053],[-74.13128774199993,9.055663655000046],[-74.11793922699991,9.04888141400005],[-74.12344813499993,9.04286707600005],[-74.13498789699992,9.043835761000082],[-74.14224645099995,9.03818418800006],[-74.13478682599992,9.02781483700005],[-74.12448482899993,9.029967372000044],[-74.1180749429999,9.040454227000055],[-74.11237478599992,9.040772828000058],[-74.10451021199992,9.022240465000039],[-74.09866195299992,9.016187957000056],[-74.08874836899992,9.016841986000088],[-74.07469498199993,9.025950201000057],[-74.05863057199991,9.01845312000006],[-74.04744025199994,9.023195946000044],[-74.04315492299992,9.04061137900004],[-74.0355938269999,9.04439184100005],[-74.03197697899992,9.030398002000084],[-74.02035101999991,9.024910402000046],[-74.0119747679999,9.031270722000045],[-74.0042064669999,9.030585171000041],[-73.98878999899995,9.008026090000044],[-74.00090386599993,9.010565210000038],[-74.00495077399995,9.002649058000088],[-74.00192086899995,8.99552258500006],[-73.99286424099995,8.996808385000065],[-73.97766558699993,8.983928363000075],[-73.96709268099994,8.994445982000059],[-73.95766900299992,8.995817145000046],[-73.93762868499994,8.984462877000055],[-73.91505317699995,8.977556399000093],[-73.90039456699992,8.980839157000048],[-73.89412623899995,8.978010143000063],[-73.88301899599992,8.966181549000055],[-73.87121466499991,8.96134317700006],[-73.86563263599993,8.94756374900004],[-73.86765512799991,8.936489179000091],[-73.86312746699991,8.94655599300006],[-73.84984892299991,8.95575466300005],[-73.85046756499992,8.964639466000051],[-73.84144543799994,8.96601213200006],[-73.83272385899994,8.978439903000037],[-73.83042425999992,8.997076317000051],[-73.82594504999992,9.000486293000051],[-73.82580164299992,9.022713163000049],[-73.8136394579999,9.02612679300006],[-73.8098221329999,9.043977993000055],[-73.79786820999993,9.049403417000065],[-73.79802234999994,9.058297960000061],[-73.80923134799991,9.070713936000061],[-73.86413455599995,9.112220035000064],[-73.8753256789999,9.130541569000059],[-73.87567883799994,9.145086130000038],[-73.86410431799993,9.16303548500008],[-73.86403753399992,9.180742045000045],[-73.87890851899994,9.185847992000049],[-73.8913966579999,9.173526321000054],[-73.90902640299993,9.178051594000067],[-73.96203268199991,9.187675889000047],[-73.95594135699992,9.196243042000049],[-73.9640369249999,9.206578645000093],[-73.96494079899992,9.221276420000038],[-73.95146374099994,9.233406264000052],[-73.94852369599994,9.243663268000091],[-73.9509784249999,9.256601472000057],[-73.94465839799994,9.264318107000065],[-73.94612343999995,9.280811482000047],[-73.94279143699993,9.289562938000074],[-73.9576763739999,9.303438912000047],[-73.97493433599993,9.30406227900005],[-73.98907077099994,9.316715472000055],[-73.99192895199991,9.326163377000057],[-73.98807218799993,9.331385597000065],[-73.98962044299992,9.35125643300006],[-73.9845551649999,9.365035779000038],[-73.98414562399995,9.381847247000053],[-73.97920518899991,9.390203843000052],[-73.99454329199995,9.39832105000005],[-74.00012282999995,9.39484783800009],[-74.0237174799999,9.417893451000054],[-74.03452266799991,9.424232342000039],[-74.04382065899995,9.422072463000063],[-74.05839022099991,9.432618246000061],[-74.07401436599991,9.45333806900004],[-74.09174855899994,9.465380467000045],[-74.09741046999994,9.476703047000058],[-74.1213910649999,9.480599746000053],[-74.13216470799995,9.486268196000083],[-74.13720522299991,9.496457148000047],[-74.11971686099992,9.503795116000049],[-74.11150098099995,9.517096982000055],[-74.10025883899993,9.52188555400005],[-74.09761922099995,9.532677129000092],[-74.07998352999994,9.548610866000047],[-74.07726840899994,9.555765162000057],[-74.06389699199991,9.568656607000037],[-74.05568628899994,9.56712821900004],[-74.03673941799991,9.59132259100005],[-74.01409145699995,9.591842736000046],[-74.00262587999993,9.594937739000045],[-73.99439598499993,9.590506258000062],[-73.99713928499995,9.582909434000044],[-73.98926109599995,9.579814430000056],[-73.98454824799995,9.586567161000062],[-73.9549567869999,9.58934154800005],[-73.93905946199993,9.598344221000048],[-73.9271995169999,9.59971022700006],[-73.91582351399995,9.605415161000053],[-73.90998456299991,9.60171222200006],[-73.89339731599995,9.616429467000046],[-73.88193537899991,9.613590591000047],[-73.88308813899994,9.607623360000048],[-73.87618110299991,9.599574982000092],[-73.86789294899995,9.600995157000057],[-73.80326414799993,9.63641657900007],[-73.8105205889999,9.661538523000047],[-73.80970358999991,9.689534251000055],[-73.81484630299991,9.70405321000004],[-73.82464172899995,9.710042736000048],[-73.83337289799994,9.72279601300005],[-73.8377373429999,9.737734061000083],[-73.82747292199991,9.75322907900005],[-73.8368649009999,9.77617605200004],[-73.84200746599993,9.797518876000083],[-73.85364080099993,9.805522389000089],[-73.87850386399992,9.817146105000063],[-73.88694495999994,9.833661809000091],[-73.8979182189999,9.837781353000082],[-73.89852599199992,9.844438724000042],[-73.90751912299993,9.86194536100004],[-73.91621894499991,9.871737717000087],[-73.9267590629999,9.892334131000041],[-73.94130614699992,9.909416265000061],[-73.95097197599995,9.915514003000055],[-73.95150569799995,9.92469069300006],[-73.95909588799992,9.931595701000049],[-73.97249230199992,9.93471375300004],[-73.9925593879999,9.935768447000044],[-74.00178316299991,9.946626214000048],[-74.01167665399993,9.975927029000047],[-74.02292051699993,9.981099929000038],[-74.03121650599991,9.990911940000046],[-74.03709107799995,10.006383008000057],[-74.05454328399992,10.016152592000083],[-74.0620354969999,10.04190122600005],[-74.06762346399995,10.045727553000063],[-74.08397596399993,10.069998221000048],[-74.08402864199991,10.074111567000045],[-74.06923450599993,10.094806532000064],[-74.06699176799992,10.105124027000045],[-74.07279553299992,10.116499493000049],[-74.07309571999991,10.124712274000046],[-74.06284208699992,10.128944192000063],[-74.06120098899993,10.14959005500009],[-74.0655941789999,10.166820869000048],[-74.0513814279999,10.18431423900006],[-74.04677900699994,10.19541072000004],[-74.04079994799991,10.197794133000059],[-74.03770991999994,10.213492492000057],[-74.04261252499992,10.216390968000042],[-74.03106754499993,10.22774337900006],[-74.02557035599995,10.227593420000062],[-74.00798152699991,10.241485321000084],[-74.01231005199992,10.251706476000038],[-73.9994835949999,10.26634481800005],[-73.97653572599995,10.278073496000047],[-73.96509243699995,10.288102543000093],[-73.95776664399995,10.30944568700005],[-73.96094942499991,10.320466088000046],[-73.95566442899991,10.325429643000064],[-73.96150134699991,10.335995583000056],[-73.95400655799995,10.339136543000052],[-73.94481046499993,10.351280627000051],[-73.93183332099994,10.356622547000086],[-73.93261391399994,10.364608477000047],[-73.91738327099995,10.378043431000037],[-73.90624806299991,10.383453434000046],[-73.9000221519999,10.381672698000045],[-73.89306846199992,10.39076267300004],[-73.87301394499991,10.388822919000063],[-73.86750565599993,10.394557125000063],[-73.85826605299991,10.388227697000048],[-73.84163512999993,10.400710097000058],[-73.83052017199992,10.402644615000042],[-73.81713434599993,10.387926617000062],[-73.80711849099993,10.396001195000053],[-73.79941929799992,10.392458783000052],[-73.7899888199999,10.396991780000064],[-73.7793836809999,10.396053875000064],[-73.76508234699992,10.41165034900007],[-73.75571191599994,10.415593495000053],[-73.74145495999994,10.43489177400005],[-73.73157292099995,10.435569907000058],[-73.70326399099991,10.431753249000053],[-73.70451454199991,10.442800127000055],[-73.69927410799994,10.451590362000047],[-73.70331999699994,10.463598683000043],[-73.6907466259999,10.465366905000053],[-73.68265789399993,10.461204991000045],[-73.6595171649999,10.455450946000042],[-73.64559869899995,10.46728281500009],[-73.65247298899993,10.477318277000052],[-73.64498310099992,10.484939103000045],[-73.64805444799993,10.491278364000038],[-73.63983595099995,10.500767711000037],[-73.63179655599993,10.495207081000046],[-73.61539823599992,10.500933423000049],[-73.59206891399992,10.495495385000083],[-73.58443355799994,10.50186388800006],[-73.57473910699991,10.498867405000055],[-73.56309699399992,10.503811935000044],[-73.5663355229999,10.516298672000062],[-73.56527893999993,10.530498733000059],[-73.57198825499995,10.542892510000058],[-73.58874337999993,10.548128464000058],[-73.59575177699992,10.553728831000058],[-73.59783529899994,10.562299134000057],[-73.60856425499992,10.564496943000051],[-73.59952295499994,10.575809355000047],[-73.59415006099994,10.600394195000092],[-73.5993844919999,10.608036945000038],[-73.60057726999992,10.618431662000091],[-73.5955610019999,10.633361548000039],[-73.59850005399994,10.63957756700006],[-73.61688143999993,10.644687933000057],[-73.61239197799995,10.654142713000056],[-73.61165902399995,10.67273719900004],[-73.60313193099995,10.675204668000049],[-73.5966860879999,10.685801987000048],[-73.59378546999994,10.705264796000051],[-73.5629176619999,10.716209177000053],[-73.5647421999999,10.725961735000055],[-73.5587706309999,10.730820012000038],[-73.56231565799993,10.740852488000087],[-73.55073290899992,10.74997572600006],[-73.54789486099992,10.75834999600005],[-73.5620414409999,10.759947060000059],[-73.5682251369999,10.766151320000063],[-73.57946644399993,10.770048282000062],[-73.58864449499993,10.781441761000053],[-73.63831315599992,10.78851185700006],[-73.63380828599992,10.797730732000048],[-73.63521681199995,10.807864940000059],[-73.62056256499994,10.822576836000053],[-73.5985949329999,10.83595530000008],[-73.61110062499995,10.86033178200006],[-73.6153189769999,10.882255354000051],[-73.62485687399993,10.888217931000042],[-73.63355434199991,10.900510249000092],[-73.63539354999995,10.915472545000057],[-73.64041405799992,10.929242854000051],[-73.63788631999995,10.947374701000058],[-73.64388247999995,10.956305214000054],[-73.64214019699995,10.963457232000053],[-73.64854055099994,10.973288530000048],[-73.6616884039999,10.98091637400006],[-73.66490366099993,10.98959794600006],[-73.65815955199992,11.00547165200004],[-73.65094654899991,11.011374827000054],[-73.64828468999991,11.019920153000044],[-73.65339081299993,11.028481103000047],[-73.63545529699991,11.041696840000043],[-73.64197834599992,11.05496841200005],[-73.64923555799993,11.060133766000092],[-73.6420174239999,11.06950603200005],[-73.6419551219999,11.079662806000044],[-73.65043335099995,11.087422012000047],[-73.64847976199991,11.096486239000058],[-73.63747148199991,11.109032464000052],[-73.64222239499992,11.12056797300005],[-73.65189541899991,11.127422669000055],[-73.65108221799994,11.138662899000053],[-73.64512767199994,11.143649794000055],[-73.63068653499994,11.146032897000055],[-73.61790628799992,11.151209091000055],[-73.60844264399992,11.17294148700006],[-73.59744670599991,11.17976279900006],[-73.59172120499994,11.17821507900004],[-73.58382678699991,11.18959671400006],[-73.58153726299992,11.217140551000057],[-73.57441358599993,11.218506934000061],[-73.57777762899991,11.230215608000037],[-73.56818851299994,11.23218976600009],[-73.56834734299991,11.248007149000046],[-73.56534437499994,11.25458061200004],[-73.57489592999991,11.259700988000077]]]},"properties":{"DPTO_CCDGO":"47","DPTO_CNMBR":"MAGDALENA","DPTO_ANO_C":1964,"DPTO_ACT_A":"1964","DPTO_NAREA":23135.9369694,"DPTO_CSMBL":"3","DPTO_VGNC":2021,"Shape_Leng":10.8154028725,"Shape_Area":1.90926612987}},
{"type":"Feature","geometry":{"type":"Polygon","coordinates":[[[-71.0779310449999,4.899101335000069],[-71.0939919459999,4.892344895000065],[-71.10682346399994,4.883870409000053],[-71.11317269099993,4.87458483000006],[-71.13893524699995,4.867090508000047],[-71.15013525499995,4.861743842000067],[-71.16883109299994,4.842568336000056],[-71.17915202199993,4.83792754600006],[-71.19601392499993,4.824855513000045],[-71.21174826899994,4.817327842000054],[-71.23893322099991,4.817717970000047],[-71.27282458399992,4.799887372000057],[-71.2833157579999,4.80339205100006],[-71.30062656299992,4.792240983000056],[-71.31083124899993,4.782449799000062],[-71.31984997599994,4.768811675000052],[-71.33114701799991,4.767248828000049],[-71.3464488699999,4.757885628000054],[-71.37615141899994,4.751228089000051],[-71.38654134799992,4.756893285000046],[-71.3943985759999,4.753722627000059],[-71.40216481099992,4.744653471000049],[-71.42584037299991,4.725330564000046],[-71.44978094699991,4.715526984000064],[-71.48386639599994,4.707198297000048],[-71.49254708399991,4.702102545000059],[-71.51076691399993,4.697288282000045],[-71.52334911999992,4.682230033000053],[-71.55984048599993,4.679769770000064],[-71.57874483499995,4.673850911000045],[-71.59792645199991,4.645268783000063],[-71.61841851999992,4.637146261000055],[-71.63456231599991,4.622678523000047],[-71.65100400299991,4.61323367600005],[-71.66636844599992,4.611450442000091],[-71.6804720849999,4.601899975000038],[-71.7110258379999,4.58929792400005],[-71.7351712759999,4.574534852000056],[-71.75633879799994,4.577589079000063],[-71.76365500299994,4.58137709500005],[-71.77725535099995,4.579727462000051],[-71.78704979399993,4.586082551000061],[-71.80229598999995,4.58529874900006],[-71.81342464199992,4.574877858000093],[-71.8193940459999,4.55747595400004],[-71.82732098499991,4.548315763000062],[-71.85006901699995,4.532712495000055],[-71.86779118499993,4.50537739400005],[-71.89061414899993,4.496619545000044],[-71.9015285179999,4.483682955000063],[-71.90499109199993,4.467750695000063],[-71.91889560299995,4.452784618000067],[-71.93037544599991,4.448300303000053],[-71.94024333699991,4.434456404000059],[-71.95623746299992,4.421932545000061],[-71.95650419599991,4.412012060000052],[-71.9709066879999,4.407803252000065],[-71.97534457099994,4.393965617000049],[-71.9902957999999,4.383538349000048],[-71.99843733799992,4.38234073700005],[-72.0241092309999,4.386892624000041],[-72.03467394299992,4.384757739000065],[-72.05658759699992,4.374299120000046],[-72.06945614499995,4.383298073000049],[-72.07302791599994,4.391863283000077],[-72.06882906399994,4.398924792000059],[-72.0705441529999,4.407659282000054],[-72.09537281199994,4.422457077000047],[-72.1180555649999,4.433416222000062],[-72.1319759559999,4.435449771000037],[-72.14310961099994,4.44029960000006],[-72.15845774499991,4.441549764000058],[-72.17406145799993,4.437234037000053],[-72.18018593799991,4.430957513000067],[-72.19904438899994,4.428592477000052],[-72.21025572099995,4.433434347000059],[-72.2263981239999,4.432799713000065],[-72.23453613599992,4.435545031000061],[-72.24898092699993,4.430417847000058],[-72.25482806899993,4.419111446000045],[-72.26526197299995,4.416206703000057],[-72.28642608199993,4.417252394000059],[-72.3034882579999,4.407699836000063],[-72.31059809999994,4.381892434000065],[-72.32399925899995,4.36944346100006],[-72.33693436599992,4.37241718100006],[-72.34742143699992,4.351718796000057],[-72.35621694299994,4.341740620000053],[-72.36940514999992,4.336548703000062],[-72.38940455499994,4.331895645000088],[-72.40503584999993,4.317859741000063],[-72.4182759329999,4.324453238000046],[-72.41502025699992,4.33819303000007],[-72.41778467199993,4.34800154800007],[-72.42660024999992,4.353201824000053],[-72.4370760029999,4.350192746000062],[-72.4549865379999,4.326210768000067],[-72.46763918799991,4.317455623000058],[-72.48079694499995,4.326471755000057],[-72.49291640399991,4.327282249000064],[-72.51554579799995,4.338679222000053],[-72.5327352999999,4.339611],[-72.5397505009999,4.351047463000043],[-72.55069307399992,4.354131371000051],[-72.55455998299993,4.336790024000038],[-72.56696402999995,4.33245800800006],[-72.57442997499993,4.320368654000049],[-72.56929709499991,4.307427533000066],[-72.57980172499992,4.300719523000055],[-72.59645083799995,4.312637349000056],[-72.60610226699993,4.315387910000084],[-72.6243028959999,4.307203248000064],[-72.6419704999999,4.302831954000055],[-72.65812353199993,4.31652953300005],[-72.67586593399994,4.317383419000066],[-72.6875740179999,4.311876139000049],[-72.6872630599999,4.292545915000062],[-72.69464225999991,4.287674558000049],[-72.71463184499993,4.292432599000051],[-72.72583367599992,4.305767409000055],[-72.73981218199992,4.309735279000051],[-72.73999644699995,4.323724304000052],[-72.74641397199991,4.328323791000059],[-72.76946746999994,4.333179632000054],[-72.76565410599994,4.349607918000061],[-72.7667969769999,4.362324385000079],[-72.77230600699994,4.369996],[-72.78142402799995,4.370253394000088],[-72.79978418299993,4.37687965300006],[-72.79867728199991,4.383887694000066],[-72.78793478799992,4.392335441000057],[-72.79330680399994,4.399232505000043],[-72.80648722099994,4.39713017300005],[-72.80705641999992,4.405869156000051],[-72.82265464099993,4.414414553000086],[-72.82161931199994,4.421225596000056],[-72.8319427049999,4.432192619000091],[-72.84153719099993,4.431678461000047],[-72.85150368299992,4.449403582000059],[-72.85874896599995,4.453583873000071],[-72.87097716399995,4.451683144000071],[-72.87768336499994,4.463385175000042],[-72.89684373799992,4.474655257000052],[-72.9021037789999,4.485515185000054],[-72.90186399099991,4.494589974000064],[-72.9234487569999,4.520400977000065],[-72.9386798779999,4.524446952000062],[-72.93903717699993,4.533509073000062],[-72.95264176299992,4.551445611000076],[-72.94994580999992,4.559646817000043],[-72.96180152399995,4.570846575000076],[-72.9679756189999,4.599190900000053],[-72.97740195199992,4.610117138000078],[-72.99687189199994,4.617047318000061],[-73.00386750799993,4.628111812000043],[-73.0168593649999,4.635607115000084],[-73.0168593649999,4.647385446000044],[-73.02721001999993,4.652953384000057],[-73.03634715099992,4.666587696000079],[-73.03998111199991,4.677078967000057],[-73.05023200599993,4.692427538000061],[-73.0542626319999,4.702864853000051],[-73.0523195849999,4.719711474000064],[-73.04802925899992,4.727538226000092],[-73.05255695499994,4.736324805000038],[-73.08790887499993,4.500950491000083],[-73.12414289599991,4.25978439000005],[-73.13687721299993,4.213770922000037],[-73.14854698599993,4.227363539000066],[-73.15256835299994,4.226531555000065],[-73.17775400699992,4.244332262000057],[-73.18131067099995,4.25247530300004],[-73.20377129899992,4.273353331000067],[-73.21212797399994,4.273955335000039],[-73.23479082499995,4.286556813000061],[-73.2457007349999,4.287250648000054],[-73.26148665099993,4.293868037000038],[-73.2652820159999,4.290699825000047],[-73.28230995899992,4.29808997300006],[-73.29570344399991,4.298820401000057],[-73.32612132899993,4.30618419700005],[-73.3536448829999,4.321194295000055],[-73.38076294899992,4.317876149000085],[-73.3862639429999,4.318727013000057],[-73.41521266599995,4.311749905000056],[-73.42242516399995,4.305725402000064],[-73.43028618699992,4.306381422000072],[-73.4379283799999,4.295212837000065],[-73.44650662999993,4.288380072000052],[-73.45487042999991,4.288092099000039],[-73.46255146499993,4.278746357000045],[-73.47199427499993,4.276326821000055],[-73.48395445299991,4.285619744000087],[-73.49681790299991,4.283760782000058],[-73.52109840299994,4.292369608000058],[-73.5503668639999,4.307626895000055],[-73.55441307099994,4.319177799000045],[-73.54941724399993,4.328606014000059],[-73.55363632299992,4.334612698000058],[-73.55320201599994,4.349121177000086],[-73.55634911199991,4.355497637000042],[-73.57180446899991,4.37365118200006],[-73.57215854399993,4.388687147000041],[-73.57681444999992,4.396195197000054],[-73.57246449099995,4.419336054000041],[-73.58796596199994,4.433142390000057],[-73.5915704109999,4.444895380000048],[-73.60238186899994,4.454259224000054],[-73.6012844789999,4.467835961000048],[-73.59624906699992,4.48692888000005],[-73.57576143699993,4.498477198000046],[-73.57570032699994,4.516640822000056],[-73.56863065199991,4.527549668000063],[-73.5810816199999,4.543935773000044],[-73.59356991599992,4.54523725100006],[-73.60748770899994,4.55606036800009],[-73.61424832999995,4.555542905000038],[-73.62189984899993,4.562476822000065],[-73.63158073799991,4.558279094000056],[-73.64003769699991,4.547446708000052],[-73.65093792099992,4.544738333000055],[-73.66117131099992,4.546972897000046],[-73.6746515019999,4.533415397000056],[-73.68579453299992,4.529789914000048],[-73.69127600799993,4.517387627000062],[-73.70297549599991,4.518073681000089],[-73.71373876699994,4.515097991000061],[-73.7224696209999,4.503045134000047],[-73.72766399799991,4.502695428000038],[-73.7331808159999,4.48832746000005],[-73.73408833899992,4.470738863000065],[-73.73833067099991,4.460570455000038],[-73.74533430499991,4.455290339000044],[-73.75524432499992,4.461827412000048],[-73.76419941499995,4.449758553000038],[-73.76968200899995,4.451896993000048],[-73.7832847709999,4.448285978000058],[-73.79252285299992,4.441114875000039],[-73.8069565479999,4.422154951000039],[-73.81132627099993,4.400413894000053],[-73.80513216899993,4.395010404000061],[-73.80111267299992,4.383753275000061],[-73.7926818599999,4.381111363000059],[-73.79586115399991,4.369379182000046],[-73.79321492999992,4.353451239000037],[-73.78645585299995,4.341556659000048],[-73.7822566769999,4.322037685000055],[-73.7836367829999,4.300337229000093],[-73.7711154349999,4.294667179000044],[-73.76290567899991,4.27958250000006],[-73.74406458599992,4.26617520700006],[-73.75144746199993,4.258969522000086],[-73.7603318539999,4.236398265000048],[-73.75515260499992,4.228484918000049],[-73.75448156899995,4.213363826000091],[-73.74590571199991,4.197534147000056],[-73.75343823199995,4.192881849000059],[-73.77749289799993,4.19633932000005],[-73.7884561379999,4.200333866000051],[-73.80224597499995,4.197328551000055],[-73.81381368799993,4.201513207000062],[-73.8192250269999,4.180002150000064],[-73.8256164849999,4.170019203000038],[-73.83773482099991,4.176523676000045],[-73.87114597599992,4.167830928000058],[-73.88245858199991,4.152526841000054],[-73.89656424499992,4.142641007000066],[-73.9136278549999,4.148810530000048],[-73.92075319899993,4.143920843000046],[-73.9333116379999,4.149090049000051],[-73.9449894839999,4.118388379000066],[-73.95074380599993,4.113040157000057],[-73.95583634199994,4.09953728000005],[-73.96784143499991,4.090695059000041],[-73.97356973099994,4.100847359000056],[-73.98277884399994,4.109288311000057],[-73.9910671689999,4.103043448000051],[-74.00130209799994,4.103172187000041],[-74.00515317799994,4.110122752000052],[-74.01625846799993,4.097808693000047],[-74.02511342399993,4.09750026100005],[-74.03019882299992,4.084252365000054],[-74.03619473399993,4.081714891000047],[-74.03488801999993,4.060840246000055],[-74.05428583699995,4.062317163000046],[-74.070697,4.057704231000059],[-74.0814939359999,4.035006942000052],[-74.0925468499999,4.026534729000048],[-74.1002114179999,4.012891622000041],[-74.12389331799994,4.009134603000064],[-74.12369161299995,4.00125203500005],[-74.1373102419999,4.000358469000048],[-74.15067459799991,4.004849073000059],[-74.16025853499991,4.017847857000049],[-74.17542307499991,4.017987475000041],[-74.18389878099993,4.008778833000065],[-74.19517966199993,4.016367166000066],[-74.20685421499991,4.014172632000054],[-74.21749710299991,4.008172806000061],[-74.22925858999992,3.994285450000064],[-74.23289561199994,3.978174148000051],[-74.23946508999995,3.969103239000049],[-74.24382512099993,3.955092207000064],[-74.25116366199995,3.947700957000052],[-74.25997281899993,3.947458648000065],[-74.2564258029999,3.927865629000053],[-74.2652350109999,3.928801308000061],[-74.2740931859999,3.924283032000062],[-74.27590397999995,3.912752244000046],[-74.28149540299995,3.901482944000065],[-74.29752175599992,3.883284768000067],[-74.31058532799995,3.888183928000046],[-74.31752424899992,3.878974120000066],[-74.3040172929999,3.85049288600004],[-74.30707660799993,3.840342540000051],[-74.29473921699991,3.832700671000055],[-74.2984534819999,3.817717067000046],[-74.31676524999995,3.815160484000046],[-74.31831381799992,3.823643253000057],[-74.32627572099994,3.826716586000089],[-74.33540997999995,3.821747572000049],[-74.33668177899995,3.811599070000057],[-74.34354941399994,3.812475715000062],[-74.3626544469999,3.789600287000042],[-74.37710536399993,3.783207350000055],[-74.37695373699995,3.777854532000049],[-74.39389302799992,3.76991457400004],[-74.3871861049999,3.760709707000046],[-74.38715890599991,3.752702313000043],[-74.39883476299991,3.751375763000055],[-74.4015638489999,3.737422219000052],[-74.41592621099994,3.740826114000072],[-74.41840643099994,3.721860231000051],[-74.42447800999992,3.708397258000048],[-74.43774369199991,3.708631486000058],[-74.43776854899994,3.700203133000059],[-74.4543576019999,3.686989793000066],[-74.46104511499993,3.667201202000058],[-74.47447344999995,3.663184683000054],[-74.4808402239999,3.668057692000048],[-74.48975085599994,3.656179088000044],[-74.50224218099993,3.64696329800006],[-74.50796351499991,3.637616047000051],[-74.51259630299995,3.62126250700004],[-74.51549673399995,3.599786323000046],[-74.52325297399994,3.597593068000037],[-74.52758237599994,3.588408883000056],[-74.52441327699995,3.580617026000084],[-74.53739291499994,3.559792483000081],[-74.5504903449999,3.546361816000058],[-74.56362545799993,3.525902891000044],[-74.59178499199993,3.522482826000044],[-74.60311510199995,3.514011323000091],[-74.60376464399991,3.507577106000042],[-74.62082271999992,3.485692080000092],[-74.63053112599994,3.468508049000093],[-74.6163444199999,3.460501879000049],[-74.61228095899992,3.443367518000059],[-74.61786774799992,3.43182149800009],[-74.61358454599991,3.419158119000087],[-74.60621854999994,3.415096452000057],[-74.60911511699993,3.406122289000052],[-74.62397658399993,3.39304932500005],[-74.62387591099991,3.376264321000065],[-74.63966095699993,3.368734127000039],[-74.62723864999992,3.350947249000058],[-74.62705289799993,3.345168887000057],[-74.61786774799992,3.330514473000051],[-74.61656416499994,3.32101694000005],[-74.62606169799994,3.29978716100004],[-74.61632758899992,3.28779527100005],[-74.63553077199992,3.278484639000055],[-74.65783749899992,3.240272244000039],[-74.66637224399994,3.230088739000053],[-74.66869990499993,3.217771547000041],[-74.66753607499993,3.204581480000058],[-74.67325823599992,3.186348156000065],[-74.68188996999993,3.18353557000006],[-74.69664467099994,3.173143795000044],[-74.71166460099994,3.170733451000046],[-74.72265551899994,3.157557661000055],[-74.72720883199992,3.137964613000065],[-74.74887156799991,3.122510943000066],[-74.75094125299995,3.108161107000058],[-74.7643252389999,3.105125564000048],[-74.76556705099995,3.097260749000043],[-74.79026216799991,3.073666308000043],[-74.7877799929999,3.060418858000048],[-74.79181152799993,3.056206744000065],[-74.81499530399992,3.053702795000049],[-74.82005081199992,3.047742181000046],[-74.85281905599993,2.993040587000053],[-74.8623654779999,2.993981047000091],[-74.86808244199995,2.983703865000052],[-74.8690482959999,2.973631383000054],[-74.88284621699995,2.971561696000038],[-74.88574929599991,2.965168908000066],[-74.89673556399993,2.965905980000059],[-74.90442130799994,2.958291691000056],[-74.90245795299995,2.951691510000046],[-74.91103394399994,2.931601381000064],[-74.93334680999993,2.909426042000064],[-74.92041778299995,2.903333431000078],[-74.91791534599992,2.891666653000073],[-74.91062545199992,2.883541824000076],[-74.90000152599993,2.892499926000085],[-74.89416504099995,2.90499996200009],[-74.87104034099991,2.916458248000083],[-74.84541321199993,2.916666755000051],[-74.8368759199999,2.908541555000056],[-74.83125305599992,2.917500254000061],[-74.8174972569999,2.923750154000061],[-74.79916381399994,2.937916759000075],[-74.78916930699995,2.926249981000069],[-74.79416656799992,2.914999952000073],[-74.79000091799992,2.907500262000042],[-74.78250121999992,2.905416726000055],[-74.77874755599993,2.885833268000056],[-74.7693748449999,2.873124951000079],[-74.76166533899993,2.872500177000063],[-74.72499847499995,2.883333200000038],[-74.70833588099993,2.890416864000088],[-74.69208526699992,2.893333191000067],[-74.67333221399991,2.888749836000045],[-74.67292022899994,2.876666783000076],[-74.6666641189999,2.870416633000048],[-74.6616668659999,2.84208321400007],[-74.67166900199993,2.831666707000068],[-74.66583252499993,2.823750019000045],[-74.6666641189999,2.804999826000085],[-74.65791320999995,2.804166794000082],[-74.65291595699995,2.782499792000067],[-74.64458465699994,2.771666761000063],[-74.64333342999993,2.755833393000046],[-74.61771011299993,2.753541707000068],[-74.62999724799994,2.734166865000077],[-74.6270828239999,2.721666814000059],[-74.63791656099994,2.708333497000069],[-74.63749695299992,2.700833318000093],[-74.62333679699992,2.699999812000044],[-74.61416626399995,2.694583184000066],[-74.61583710699995,2.683333404000052],[-74.60666656599994,2.682916639000041],[-74.58999633499991,2.673333405000051],[-74.58583069299993,2.665416709000056],[-74.5929183959999,2.65666675600005],[-74.59999847799992,2.636250025000038],[-74.60916901199994,2.633333441000048],[-74.61208343499993,2.623333458000047],[-74.6212539679999,2.626666790000058],[-74.62500000199992,2.61833333800007],[-74.64167022499993,2.60875010400008],[-74.64916992399992,2.597500083000057],[-74.64624786199994,2.589999911000064],[-74.6541671679999,2.580416685000046],[-74.66249847699993,2.577083352000045],[-74.68166350799993,2.558333392000065],[-74.67541504399992,2.539166931000068],[-74.6791686979999,2.532916545000091],[-74.6733322149999,2.519583466000086],[-74.65708159999991,2.512500043000045],[-74.64749908099992,2.493749858000058],[-74.66291808499994,2.488333222000051],[-74.66166686699995,2.47541666300009],[-74.66874694799992,2.451666599000077],[-74.67292022799995,2.446666479000044],[-74.67292022899994,2.425000191000038],[-74.68499755599993,2.424999951000075],[-74.69291686899993,2.42000007200005],[-74.70458221799993,2.393333191000067],[-74.7062530529999,2.381666654000071],[-74.7191696189999,2.360000126000045],[-74.72708129599994,2.359166628000082],[-74.73291778899994,2.348333356000069],[-74.74041747899992,2.326666595000063],[-74.7408370949999,2.312916762000043],[-74.74874877999991,2.282500024000058],[-74.74166869699991,2.272083285000065],[-74.73000335699993,2.279999973000088],[-74.72875214599992,2.269166476000066],[-74.72166443499992,2.265000110000074],[-74.71583557899993,2.269166708000057],[-74.70916748399992,2.283750055000041],[-74.69791412199993,2.285000318000073],[-74.69999695099995,2.270416497000042],[-74.69333648599991,2.270416739000041],[-74.68416595299993,2.259999750000077],[-74.66583252399994,2.251666546000081],[-74.65916442899993,2.252083303000063],[-74.65083312799993,2.241250038000089],[-74.65083312799993,2.22749996500005],[-74.6600036609999,2.226666685000055],[-74.66249847599994,2.211250074000077],[-74.6425018349999,2.20249986400006],[-74.63416289799994,2.195416690000059],[-74.61582946899995,2.199583528000062],[-74.60749816899994,2.207916740000087],[-74.59166717799991,2.201666598000088],[-74.58916474099993,2.192500117000066],[-74.5920867939999,2.164166694000073],[-74.60166931399993,2.163749937000091],[-74.60416412899991,2.157916778000072],[-74.58666991699994,2.132916684000065],[-74.57875061099992,2.12416673000007],[-74.54624938899991,2.129166609000038],[-74.53874969099991,2.110000126000045],[-74.52999877499991,2.112916709000046],[-74.52166748199994,2.122083427000064],[-74.51166534599992,2.121666671000071],[-74.5095825169999,2.131666661000054],[-74.49083710299993,2.136666774000048],[-74.49041747899992,2.147500038000089],[-74.48374939099995,2.147499804000063],[-74.48166656199993,2.129583359000094],[-74.47750091199993,2.120833398000059],[-74.48416900699993,2.110000126000045],[-74.48166656099994,2.104166743000064],[-74.46833038699992,2.094166517000076],[-74.45916748399992,2.092083455000079],[-74.43166350699994,2.090833192000048],[-74.4291687079999,2.082916744000045],[-74.41750335199993,2.078333373000078],[-74.40083312799993,2.084583290000069],[-74.38417053499995,2.080833200000086],[-74.36646845099995,2.06070468900009],[-74.34574608699995,2.05999012500007],[-74.31883083299994,2.061895630000038],[-74.30501592399992,2.059513749000075],[-74.25285273299994,2.058560997000086],[-74.23617956699991,2.054749987000093],[-74.23141580499993,2.04950984900006],[-74.22808117199992,2.027596546000041],[-74.22331740999994,2.019021774000066],[-74.20378598699995,1.995441154000048],[-74.19249725299994,1.98749994800005],[-74.1820831309999,1.985833293000042],[-74.17292023599992,1.980000017000066],[-74.16458129799992,1.98333346700008],[-74.15333557299994,1.97958337700004],[-74.14333342999993,1.992916577000074],[-74.12500000199992,1.992916576000084],[-74.12166595399992,1.987083432000077],[-74.10791778499993,1.981666680000046],[-74.10500336099994,1.972500087000071],[-74.09249877999991,1.977500082000063],[-74.06624603299991,1.979166737000071],[-74.05416869399994,1.971666456000094],[-74.04000091799992,1.970833299000049],[-73.85347152199995,1.79901440000009],[-73.7579006119999,1.71098065800004],[-73.65666833299991,1.61773194400007],[-73.65675577999991,1.861772496000071],[-73.65682022499993,2.035304352000082],[-73.65693152999995,2.294470947000093],[-73.64623065899991,2.284406450000063],[-73.6334089419999,2.288257509000061],[-73.6289405949999,2.299569112000086],[-73.63227644499995,2.303867239000056],[-73.6355564349999,2.321400778000054],[-73.63037808899992,2.330856849000043],[-73.6187038079999,2.33298078200005],[-73.61384779299993,2.341135077000047],[-73.63142846199992,2.353588637000087],[-73.63213711599991,2.362928942000053],[-73.61850009699992,2.376722600000051],[-73.59914178899993,2.380612934000055],[-73.58904101399992,2.390069751000055],[-73.58439483899991,2.387545296000042],[-73.58265093799992,2.375829027000066],[-73.58798006899991,2.366157365000049],[-73.58369626299992,2.357540095000047],[-73.57384600299991,2.354874270000039],[-73.56398763999994,2.360035424000046],[-73.55828170199993,2.368601426000055],[-73.5417132739999,2.376089413000045],[-73.5338075599999,2.385984275000055],[-73.5240458909999,2.383396517000051],[-73.52266718499993,2.367776251000066],[-73.51407569799994,2.349591960000055],[-73.51874290299992,2.33707979400009],[-73.50635292499993,2.33524843500004],[-73.50866181999993,2.349722181000061],[-73.49916467799994,2.358287562000044],[-73.48542994999991,2.356889515000091],[-73.47403902399992,2.361762919000057],[-73.46314092499995,2.353129607000085],[-73.4588807529999,2.33824035400005],[-73.44675033599992,2.343750728000089],[-73.44703768799991,2.353698135000059],[-73.45564471599994,2.379138190000049],[-73.45261356799995,2.384311622000041],[-73.43852698599994,2.382752580000044],[-73.43137121099994,2.362900537000087],[-73.43367092699992,2.349953670000048],[-73.44104616699991,2.334428777000085],[-73.43489186499994,2.325481278000041],[-73.4241227789999,2.329892806000089],[-73.42470058399994,2.346426183000062],[-73.42016880799991,2.353921831000093],[-73.41162360999994,2.356944572000089],[-73.39075618599992,2.351481944000057],[-73.3880581869999,2.342087947000039],[-73.39602142899992,2.328406175000055],[-73.38046975999993,2.324350279000043],[-73.37472620799991,2.329701193000062],[-73.37400691999994,2.363373412000044],[-73.35637033899991,2.368484349000084],[-73.34866315399995,2.363664970000059],[-73.34552951599994,2.348590645000058],[-73.3584433119999,2.336542855000062],[-73.35591178699991,2.324165390000076],[-73.33779401599992,2.328840734000039],[-73.32984545399995,2.344090130000041],[-73.3362016449999,2.353925523000044],[-73.3250529149999,2.360886200000039],[-73.31962794299994,2.358668223000052],[-73.3088616249999,2.34321099400006],[-73.29908155099992,2.336217853000051],[-73.27999232299993,2.352772943000048],[-73.27057258099995,2.358035944000051],[-73.25558777399993,2.355729199000052],[-73.24733090899991,2.347971725000093],[-73.2381754189999,2.353880366000055],[-73.23857227399992,2.36598446000005],[-73.2439298239999,2.373392433000049],[-73.26337574399992,2.371937293000087],[-73.26734429999993,2.381329543000049],[-73.2530574999999,2.381527969000047],[-73.23974901199995,2.388831703000051],[-73.22469480099994,2.389907606000065],[-73.21784346699991,2.40458250100005],[-73.21133945899993,2.398528403000057],[-73.21684373199992,2.385688362000053],[-73.19999483099991,2.382645310000044],[-73.18575471199995,2.388657562000049],[-73.18267955399995,2.396669236000093],[-73.17403439199995,2.400967691000062],[-73.1640455399999,2.396118253000054],[-73.16774215999993,2.370109122000088],[-73.15585689199992,2.365604738000059],[-73.14180475199993,2.377320860000054],[-73.12996793999991,2.376545641000064],[-73.12665129699991,2.388127485000041],[-73.14058973699991,2.395074534000059],[-73.13473427499991,2.407644022000056],[-73.12302656799994,2.411568870000053],[-73.1180206869999,2.40704904100005],[-73.11369929699993,2.381509339000047],[-73.09653535899992,2.393166945000075],[-73.08178899099994,2.410949303000052],[-73.07375414599994,2.41523978400005],[-73.06653277399994,2.426980465000042],[-73.05580929899992,2.426350315000093],[-73.04308894399992,2.437957569000048],[-73.03792433599995,2.432897677000085],[-73.0348191619999,2.412983531000066],[-73.01180131199993,2.433489947000055],[-72.99335641099992,2.443733857000041],[-72.98638834899992,2.451744944000041],[-72.96313203599993,2.452489964000051],[-72.97139339199992,2.46115812000005],[-72.97060652999994,2.471490201000051],[-72.96000424599993,2.481027837000056],[-72.93820266299991,2.464683944000058],[-72.92978176699995,2.468867221000039],[-72.92755600999993,2.475575649000064],[-72.93053952999992,2.491738425000051],[-72.93626647899993,2.502735682000093],[-72.94388948699992,2.503744311000048],[-72.95069095899993,2.495289701000047],[-72.95810645499995,2.499587853000094],[-72.95621715699991,2.514513308000062],[-72.9479042449999,2.523959801000046],[-72.93304301199993,2.524493092000057],[-72.92471229499995,2.529678409000041],[-72.91903151499992,2.539828292000038],[-72.92181778399993,2.560516868000093],[-72.9109154059999,2.567089359000079],[-72.8980990789999,2.563188292000063],[-72.89258747199995,2.57057678700005],[-72.87935921899992,2.577457898000091],[-72.86779064699994,2.578482711000049],[-72.84859507099992,2.596751494000046],[-72.81650725899993,2.61464959500006],[-72.80281214399992,2.613899296000056],[-72.7958125209999,2.608068979000052],[-72.78889799699994,2.588867081000046],[-72.7616077369999,2.573095014000046],[-72.74752910699993,2.569989090000092],[-72.73623408499992,2.570983660000081],[-72.71970753799991,2.584696828000062],[-72.70602413199992,2.613006],[-72.69958313099994,2.619972050000058],[-72.68220978799991,2.622828219000041],[-72.67242206399993,2.618072655000049],[-72.6671406289999,2.610734218000061],[-72.66287651999994,2.588516349000088],[-72.66370276299995,2.575802807000059],[-72.65295977699992,2.571539949000055],[-72.64308542499992,2.580802163000044],[-72.64664193199991,2.596333651000066],[-72.64441714599991,2.604238613000064],[-72.63726280199995,2.60983753000005],[-72.62466266599995,2.626931748000061],[-72.60629705399992,2.62281269500005],[-72.59944487999991,2.614394048000065],[-72.59753311199995,2.584450188000062],[-72.58319157199992,2.585353424000061],[-72.5804526359999,2.591962374000047],[-72.58118880399991,2.608535744000051],[-72.58742583499992,2.631035512000039],[-72.58671925699991,2.639323478000051],[-72.57753186199994,2.64642075200004],[-72.5616484169999,2.646920378000061],[-72.55486800199992,2.651204059000065],[-72.5592240069999,2.662791032000086],[-72.5710723389999,2.666275837000057],[-72.5714208199999,2.674116644000094],[-72.56279593099993,2.682218814000066],[-72.54835240099993,2.678902113000049],[-72.53568562999993,2.685444712000049],[-72.53865261999994,2.698453827000094],[-72.53056264899993,2.703088734000062],[-72.51952254199995,2.698735077000038],[-72.50986848199994,2.691022277000059],[-72.48555482499995,2.686067484000091],[-72.47220881499993,2.689345507000041],[-72.46523757499995,2.696665],[-72.46408714599994,2.717035960000089],[-72.47216954899994,2.729432674000066],[-72.46958050699993,2.734251273000041],[-72.4432282919999,2.734885577000057],[-72.43305032699993,2.739680556000053],[-72.41139987799994,2.72568708600005],[-72.40665012599993,2.726001370000063],[-72.38967224499993,2.736505776000058],[-72.37250682399991,2.757390150000049],[-72.35841511299992,2.781131545000051],[-72.34799464699995,2.786406768000063],[-72.33550523199995,2.796746853000059],[-72.31641056799992,2.799701121000055],[-72.30906092399994,2.797251238000058],[-72.29448116099991,2.773843055000043],[-72.28753518099995,2.772959098000058],[-72.27286339299991,2.77964716200006],[-72.26610682199993,2.788024661000065],[-72.26510716899992,2.796458631000064],[-72.2715921489999,2.807771317000061],[-72.27108776199992,2.815841514000056],[-72.26474689199995,2.82275882600004],[-72.2517048759999,2.822974993000059],[-72.23808641799991,2.804961160000062],[-72.22611634999993,2.784429998000064],[-72.2151208809999,2.775662055000055],[-72.19843618399995,2.770268138000063],[-72.18939947399991,2.774923344000058],[-72.1840449149999,2.790333927000063],[-72.18743151599995,2.798764399000049],[-72.2043645199999,2.812743135000062],[-72.20775112099994,2.83630523000005],[-72.2043645199999,2.858858552000072],[-72.19910448099995,2.869306575000053],[-72.18952112099993,2.874278393000054],[-72.1741012789999,2.873341672000038],[-72.15853732599993,2.866568471000051],[-72.1419583839999,2.866554807000057],[-72.13884222699994,2.883402090000061],[-72.12686963899995,2.888373344000058],[-72.1124398689999,2.875357301000065],[-72.09608166499993,2.836065206000058],[-72.08021393999991,2.824861876000057],[-72.05941986399995,2.817331066000065],[-72.0468969179999,2.817768671000067],[-72.02618070699992,2.828113561000066],[-72.00750884699994,2.829857765000042],[-71.9922320519999,2.823529565000058],[-71.98625242399993,2.807386769000061],[-71.98141013799994,2.801368271000058],[-71.9672566239999,2.821861081000065],[-71.9528845669999,2.831958628000052],[-71.94029686999994,2.833319506000066],[-71.9245208669999,2.828354919000049],[-71.91175444099991,2.827828469000053],[-71.88872222899994,2.832829749000041],[-71.85823367599994,2.842473247000044],[-71.84959451499992,2.842816926000069],[-71.82891333899994,2.837090506000038],[-71.8242256609999,2.842061666000063],[-71.8186887789999,2.857783128000051],[-71.8277820159999,2.872734509000054],[-71.84964075799991,2.868887369000049],[-71.85051510799991,2.872734509000054],[-71.81746468999995,2.879292131000057],[-71.79752951699993,2.875532427000053],[-71.79001010999991,2.871335548000047],[-71.78406453199995,2.857783128000051],[-71.78922319499992,2.835312342000066],[-71.78922319499992,2.821934791000047],[-71.7800425229999,2.817825348000042],[-71.76902571699992,2.831202899000061],[-71.75844608599994,2.851225506000048],[-71.75958274099992,2.872384769000064],[-71.76596549299995,2.882177485000057],[-71.76762675799995,2.892669683000065],[-71.7557356019999,2.896779127000059],[-71.7417460069999,2.884275924000065],[-71.72906793699991,2.860581047000039],[-71.70222540099991,2.84047100500004],[-71.69383164399994,2.838197696000066],[-71.68263996799993,2.852537030000065],[-71.68150331399994,2.871685288000037],[-71.66200531599992,2.872734508000065],[-71.65798330699994,2.861018222000041],[-71.66314196999991,2.846853758000066],[-71.67345929599992,2.831640074000063],[-71.67057394299991,2.823246316000052],[-71.65221259899994,2.820186094000064],[-71.6333857219999,2.825366148000057],[-71.62384796099991,2.840833911000061],[-71.60793419399994,2.846821202000058],[-71.59724974799991,2.847136213000056],[-71.58132330099994,2.842457652000064],[-71.57158755799992,2.850869794000062],[-71.5844721659999,2.86603378600006],[-71.57413930299992,2.87196461700006],[-71.54588268799995,2.859083080000062],[-71.5420595029999,2.860303952000038],[-71.52800218999994,2.879262917000062],[-71.51160544699991,2.87688279200006],[-71.49158634799994,2.870263385000044],[-71.47999110099994,2.853181389000042],[-71.4652067259999,2.856887982000046],[-71.46387708499992,2.870151544000066],[-71.46826073799991,2.893956183000057],[-71.46442389899994,2.899045667000053],[-71.45012657299992,2.884962438000059],[-71.43557528499991,2.873744240000065],[-71.42000842399995,2.868119852000063],[-71.39844631499994,2.847475148000058],[-71.38929984899994,2.844811230000062],[-71.38302279899995,2.855533906000062],[-71.37924275099994,2.87249524300006],[-71.38225075999992,2.887806855000065],[-71.36608066199994,2.892503955000052],[-71.35816139299993,2.886377005000043],[-71.3563904639999,2.877336512000056],[-71.35875148799994,2.863987565000059],[-71.35485961699993,2.857945901000051],[-71.3463977749999,2.859153337000066],[-71.3383906599999,2.870725166000057],[-71.32851739299991,2.893025562000048],[-71.33279095799992,2.910246284000038],[-71.3310375449999,2.920821853000064],[-71.31369674399991,2.924885373000052],[-71.3037383269999,2.916498955000066],[-71.29986911299994,2.900847193000061],[-71.30015627699993,2.877516968000066],[-71.29451554899993,2.87125085200006],[-71.27804158799995,2.86782179100004],[-71.26216469099995,2.885581505000061],[-71.2547440589999,2.884985793000055],[-71.24969693799994,2.877227152000046],[-71.24954684699992,2.865737297000067],[-71.24064178499992,2.861709662000067],[-71.21808458499993,2.868576690000054],[-71.2131890899999,2.885886733000063],[-71.20784681799995,2.890662367000061],[-71.1881082619999,2.89320114800006],[-71.18350852899994,2.904840702000058],[-71.1728221969999,2.89827596300006],[-71.16940797799992,2.889024618000064],[-71.1563467439999,2.873954373000061],[-71.1514491019999,2.872164049000048],[-71.13883480699991,2.882759372000066],[-71.14076514999994,2.901710180000066],[-71.13527390299993,2.902754990000062],[-71.11583084799992,2.875150103000067],[-71.10291911099995,2.872613693000062],[-71.08778136599994,2.883059269000057],[-71.07752569599995,2.882232412000064],[-71.07753887199993,3.052228093000053],[-71.07755772599995,3.29550392100009],[-71.07756917199993,3.443187937000062],[-71.07758511899993,3.648972624000066],[-71.0775983879999,3.820203615000082],[-71.07761023099994,3.973034290000044],[-71.07762593799993,4.175739456000088],[-71.07763776099995,4.328298228000051],[-71.07765068899994,4.495147188000089],[-71.07761865099991,4.726488556000049],[-71.0779310449999,4.899101335000069]]]},"properties":{"DPTO_CCDGO":"50","DPTO_CNMBR":"META","DPTO_ANO_C":1959,"DPTO_ACT_A":"Ley 118 del 16 de Diciembre de 1959","DPTO_NAREA":82830.40259680002,"DPTO_CSMBL":"3","DPTO_VGNC":2021,"Shape_Leng":18.1943783625,"Shape_Area":6.73617299359}},
{"type":"Feature","geometry":{"type":"Polygon","coordinates":[[[-77.9283381539999,2.640404028000091],[-77.93474955599993,2.637865911000063],[-77.93424169899993,2.627124498000057],[-77.94582236199994,2.62589480400004],[-77.96471475499993,2.64015928300006],[-77.9728970779999,2.660568125000054],[-78.00389851199992,2.651275613000053],[-78.01007276699994,2.652090729000065],[-78.02008188799994,2.64380310100006],[-78.03555679399994,2.647865251000042],[-78.05785115399993,2.616808155000058],[-78.07245866399995,2.611161697000057],[-78.08300555099993,2.636439608000046],[-78.09699651499994,2.647326050000061],[-78.10345236599994,2.647352696000041],[-78.12583440499992,2.640309924000064],[-78.13728635099994,2.644126389000064],[-78.1386566999999,2.656771605000074],[-78.13551655799995,2.663431071000048],[-78.14266046099993,2.671591198000044],[-78.14252304699994,2.680466885000044],[-78.15916261799993,2.682582227000069],[-78.1633266739999,2.675919738000061],[-78.1845531109999,2.671884508000062],[-78.20904959899991,2.669580382000049],[-78.2482197249999,2.662668010000061],[-78.26039700399991,2.662046132000057],[-78.27177320699991,2.655910392000067],[-78.29291551099993,2.656215755000062],[-78.30305915299994,2.658764158000054],[-78.33360728899993,2.655861039000058],[-78.35126288999993,2.648365737000063],[-78.37121704899994,2.637189411000065],[-78.38094428599993,2.627062423000041],[-78.39553498799995,2.603032509000059],[-78.41913146199994,2.602853525000057],[-78.43692031199993,2.597989906000066],[-78.4547757869999,2.595974501000057],[-78.45720759599993,2.588612449000038],[-78.45120789099991,2.582226920000039],[-78.46033896699993,2.574438],[-78.46936758899994,2.554975786000057],[-78.47695507799995,2.554538628000046],[-78.4873387099999,2.547854663000066],[-78.50832555599993,2.520871575000058],[-78.50742819999994,2.508149339000056],[-78.52728897799994,2.506190038000057],[-78.54999141499991,2.492515276000063],[-78.55603762599992,2.463816597000061],[-78.55731396699991,2.437673517000064],[-78.56409923799993,2.433135827000058],[-78.57392736799994,2.444299698000066],[-78.59982684499994,2.402871462000064],[-78.62432815499994,2.372090755000045],[-78.62754309999991,2.344735689000061],[-78.63074080299992,2.333781434000059],[-78.62522955199995,2.330546573000049],[-78.62790924399991,2.320389827000042],[-78.6387890979999,2.312364183000057],[-78.6521440539999,2.294206239000061],[-78.66050547999993,2.286844187000042],[-78.66528881799991,2.270216645000062],[-78.66170368599995,2.261087713000052],[-78.67324687599995,2.240744378000045],[-78.68227216499992,2.245671512000058],[-78.68832022299995,2.233265238000058],[-78.69691599799995,2.229964284000062],[-78.6930611919999,2.221833743000047],[-78.7017012739999,2.211462874000063],[-78.70627054899995,2.188101420000066],[-78.71166506199995,2.175811457000066],[-78.71287799699991,2.164379962000055],[-78.70356036899994,2.118648678000056],[-78.69056285999994,2.109589056000061],[-78.6814007719999,2.063382611000065],[-78.67126944499995,2.030583529000069],[-78.6685777269999,2.007703924000054],[-78.66906373099994,1.990843301000041],[-78.67341977299992,1.983097692000058],[-78.66872172799992,1.973358904000065],[-78.64982985499995,1.976831554000057],[-78.64753690999993,1.987531962000048],[-78.6352760719999,1.999105444000065],[-78.62920898399994,2.009810017000063],[-78.62411995499991,1.999435688000062],[-78.6062932939999,1.996307162000051],[-78.59664070299993,1.980447625000068],[-78.58664022199991,1.972447240000065],[-78.5883903049999,1.957405630000039],[-78.60177412599995,1.945387530000062],[-78.59917898599991,1.899854709000067],[-78.59071919099995,1.892813536000062],[-78.57071448199991,1.900748835000059],[-78.55662034699992,1.900094598000067],[-78.54766664599993,1.885701381000047],[-78.54419295899993,1.861352341000043],[-78.53955722299992,1.857081107000056],[-78.54473504099991,1.840390275000061],[-78.55084125399992,1.835293460000059],[-78.55005086199992,1.796898974000044],[-78.56367145299993,1.79263708700006],[-78.56036911399991,1.784910862000061],[-78.56262467399995,1.760909706000064],[-78.5684756579999,1.750841230000049],[-78.57676788599991,1.774111140000059],[-78.58559073999993,1.778414566000038],[-78.59445971299994,1.771658480000042],[-78.60001980099992,1.781865062000065],[-78.59442036299993,1.789707598000064],[-78.60186412699994,1.794393184000057],[-78.63650538299993,1.791152356000055],[-78.65127059299994,1.793693716000064],[-78.66009033099994,1.785741620000067],[-78.67953051699993,1.789068885000063],[-78.69093293399993,1.775444139000058],[-78.70699920399994,1.77851350800006],[-78.71497977899992,1.793004693000057],[-78.71969859399991,1.784813229000065],[-78.71685733499993,1.769543542000065],[-78.71906720299995,1.748076260000062],[-78.72438417699993,1.74267621100006],[-78.72698400599995,1.766563587000064],[-78.73530960099993,1.782338838000044],[-78.73827292599992,1.796925343000055],[-78.75075119899992,1.800796765000086],[-78.7597277459999,1.789130576000048],[-78.77613421099994,1.789077960000043],[-78.78052643599995,1.802788298000053],[-78.76552346199992,1.803693076000059],[-78.7599101909999,1.819730274000051],[-78.75382101999992,1.817378277000046],[-78.75490459299994,1.806649805000063],[-78.73823061899992,1.808970876000046],[-78.73641725899995,1.814603783000052],[-78.72389356199994,1.823756561000039],[-78.7307696229999,1.830302522000068],[-78.73895086899995,1.828248741000039],[-78.7544322039999,1.818629914000041],[-78.76862689199993,1.822286717000054],[-78.76999608599994,1.81092435000005],[-78.78421893299992,1.806127230000072],[-78.79609311399992,1.806434713000044],[-78.79957355499994,1.815257905000067],[-78.78476962099995,1.819033102000049],[-78.78507700799992,1.827947343000062],[-78.80964391499992,1.829284481000059],[-78.82712690999995,1.823624375000065],[-78.85325889199993,1.807178953000061],[-78.86073588599993,1.807079257000055],[-78.8736793949999,1.793736976000048],[-78.88909098699992,1.772686308000061],[-78.92479092699995,1.741384783000058],[-78.93975045399992,1.722085828000047],[-78.95318827499995,1.699482461000059],[-78.9544219789999,1.684374775000038],[-78.9622271309999,1.687612731000058],[-78.97563819499993,1.675236080000047],[-78.9913026179999,1.669087187000059],[-79.00688971199992,1.658037062000062],[-79.00906634899991,1.649180978000061],[-78.99859535799993,1.644375889000059],[-79.0024214469999,1.626091148000057],[-78.99654423899995,1.610966847000043],[-78.98852764199995,1.600791933000039],[-78.97203194799994,1.599558612000067],[-78.95892789299995,1.594008659000053],[-78.9442821849999,1.580596275000062],[-78.93148645999992,1.563175587000046],[-78.91992405799994,1.55639231300006],[-78.91391160899991,1.561325602000068],[-78.90250337299994,1.543134092000059],[-78.89309928499995,1.543750751000061],[-78.88477435699991,1.553000672000053],[-78.87151613599991,1.555313153000043],[-78.86349953699994,1.550842359000058],[-78.86997448299991,1.537429972000041],[-78.86704533999995,1.523863421000044],[-78.8748076569999,1.514774575000047],[-78.8700109529999,1.49881915800006],[-78.8563439319999,1.480746904000057],[-78.84938967599993,1.475651120000066],[-78.83872424499992,1.478633333000062],[-78.8187845089999,1.473120784000059],[-78.8227627789999,1.465405315000055],[-78.83426459599991,1.456515023000065],[-78.83293105199994,1.45023625400006],[-78.81976230499993,1.450402945000064],[-78.8149170449999,1.43351645100006],[-78.79783143299994,1.426805225000066],[-78.79090386799993,1.408076716000039],[-78.77975890999994,1.409586784000055],[-78.7767337709999,1.405284278000067],[-78.77883253199991,1.392749041000059],[-78.77418791799994,1.39090662600006],[-78.76020954899991,1.395269885000062],[-78.75192598799993,1.388486766000085],[-78.74678035499994,1.37848789700007],[-78.73129604799993,1.368097699000089],[-78.72025437299993,1.369078634000061],[-78.70966813599995,1.358955845000082],[-78.70430662199993,1.349928909000084],[-78.70286503199992,1.339698696000085],[-78.69509770799993,1.334181065000053],[-78.68200062999995,1.331419114000084],[-78.66219359799993,1.312311624000074],[-78.6466182339999,1.289336195000089],[-78.64886586599994,1.277266773000065],[-78.6413256379999,1.268410140000071],[-78.62692187699992,1.26103689100006],[-78.62189218999993,1.250521879000075],[-78.60495506799992,1.246562831000062],[-78.59119702699991,1.239563091000093],[-78.58792744599992,1.243014924000079],[-78.54454072899995,1.244360527000083],[-78.54178293399991,1.229290210000045],[-78.52259852899994,1.221497476000081],[-78.51438938799993,1.212306808000051],[-78.51605501199992,1.204811505000066],[-78.5062706679999,1.19653098100008],[-78.49418062699993,1.192790468000055],[-78.4899547039999,1.18578057600007],[-78.4797896469999,1.191914827000062],[-78.47008144599994,1.189126098000088],[-78.46923435799994,1.180940753000073],[-78.4540248429999,1.177038437000078],[-78.4378788539999,1.190803772000038],[-78.42977956099992,1.186520314000063],[-78.42693802699995,1.17160225300006],[-78.43800435199995,1.157339913000044],[-78.43331784499992,1.143706438000038],[-78.42777924599994,1.138806908000049],[-78.41631860599995,1.138934722000045],[-78.41729851199995,1.148563363000051],[-78.42513797499993,1.15386591400005],[-78.41768195399993,1.15989619000004],[-78.40719269899995,1.159989424000059],[-78.40277151499993,1.152834858000062],[-78.39510151099995,1.152269966000063],[-78.38249054799991,1.159342331000062],[-78.3804824799999,1.171050326000056],[-78.36840972399995,1.176022036000063],[-78.36040005799993,1.174701292000066],[-78.35481885399992,1.180325100000061],[-78.32712585899992,1.185608070000058],[-78.32593292999991,1.194895875000043],[-78.31456413199993,1.19060674900004],[-78.30518448599992,1.178706126000066],[-78.30523621399993,1.172961312000041],[-78.29508676199993,1.169700223000063],[-78.2985324739999,1.156218702000047],[-78.2908592789999,1.132944387000066],[-78.27600032999993,1.108877172000064],[-78.26551959599993,1.111603866000053],[-78.26606254399991,1.10106038300006],[-78.2523121669999,1.09358211600005],[-78.25188611699991,1.079181761000086],[-78.26115309699992,1.082439789000091],[-78.27992477799995,1.06818740600005],[-78.28143939299991,1.058181020000063],[-78.27052751899993,1.046650462000059],[-78.25761580999995,1.04047156900009],[-78.25112247999994,1.029008545000067],[-78.24263157099995,1.029081335000058],[-78.23461832999993,1.015464548000068],[-78.21038418799992,1.005467564000071],[-78.19477472299991,0.984417836000091],[-78.19110208199993,0.960513042000059],[-78.19701353399995,0.948868193000067],[-78.18555008499993,0.938345573000049],[-78.17696445199994,0.937294566000048],[-78.15351920899991,0.924006663000057],[-78.1442732029999,0.926274855000088],[-78.13272969399992,0.935241426000061],[-78.12110282599991,0.936039021000056],[-78.1078082599999,0.929153003000067],[-78.10467784999992,0.911015777000046],[-78.0890570009999,0.897039394000046],[-78.07134223199995,0.897270620000086],[-78.06567641399994,0.889969417000088],[-78.0538276719999,0.888678951000088],[-78.04575342099992,0.881692413000053],[-78.0335380329999,0.879743560000065],[-77.99060407999991,0.851601359000085],[-77.96488376999991,0.824215128000048],[-77.9292698079999,0.819320685000093],[-77.91080728799994,0.810858993000068],[-77.89132855899993,0.810418018000064],[-77.86698422799992,0.801561376000052],[-77.84662947299995,0.802239498000063],[-77.8196436209999,0.808699138000065],[-77.80496974999994,0.83087150700004],[-77.7732913989999,0.839943409000057],[-77.76141743199992,0.839769941000043],[-77.74687070699991,0.832917458000054],[-77.73686042999992,0.836983644000043],[-77.72122051899993,0.849010496000062],[-77.71311651799994,0.850834745000043],[-77.70380693999994,0.841428495000059],[-77.69566347599994,0.840821419000065],[-77.6928587189999,0.833191715000055],[-77.67959009999993,0.822177725000074],[-77.67278380699992,0.82378893300006],[-77.66400808499992,0.810997702000066],[-77.67471218599991,0.801399957000058],[-77.67628839699995,0.790979886000059],[-77.66161772099991,0.790008463000049],[-77.67138551699992,0.780445064000048],[-77.68260301299995,0.776100272000065],[-77.69739707999992,0.754526478000059],[-77.69783433299995,0.741416270000059],[-77.67538509499991,0.737219186000061],[-77.67442644899995,0.721556158000055],[-77.6657596739999,0.704999654000062],[-77.6521527029999,0.705865420000066],[-77.63947327099993,0.702595196000061],[-77.6075691819999,0.685804846000053],[-77.60155118699993,0.675082475000067],[-77.58926895399992,0.673578829000064],[-77.5767281759999,0.660198944000058],[-77.56431208399994,0.651695068000038],[-77.5481359499999,0.649043199000062],[-77.52743928699994,0.655887930000063],[-77.49817968499991,0.658818784000061],[-77.4921981359999,0.662663436000059],[-77.4859269879999,0.656140876000052],[-77.4796251539999,0.640845916000046],[-77.48233773899995,0.605653687000085],[-77.48772721899991,0.598800839000091],[-77.4890121279999,0.58502376000007],[-77.5033245859999,0.575636786000075],[-77.5109626549999,0.565214747000084],[-77.5119620289999,0.550866597000038],[-77.52229602799991,0.531564410000044],[-77.52348575899993,0.520428532000039],[-77.51815576599995,0.509720958000059],[-77.51925031799993,0.493397855000069],[-77.52529414899993,0.476694039000051],[-77.51909565299991,0.453601370000058],[-77.5228730469999,0.443458917000044],[-77.51963103199995,0.43649899400009],[-77.52287899599992,0.415482405000091],[-77.53021963299994,0.409759801000064],[-77.52716410699992,0.400326436000057],[-77.51426408899994,0.405415467000068],[-77.49158058299992,0.404067121000082],[-77.4528253229999,0.396000719000085],[-77.42449996899995,0.392023063000067],[-77.4077212489999,0.404863085000045],[-77.39823045899993,0.401303454000072],[-77.38967642199992,0.388353591000055],[-77.3833010429999,0.395167105000041],[-77.36864775099991,0.398511516000042],[-77.35007049199993,0.39064796100007],[-77.3254943959999,0.387371410000071],[-77.31331128699992,0.380300257000044],[-77.31106415999994,0.373900444000071],[-77.2973606569999,0.364957871000058],[-77.28806367599992,0.363256384000067],[-77.26100330299994,0.369725479000067],[-77.24438924799995,0.361420640000063],[-77.22425157599992,0.364860938000049],[-77.21372859699994,0.363249542000062],[-77.2016894969999,0.368196219000083],[-77.19935762599994,0.374335228000064],[-77.18796093799995,0.380359294000073],[-77.17908461799993,0.389801725000041],[-77.16366571099991,0.387469853000084],[-77.15047754799991,0.376292335000073],[-77.13606753199991,0.374635754000053],[-77.12576815099993,0.379779685000074],[-77.11269553299991,0.372674483000083],[-77.1129285849999,0.381428405000065],[-77.09732786299992,0.383191647000046],[-77.09285569799994,0.406266319000053],[-77.09894467399994,0.411470627000085],[-77.09066537099994,0.418175825000048],[-77.0903542129999,0.426245262000066],[-77.10522852799994,0.432541936000064],[-77.10827457499994,0.449305278000054],[-77.10137558399992,0.464364039000088],[-77.10498645899992,0.477002104000064],[-77.11555698899991,0.483103503000052],[-77.12038819799994,0.508273024000061],[-77.13031009899993,0.525219719000063],[-77.13157055399995,0.539665275000061],[-77.12628683899993,0.556074356000067],[-77.11537713799993,0.56400349200004],[-77.12028038999995,0.57571325300006],[-77.11730728499992,0.58957599200005],[-77.12800051499994,0.601600759000064],[-77.1557505749999,0.605801251000059],[-77.1759209789999,0.617072441000062],[-77.18680573199993,0.630954062000058],[-77.15705498099993,0.75252471500005],[-77.13915418499994,0.821510242000045],[-77.11760849699994,0.826900379000051],[-77.10244189799994,0.833276369000089],[-77.11416953699995,0.849645614000053],[-77.11777260899993,0.858335378000049],[-77.11635963999993,0.876400182000054],[-77.1227179949999,0.880639088000066],[-77.11748126399993,0.900492858000064],[-77.10823506999992,0.90437697100009],[-77.1004637339999,0.912642838000068],[-77.09120878899995,0.914126459000045],[-77.07971519099993,0.940614639000046],[-77.07275,0.942312987000093],[-77.07856271999992,0.962174470000093],[-77.07230293599991,0.970897665000052],[-77.05601096299995,0.97703303500009],[-77.04958463999992,0.976818822000041],[-77.03885619499994,0.993044033000047],[-77.02803260699994,0.995266323000067],[-77.02670708399995,1.013359116000061],[-77.0394646709999,1.039516140000046],[-77.05466466899992,1.033438994000051],[-77.06660004399993,1.041928914000039],[-77.06471551099992,1.051618077000057],[-77.07246303799991,1.058413818000076],[-77.08420234599993,1.06190115600009],[-77.09511978899991,1.082322164000061],[-77.0919256219999,1.110551532000045],[-77.09587645699992,1.130054154000049],[-77.10145391399993,1.142332173000057],[-77.09741834899995,1.163290464000056],[-77.08706293499995,1.172275310000089],[-77.08843350199993,1.183373114000062],[-77.06920936299991,1.184811262000039],[-77.05901461799994,1.193717312000047],[-77.04032746399992,1.20158646100009],[-77.02095789799995,1.196220274000041],[-77.01308498499992,1.206270669000048],[-77.00349575999991,1.212719010000058],[-76.98110979199993,1.222788886000046],[-76.97140463399995,1.252611582000043],[-76.98309235799991,1.267151320000039],[-76.97839054399992,1.278744055000061],[-76.97941270799993,1.286688015000038],[-76.9613905139999,1.28365106800004],[-76.96418361899993,1.276956476000066],[-76.9401027369999,1.27254941700005],[-76.93377141699995,1.278461613000047],[-76.93038892499993,1.295714371000088],[-76.9134046339999,1.311004638000043],[-76.90723602899993,1.322342082000091],[-76.92159562799992,1.33793909700006],[-76.9205821889999,1.345595373000094],[-76.92702540599993,1.366332843000066],[-76.92622239399992,1.376143249000052],[-76.93180291699991,1.385798519000048],[-76.93186151399993,1.399545123000053],[-76.92368224599994,1.410096813000052],[-76.91826613299992,1.429801087000044],[-76.9237153819999,1.442159071000049],[-76.92209535599994,1.451692850000086],[-76.92863889199992,1.483167864000052],[-76.9268578249999,1.500056621000056],[-76.91274688399994,1.500515362000044],[-76.90691313299993,1.509943991000057],[-76.88763908599992,1.523021783000047],[-76.87326401599995,1.520232584000041],[-76.85860744599995,1.522467856000048],[-76.85140715599994,1.534526142000061],[-76.85654507399994,1.543177729000092],[-76.85710594499994,1.565514772000085],[-76.85205034199993,1.569370295000056],[-76.84098749299994,1.586683201000085],[-76.83988300499993,1.597546277000049],[-76.83389955299992,1.607489946000044],[-76.83413200199993,1.614462424000067],[-76.85451312899994,1.637677128000064],[-76.8610863859999,1.636540406000051],[-76.87744872899992,1.646026690000042],[-76.89509731599992,1.66361512900005],[-76.90033173599994,1.661673190000045],[-76.90902532899992,1.675288369000043],[-76.91711033399991,1.702298600000063],[-76.92375827099994,1.705818685000054],[-76.92572283999993,1.718471725000086],[-76.93608470399994,1.729002057000059],[-76.96003692099993,1.722257133000085],[-76.96872323299993,1.712287769000056],[-76.98761858299991,1.714786457000059],[-77.0013801099999,1.707107458000053],[-77.0157646479999,1.714748053000051],[-77.03948051399993,1.707140827000046],[-77.0456236579999,1.697796681000057],[-77.0547054239999,1.700605757000062],[-77.0723341819999,1.668956713000057],[-77.08700246199993,1.66627357100009],[-77.09511664299993,1.661296501000038],[-77.11033450299993,1.661403980000046],[-77.13965250899992,1.657150080000065],[-77.14398033499992,1.664824825000039],[-77.14228643399991,1.673283408000088],[-77.14927168299994,1.683909735000043],[-77.16210517899992,1.675841203000061],[-77.18647782099993,1.677501914000061],[-77.21573405499993,1.667861491000053],[-77.23964188499991,1.657498892000092],[-77.24531887899991,1.658126525000057],[-77.25631129099992,1.670843199000046],[-77.27483935499993,1.662269277000064],[-77.31354550599991,1.678470072000039],[-77.32750926699993,1.679999699000064],[-77.32929342999995,1.686400134000053],[-77.31641233499994,1.715796706000049],[-77.30810321999991,1.727630004000048],[-77.30507309099994,1.74129311300004],[-77.2981549079999,1.753473168000085],[-77.29478270499993,1.765727567000056],[-77.30146330199995,1.781552250000061],[-77.30803645099991,1.789091391000056],[-77.3091922719999,1.800813522000055],[-77.3011839589999,1.815909838000039],[-77.29576021499992,1.817951898000047],[-77.29481408999993,1.832040684000049],[-77.28734892799991,1.846757143000048],[-77.2820760589999,1.84994613300006],[-77.28059693999995,1.860420681000051],[-77.2563776049999,1.869252669000048],[-77.24366370999991,1.887276596000049],[-77.24549119799991,1.911329831000046],[-77.24069975999993,1.915924429000086],[-77.21580263299995,1.924340159000053],[-77.21984624599992,1.934000676000039],[-77.21050274299995,1.935731497000063],[-77.20333704599994,1.952118188000043],[-77.21063317799991,1.966300834000037],[-77.20942671099994,1.970898541000054],[-77.22056992599994,1.988187509000056],[-77.2274336779999,1.99077109600006],[-77.25886923799993,1.993897668000045],[-77.2734021409999,2.006345228000043],[-77.27950085099991,2.02076061300005],[-77.30301900899991,2.027033706000054],[-77.30593117199993,2.035853551000059],[-77.31706225199991,2.04352214000005],[-77.3324965999999,2.049842237000064],[-77.33428393699995,2.059797709000065],[-77.3196325269999,2.072171395000055],[-77.3076231899999,2.108160490000046],[-77.3079425809999,2.123717785000053],[-77.3115995039999,2.130053783000051],[-77.30734166399992,2.153230673000053],[-77.31726320399991,2.17748365500006],[-77.31060548799991,2.201345157000048],[-77.31656566799995,2.200573687000087],[-77.3230770209999,2.221996531000059],[-77.34760454499991,2.245845303000067],[-77.35201603599995,2.256946971000048],[-77.35983677799993,2.262531727000066],[-77.37287256199994,2.263177003000067],[-77.3866819509999,2.256294105000052],[-77.40181752199993,2.263764762000051],[-77.40898822499992,2.271151384000063],[-77.44291261599994,2.285242960000062],[-77.45943429599993,2.286177710000061],[-77.46817416699992,2.274982734000048],[-77.47749412499991,2.274941028000057],[-77.48005124299993,2.266266282000061],[-77.4736047529999,2.262438058000043],[-77.47227354799992,2.241319503000057],[-77.48773623099993,2.216080642000065],[-77.48472630899994,2.201971594000042],[-77.48794162199994,2.19525260000006],[-77.50167677299993,2.193442683000058],[-77.51939817099992,2.199773698000058],[-77.52952500499993,2.195694949000085],[-77.54439064899992,2.196460699000056],[-77.5543244079999,2.202409461000059],[-77.56390682699993,2.195366707000062],[-77.57416370099992,2.180668083000057],[-77.59476976899992,2.172806665000053],[-77.60362508299994,2.164709610000045],[-77.6456203699999,2.168544420000046],[-77.66268110199991,2.158610165000084],[-77.67927784499994,2.15801530400006],[-77.69848009799995,2.153613297000049],[-77.73376750299991,2.134042233000059],[-77.74399917999995,2.135053502000062],[-77.75113756099995,2.140883181000049],[-77.7806428799999,2.148378492000063],[-77.78346253799992,2.153286123000044],[-77.79845314799991,2.163874727000064],[-77.80113003799994,2.170120811000061],[-77.82145063899992,2.178270462000057],[-77.83566791599992,2.176604843000064],[-77.84875494999994,2.191190941000059],[-77.8532164419999,2.205408218000059],[-77.85297849599993,2.214569145000041],[-77.84732727499994,2.231659621000063],[-77.85030159699994,2.241022796000038],[-77.84792213999992,2.260593862000064],[-77.86077122799992,2.268231942000057],[-77.86624398999993,2.28356160900006],[-77.87153829199991,2.290581029000066],[-77.87915256499991,2.313037184000052],[-77.88349508399995,2.319461730000057],[-77.8803422929999,2.33466648700005],[-77.88324523499995,2.352714703000061],[-77.89407178499994,2.365599481000061],[-77.895321,2.375236293000057],[-77.90269732699994,2.396675243000061],[-77.9123341479999,2.403397218000066],[-77.91754130499993,2.411506798000062],[-77.91907766599991,2.436569594000048],[-77.91772820799991,2.456034290000048],[-77.9206881209999,2.460743510000043],[-77.92520131099991,2.482009840000046],[-77.92564231199992,2.510354446000065],[-77.91924999899993,2.523085477000052],[-77.91466150299993,2.543779948000065],[-77.9155153879999,2.593678846000046],[-77.91704731199991,2.605481919000056],[-77.92357732799991,2.618438491000063],[-77.9283381539999,2.640404028000091]]]},"properties":{"DPTO_CCDGO":"52","DPTO_CNMBR":"NARIÑO","DPTO_ANO_C":1904,"DPTO_ACT_A":"Ley 1 de 1904","DPTO_NAREA":31497.5394618,"DPTO_CSMBL":"3","DPTO_VGNC":2021,"Shape_Leng":12.8049686081,"Shape_Area":2.54847193176}},
{"type":"Feature","geometry":{"type":"Polygon","coordinates":[[[-72.04767334899992,7.038302588000079],[-72.1703477289999,7.251870817000054],[-72.1744161229999,7.257609785000056],[-72.16781066699991,7.272106393000058],[-72.17066506399993,7.290156348000039],[-72.15845319499994,7.31428121600004],[-72.15386421399995,7.328193193000061],[-72.1716547929999,7.345200895000062],[-72.18064914699994,7.356860247000043],[-72.18764476799993,7.374753800000065],[-72.19859028199994,7.386746281000057],[-72.2053955419999,7.386984225000049],[-72.2198150719999,7.394836446000056],[-72.23303133899992,7.390258459000052],[-72.24134872399992,7.390843120000056],[-72.2557050769999,7.378446655000062],[-72.28361355899995,7.385367664000057],[-72.28679903799991,7.388576967000063],[-72.30450751899991,7.389554621000059],[-72.31298559299995,7.38076366100006],[-72.32446415899994,7.375928273000056],[-72.34932411799991,7.394908778000058],[-72.35782514499994,7.394418090000045],[-72.37972016099991,7.398288573000059],[-72.42493957999994,7.401448443000049],[-72.43040908099994,7.403467736000039],[-72.44249435199993,7.42257782300004],[-72.44102188799991,7.431887799000037],[-72.44691440499992,7.461426915000061],[-72.45525690599993,7.469657863000066],[-72.46211130799992,7.482202486000062],[-72.47161013399995,7.483286034000059],[-72.47802886599993,7.498638267000047],[-72.47443309399995,7.503375865000066],[-72.47098638799991,7.526648674000057],[-72.45571024599991,7.54806381800006],[-72.45254597599995,7.564848596000047],[-72.45989307499991,7.588461980000091],[-72.46506919399991,7.592023247000043],[-72.46578572699991,7.601862150000045],[-72.47153891499994,7.623317424000049],[-72.47617885699992,7.633358745000066],[-72.47696408399992,7.646493373000055],[-72.47315693899992,7.65306068700005],[-72.47553640899991,7.680828996000059],[-72.4717540069999,7.710385891000044],[-72.47064160899993,7.735779446000038],[-72.47383754999993,7.748672876000057],[-72.4684362559999,7.774857999000062],[-72.46884574299992,7.793783802000064],[-72.45835754899991,7.802920448000066],[-72.44696276799993,7.82719534000006],[-72.45144290299993,7.839512232000061],[-72.44970854399992,7.852359949000061],[-72.44459334499993,7.859905013000059],[-72.45317987599992,7.879816145000063],[-72.45707429399994,7.881180481000058],[-72.46251329599994,7.916614259000085],[-72.47226518499991,7.91704870500007],[-72.47987194399991,7.92989271600004],[-72.4895178029999,7.930608310000082],[-72.48678615699993,7.945210054000086],[-72.47121689699992,7.960733395000091],[-72.44896397799994,7.968196337000052],[-72.44005748299992,7.978705353000066],[-72.43696683299993,7.991308383000046],[-72.42400266899995,7.990200109000057],[-72.41837786199994,7.996653713000057],[-72.42118675899991,8.008965752000051],[-72.41166264799995,8.021439731000044],[-72.4132972939999,8.03448436800005],[-72.39840170199994,8.032139612000037],[-72.38338548099995,8.034464872000058],[-72.36530140999992,8.017803786000059],[-72.36234045499992,8.010797498000045],[-72.35134609099993,8.004400864000047],[-72.34714159799995,8.016688660000057],[-72.35377881599993,8.03165993400006],[-72.34641232299992,8.03759526400006],[-72.35326477299992,8.087466204000066],[-72.37045426899994,8.093683704000057],[-72.3734019929999,8.104829985000038],[-72.36664793799991,8.117695622000042],[-72.3587405639999,8.120535480000058],[-72.36368748599995,8.131094077000057],[-72.36544757399992,8.147501476000059],[-72.3534957679999,8.156502988000057],[-72.35831458299992,8.174410932000058],[-72.37328722199993,8.19675972400006],[-72.37540194399992,8.216156114000057],[-72.38350666699995,8.232079722000037],[-72.38782166699991,8.252568334000046],[-72.38875774299993,8.268592866000063],[-72.38464620699995,8.27799585400004],[-72.38870622099995,8.286980202000052],[-72.38622716599991,8.303351109000062],[-72.38196160899992,8.311690226000053],[-72.39260223199994,8.320587489000047],[-72.39503198999995,8.331258327000057],[-72.38869871299994,8.349094051000066],[-72.39322201499994,8.35841776600006],[-72.40369938099991,8.360135615000047],[-72.4093479789999,8.375443246000088],[-72.4204455979999,8.382790146000048],[-72.42825201199992,8.38181860800006],[-72.57566111199992,8.540902716000062],[-72.59668683699994,8.572045145000061],[-72.61708906899992,8.59520948700009],[-72.62693753999991,8.597657783000045],[-72.62880274999992,8.60632798100005],[-72.6377563389999,8.607019170000058],[-72.655244,8.61556027100005],[-72.67237759799991,8.695001912000066],[-72.69802278999992,8.806418717000042],[-72.72019555899993,8.940742500000056],[-72.74698388599995,9.01429444300004],[-72.76319444399991,9.076611115000048],[-72.76312230499991,9.092304701000046],[-72.7664297579999,9.10027589300006],[-72.77642559499992,9.106067033000045],[-72.77860214899994,9.115030838000052],[-72.78578320199995,9.115033531000051],[-72.79106545699995,9.105701474000057],[-72.79982261099991,9.12105635800009],[-72.81081584399993,9.134418232000087],[-72.81938281599992,9.140466285000059],[-72.82431053999994,9.135103007000055],[-72.82239227899993,9.123255811000092],[-72.83372161599993,9.122014455000055],[-72.84407062799994,9.13006828400006],[-72.8831385869999,9.130469041000083],[-72.88698013099992,9.11378011000005],[-72.88658713899991,9.103970787000037],[-72.8992997069999,9.09739053800007],[-72.90762725499991,9.097577812000054],[-72.93295027699992,9.082993139000052],[-72.94000805699994,9.091058242000088],[-72.94839721199992,9.092332231000057],[-72.94822382899991,9.106216631000052],[-72.9594408399999,9.11248510900009],[-72.97224012599992,9.136191129000053],[-72.98504513199993,9.141119624000055],[-72.98180253099991,9.146768774000066],[-72.9640456859999,9.157287946000054],[-72.96202490699994,9.172028914000066],[-72.95559402099991,9.178713197000093],[-72.96254433099995,9.186049819000061],[-72.96454234399994,9.199698624000064],[-72.97079875199995,9.213216122000063],[-72.97997309399994,9.21641164500005],[-72.9887163059999,9.227568370000085],[-72.98785846899995,9.24401871300006],[-72.98441622699994,9.25163991900007],[-72.9957808719999,9.258702907000043],[-72.99477165199994,9.272327422000046],[-73.0059740289999,9.275910164000038],[-73.00269404599993,9.285598710000045],[-73.00814385599995,9.290695283000048],[-73.03085138099993,9.284993175000068],[-73.03736086999993,9.279846133000092],[-73.0408931529999,9.26955206100007],[-73.05017800599995,9.258400140000049],[-73.05688933699992,9.262790262000067],[-73.06995596099995,9.264493737000066],[-73.0811758019999,9.240306707000059],[-73.09064828399994,9.225592168000048],[-73.1049030019999,9.23115610800005],[-73.12177873699994,9.227063624000039],[-73.1286301959999,9.22848908900005],[-73.1328606319999,9.218878662000066],[-73.15267928199995,9.20729095900009],[-73.15019619499992,9.201129245000061],[-73.17643962299991,9.176871749000043],[-73.19291079999994,9.174642393000056],[-73.19851088599995,9.178576195000062],[-73.21417325699991,9.180670787000054],[-73.23528374699993,9.172969907000038],[-73.24045691099991,9.165242332000048],[-73.25164105399995,9.158427981000045],[-73.25704220999995,9.162543524000057],[-73.27502533199993,9.164700620000076],[-73.28009124599993,9.162293565000084],[-73.30064427799994,9.171386860000041],[-73.32646162499992,9.169213207000041],[-73.33829412499995,9.173731993000047],[-73.3468243129999,9.173299661000044],[-73.35888895099993,9.167468291000091],[-73.3690438619999,9.172574466000071],[-73.37170120299993,9.158101386000055],[-73.38227689699994,9.15260661900004],[-73.40310609499994,9.163141953000093],[-73.4116532939999,9.154379651000056],[-73.41541372099994,9.132412117000058],[-73.42420444899994,9.123802571000056],[-73.42947251599992,9.102410104000057],[-73.42136287199992,9.095183518000056],[-73.41645748399992,9.083914182000058],[-73.41634137499994,9.058414068000047],[-73.41199917499995,9.053347209000037],[-73.4223412099999,9.029041642000038],[-73.42333309299994,9.012279896000052],[-73.43684439399993,8.999157858000046],[-73.43954408199994,8.97434191700006],[-73.43458192399993,8.958902858000044],[-73.43106697799993,8.937140965000083],[-73.43023353599995,8.918811726000058],[-73.43633685299994,8.908817989000056],[-73.4256845029999,8.899569219000057],[-73.43036196699995,8.878014969000048],[-73.43478659399995,8.87072618700006],[-73.44660095099994,8.871192073000088],[-73.44824593999994,8.862248707000049],[-73.4295652539999,8.833273406000046],[-73.4287289589999,8.812796472000059],[-73.4210581449999,8.79312832100004],[-73.41175800999991,8.781140447000041],[-73.4158087639999,8.774581906000037],[-73.41613784499992,8.762545414000044],[-73.44027294999995,8.760727406000058],[-73.4451687099999,8.754909908000059],[-73.46268091399992,8.745343123000055],[-73.47136790499991,8.726987991000044],[-73.47300699699991,8.706084386000043],[-73.48971646799993,8.69743470800006],[-73.49421168999993,8.689883094000038],[-73.505022,8.688486368000042],[-73.50684350799992,8.679706398000064],[-73.52154974799993,8.658152460000053],[-73.52004094299991,8.645175989000052],[-73.52620170199992,8.631417166000062],[-73.54220672299994,8.624204895000048],[-73.55224160299991,8.60687471500006],[-73.54990179999993,8.59561137500009],[-73.54197370499992,8.588226942000063],[-73.54737653899991,8.582333169000037],[-73.54719751199991,8.564321207000091],[-73.53887769999994,8.56080699100005],[-73.53691711699992,8.553952355000092],[-73.52873356399994,8.549305401000083],[-73.51499289899994,8.52897611800006],[-73.5318458559999,8.527936232000059],[-73.5464979919999,8.51735748100009],[-73.55350018599995,8.507767760000092],[-73.57475838499994,8.506828670000061],[-73.57077258599992,8.497619401000065],[-73.57391961999991,8.490813979000052],[-73.56026211999995,8.490146519000064],[-73.55932300699993,8.479457779000086],[-73.55266674299992,8.480244621000054],[-73.54770129499991,8.471406184000045],[-73.52329214399992,8.48282933900009],[-73.49373130899994,8.477533011000048],[-73.48174315699993,8.472168931000056],[-73.47466121999992,8.465172941000048],[-73.47254131799991,8.448349801000063],[-73.4879098689999,8.436138074000041],[-73.4942683779999,8.416344439000056],[-73.50795276899993,8.401390629000048],[-73.51678870199993,8.395248844000093],[-73.51500702099992,8.385009104000062],[-73.48801782699991,8.38396],[-73.47382115799991,8.374118115000044],[-73.47118585399994,8.366518409000037],[-73.45656503899994,8.361455214000046],[-73.46108940499994,8.354450124000039],[-73.4563838169999,8.345483624000053],[-73.44081969099994,8.342413351000062],[-73.43610214599994,8.362607094000055],[-73.42546728399992,8.360623110000063],[-73.4208735279999,8.367031274000055],[-73.39439871699994,8.378413455000043],[-73.3972846989999,8.396545263000064],[-73.40311066599992,8.40315759300006],[-73.39913271699993,8.418022516000065],[-73.40939728799992,8.426405703000057],[-73.41433867399991,8.440147938000052],[-73.41439876999993,8.459258384000066],[-73.4024020569999,8.455116643000054],[-73.38949753499992,8.459342592000041],[-73.37179499599995,8.459464154000045],[-73.35870151899991,8.451345393000054],[-73.3431201489999,8.43655833400004],[-73.34054206099995,8.420872460000055],[-73.3500546809999,8.40610091700006],[-73.3515152029999,8.398212135000051],[-73.34810191699995,8.383595692000085],[-73.3529751399999,8.362571329000048],[-73.35058371699995,8.334262969000065],[-73.36908178599992,8.325106283000082],[-73.37666277099993,8.316049284000087],[-73.37463272799994,8.306174938000083],[-73.37641731999992,8.291566196000076],[-73.37160567599994,8.280050929000083],[-73.37512204299992,8.267193305000092],[-73.38224150399992,8.259108326000046],[-73.40477446999995,8.245484434000048],[-73.40859760099994,8.232801231000053],[-73.40629162099992,8.224957987000039],[-73.40862865399993,8.207832765000092],[-73.41514731299992,8.198974314000054],[-73.42093353599995,8.183691422000038],[-73.42936730199995,8.177688301000046],[-73.42952623899993,8.161048485000038],[-73.43417993799994,8.15376058000004],[-73.43269205899992,8.14020170300006],[-73.42378911899993,8.138175617000059],[-73.41610153499994,8.131488345000093],[-73.40918402499994,8.116738672000054],[-73.3775729269999,8.105542598000056],[-73.36903876199995,8.068965500000047],[-73.3748440299999,8.051549787000056],[-73.36571706599995,8.02233405000004],[-73.36591434899992,8.012224679000042],[-73.3550333629999,8.017087073000084],[-73.34345263599994,8.017424867000045],[-73.33380578099991,8.021443137000063],[-73.32349967199991,8.014097340000092],[-73.30993957499993,8.015885998000044],[-73.30381974399995,8.009146031000057],[-73.29641388499994,7.985028902000067],[-73.28878064699995,7.992430034000051],[-73.27845063399991,7.985831845000064],[-73.2752303389999,7.957454992000066],[-73.27861842999994,7.936208907000093],[-73.28891704299991,7.928199738000046],[-73.30224821299993,7.922914192000064],[-73.30468891899994,7.911015390000045],[-73.32719158999993,7.907114155000045],[-73.34655252999994,7.899579649000088],[-73.3518920919999,7.891972261000092],[-73.34989346899994,7.872113722000051],[-73.35339278099991,7.856744036000066],[-73.3490971789999,7.854117175000056],[-73.34583269199993,7.834615248000091],[-73.35181540199994,7.794353151000053],[-73.37491320099991,7.774354126000048],[-73.3988816129999,7.736702015000049],[-73.4104476949999,7.724839390000056],[-73.41193182699993,7.716355046000047],[-73.44023115899995,7.696088019000058],[-73.4627429969999,7.692269357000043],[-73.46680075799992,7.684601999000051],[-73.48087636699995,7.676341369000056],[-73.5055722749999,7.68228354200005],[-73.51779922599991,7.692957229000058],[-73.52181642199992,7.707428536000066],[-73.52964832499993,7.704213836000065],[-73.54299966499991,7.711078113000042],[-73.55165303799993,7.712117515000045],[-73.56122814999992,7.726862675000064],[-73.58052718499994,7.738482202000057],[-73.60436224499995,7.743111495000051],[-73.6140295269999,7.741692711000042],[-73.6330426319999,7.749194902000056],[-73.63186370599993,7.741426101000059],[-73.6206705269999,7.739916586000049],[-73.61393910099991,7.731198968000058],[-73.59896232199992,7.723959836000063],[-73.60274013999992,7.712892382000064],[-73.59691828799993,7.701346700000045],[-73.58188978999993,7.695337712000082],[-73.57288347199994,7.69860426200006],[-73.55718186899992,7.68770855300005],[-73.56090300199992,7.677035291000038],[-73.5430941919999,7.662369029000047],[-73.53715746699993,7.662876579000056],[-73.52714383299991,7.644553386000041],[-73.51690119199992,7.636952613000062],[-73.52052943199993,7.624311306000038],[-73.50857392299991,7.61148563100005],[-73.50512456299992,7.595506354000065],[-73.48914006699994,7.593684382000049],[-73.46261873799995,7.57464651500004],[-73.44467034199994,7.571910204000062],[-73.43958846699991,7.57414198500004],[-73.40748460899994,7.565161627000066],[-73.39553872899995,7.567866783000056],[-73.39921611199992,7.576730876000056],[-73.38696856399991,7.582244208000077],[-73.37149204999992,7.565277310000056],[-73.3637359949999,7.547436787000038],[-73.35475080399993,7.544501613000079],[-73.32006483599991,7.54890938300008],[-73.30966487199993,7.54579906400005],[-73.29839351999993,7.548737675000041],[-73.2815331239999,7.548076746000049],[-73.27780704499992,7.54023141600004],[-73.27008928799995,7.539640380000037],[-73.26282926999994,7.530668634000051],[-73.25251218599993,7.538182414000062],[-73.24754340499993,7.558261217000052],[-73.2588637689999,7.588067051000053],[-73.24382507299993,7.59975380800006],[-73.23630654699991,7.618605822000063],[-73.21818641399994,7.632177141000057],[-73.21221157199994,7.626702121000051],[-73.20489505099994,7.628859089000059],[-73.18941443999995,7.620708498000056],[-73.17665656299994,7.61935974000005],[-73.16630590599993,7.625427366000054],[-73.15955418599992,7.620341268000061],[-73.13109583199991,7.614000003000058],[-73.12039195999995,7.608525037000049],[-73.10057509399991,7.619304947000046],[-73.09062604399992,7.610019424000086],[-73.06032471799995,7.610321575000057],[-73.04837962599993,7.60660832700006],[-73.03433021099994,7.62294455600005],[-73.02281870799993,7.620361453000044],[-73.01211801099993,7.622261902000048],[-73.00332146399995,7.618441536000091],[-72.9823547769999,7.620307811000089],[-72.97994796499995,7.613608032000059],[-72.99215123499994,7.59735792400005],[-72.98420360099993,7.556657525000048],[-72.98504332399995,7.549706799000091],[-72.97749676199993,7.539107497000089],[-72.97830107499993,7.529047366000043],[-72.96776104599991,7.521636149000074],[-72.93926848299992,7.51227841900004],[-72.92793319999993,7.495061437000061],[-72.91085675599993,7.489359353000054],[-72.90206274699995,7.477071659000046],[-72.89315697399991,7.474327238000058],[-72.90145420699992,7.445718290000059],[-72.90036225099993,7.43336469500008],[-72.89178921999991,7.419782043000055],[-72.8771604659999,7.406096645000048],[-72.87216468499992,7.387425238000048],[-72.85042810599992,7.373641844000076],[-72.85602475399992,7.362785011000085],[-72.84046283499993,7.361555261000092],[-72.83683124999993,7.355610083000045],[-72.83970542399993,7.342317918000049],[-72.83962791199991,7.321463763000054],[-72.84318434599993,7.315376504000085],[-72.83405449399993,7.304533263000053],[-72.85593896699993,7.284266029000037],[-72.87009787599993,7.277819711000063],[-72.87618716499992,7.26346120900007],[-72.86799686099994,7.257255383000086],[-72.86445753699991,7.243890884000052],[-72.8654477469999,7.233660924000048],[-72.85697599899993,7.225587148000045],[-72.8557589049999,7.216295448000039],[-72.8346995679999,7.199110528000062],[-72.8409899209999,7.195032449000053],[-72.84134571299995,7.174401413000055],[-72.84365447099992,7.165761734000057],[-72.85852328199991,7.153748113000063],[-72.84963399799994,7.142856634000054],[-72.84071525099995,7.120929252000053],[-72.8332287209999,7.108854016000066],[-72.83722709499995,7.100110381000093],[-72.8187714309999,7.089153678000059],[-72.82258731899992,7.077061033000064],[-72.8004478389999,7.073153338000054],[-72.79227791299991,7.053397977000088],[-72.78686778199994,7.04879068200006],[-72.77229121199991,7.060195185000055],[-72.75049267499992,7.059216026000058],[-72.75698986099991,7.048323655000047],[-72.75075105699995,7.035359734000053],[-72.7518484229999,7.025121163000051],[-72.74574145499992,7.017194244000052],[-72.74124284599992,6.996335907000059],[-72.7340388209999,6.986825328000066],[-72.72655513899991,6.992042002000062],[-72.72249710299991,7.004659079000078],[-72.70906612899995,7.005086577000043],[-72.69956306199992,7.000789489000056],[-72.69246832999994,7.007872225000085],[-72.68427664199993,7.009426576000067],[-72.67822714399995,7.003058475000046],[-72.67310387599991,6.987185851000049],[-72.67088775499991,6.971788286000049],[-72.65695291399993,6.984913125000048],[-72.6576154139999,6.99144457500006],[-72.64808175399992,6.997514659000046],[-72.63152502299994,6.987060117000055],[-72.62093083999991,6.987709128000063],[-72.61416301899993,6.993356486000039],[-72.59988491399992,6.989401494000049],[-72.58966269199993,6.997333592000075],[-72.57442421999991,7.001841271000046],[-72.56236645399991,6.999793605000093],[-72.5528634929999,6.985018490000073],[-72.55449486499992,6.96905959500009],[-72.54359930899994,6.952163391000056],[-72.54217784899993,6.936589307000077],[-72.55252951699993,6.921591235000051],[-72.55310676999994,6.909503346000065],[-72.54813881599995,6.902671266000084],[-72.54699185699991,6.890936620000048],[-72.52530486299992,6.88642064000004],[-72.51374108399995,6.887997284000051],[-72.51214679399993,6.903453733000049],[-72.5029414999999,6.908158766000042],[-72.49660810799992,6.921525670000051],[-72.48779575499992,6.92452402400005],[-72.4645966409999,6.901687988000049],[-72.43989252699993,6.891315516000077],[-72.4322907799999,6.882895868000048],[-72.42248253999992,6.881645053000057],[-72.40834783499992,6.874563014000046],[-72.39232798599994,6.872214494000048],[-72.37874865499992,6.884420901000055],[-72.36144061699991,6.893825725000056],[-72.35245694799994,6.891741556000056],[-72.34985348599992,6.899047866000046],[-72.33764302799995,6.908172852000064],[-72.32511610099994,6.922361992000049],[-72.31342579999995,6.932223804000046],[-72.3040050059999,6.956045561000053],[-72.30200310399994,6.968730555000093],[-72.29142667699995,6.994344372000057],[-72.28285333299993,7.008500093000066],[-72.27652400799991,7.012792372000092],[-72.25351372299991,7.007994703000065],[-72.25562429399992,6.984956292000049],[-72.2449169919999,6.977114589000053],[-72.22033082099995,6.986340300000052],[-72.2201989109999,6.990637006000043],[-72.20438570599993,7.011935908000055],[-72.2057407929999,7.023217601000056],[-72.19872150899994,7.033806454000057],[-72.19965955499993,7.041193450000037],[-72.18543674299991,7.054041090000055],[-72.1763400289999,7.05553926400006],[-72.15928510499992,7.046272495000039],[-72.15306271399993,7.035047797000061],[-72.14481056599993,7.035657834000062],[-72.13264778799993,7.030541385000049],[-72.10743701199993,7.032707540000047],[-72.07569392399995,7.045367527000053],[-72.05580611499994,7.036925376000056],[-72.04767334899992,7.038302588000079]]]},"properties":{"DPTO_CCDGO":"54","DPTO_CNMBR":"NORTE DE SANTANDER","DPTO_ANO_C":1910,"DPTO_ACT_A":"Ley 25 de 1910","DPTO_NAREA":21856.7542523,"DPTO_CSMBL":"3","DPTO_VGNC":2021,"Shape_Leng":10.7079284107,"Shape_Area":1.79232544128}},
{"type":"Feature","geometry":{"type":"Polygon","coordinates":[[[-75.3887106219999,4.715441808000094],[-75.39603490399992,4.715352151000047],[-75.40781444599992,4.708055459000093],[-75.4114352069999,4.699420805000045],[-75.4231457809999,4.693668969000043],[-75.43373958699993,4.69674993700005],[-75.44119761999991,4.681104147000042],[-75.4645972379999,4.679390936000061],[-75.47937845099995,4.66317253200009],[-75.4921704329999,4.666646545000049],[-75.50773643399992,4.687650401000042],[-75.51522230699993,4.693743977000054],[-75.52608389099993,4.692991475000042],[-75.5452742459999,4.701206565000064],[-75.56105412699992,4.699477092000052],[-75.58254802199991,4.707547392000038],[-75.59385998199991,4.702750397000045],[-75.60663411899992,4.709420031000093],[-75.6143495199999,4.701347705000046],[-75.64717061699992,4.709076197000059],[-75.6597854709999,4.699894918000041],[-75.66848952299995,4.703204220000089],[-75.68338907299994,4.71454658600004],[-75.6980119349999,4.721009434000052],[-75.71360663299993,4.713757300000054],[-75.70723569599994,4.657076749000055],[-75.7248309769999,4.652010655000083],[-75.73656249299995,4.655090198000039],[-75.75787292299992,4.650743780000084],[-75.77175098999993,4.654478724000057],[-75.78231482599995,4.652633301000037],[-75.78942097599992,4.660000248000074],[-75.8064871869999,4.657690893000051],[-75.82495449499993,4.663501351000093],[-75.83672614699992,4.643994251000038],[-75.84771925699994,4.63845010600005],[-75.8488185679999,4.629850735000048],[-75.86686952199994,4.608150987000045],[-75.85985594399995,4.594718435000061],[-75.87107543899992,4.586254575000055],[-75.86774912399994,4.572565947000044],[-75.87047256599993,4.54760860600004],[-75.87909189399994,4.53909501000004],[-75.87755288699992,4.525564873000064],[-75.87164449699992,4.52370114200005],[-75.87259361899993,4.499247217000061],[-75.87841285499991,4.484898263000048],[-75.87177494399992,4.480373416000077],[-75.87329059899992,4.471744131000094],[-75.88121981199993,4.469031090000044],[-75.87890697599994,4.460626832000059],[-75.86929871299992,4.454573483000047],[-75.88135969799993,4.448392664000039],[-75.88796984099992,4.439191290000053],[-75.88755581499993,4.430118404000041],[-75.8956010309999,4.423712429000091],[-75.88460692799993,4.410890269000049],[-75.86927148199993,4.409883273000048],[-75.85825340799994,4.414980966000087],[-75.8401886449999,4.401502916000084],[-75.82857386699993,4.407332362000091],[-75.80314851599991,4.396065787000055],[-75.80474245099992,4.384815484000057],[-75.80327491799994,4.367918619000079],[-75.79005663399994,4.353305466000052],[-75.79369900799992,4.341389570000047],[-75.79142354399994,4.334171182000091],[-75.79655681199995,4.321932857000093],[-75.79481148399992,4.304073003000042],[-75.78730944299991,4.294599648000087],[-75.79295992599992,4.285591042000078],[-75.79865672099993,4.263776872000051],[-75.80815438899992,4.255068657000038],[-75.81026150999992,4.247300194000047],[-75.8224950419999,4.228742760000046],[-75.8249039719999,4.21181112000005],[-75.81942702599991,4.202423030000091],[-75.82726579299992,4.182062332000044],[-75.8329440999999,4.173963670000091],[-75.83782009099991,4.159241319000046],[-75.8418540369999,4.156130601000086],[-75.84095401199994,4.121816725000087],[-75.83388660799994,4.109873053000058],[-75.83960028199994,4.101337168000043],[-75.80232103499992,4.093470461000038],[-75.7883421379999,4.087942253000051],[-75.77444728899991,4.076220912000053],[-75.75239640699994,4.077390709000042],[-75.74699985399991,4.095275288000039],[-75.73217273099993,4.103838504000066],[-75.73346947699991,4.113456213000063],[-75.71928404499994,4.11277008400009],[-75.7145911419999,4.126719478000041],[-75.69644123699993,4.131950464000056],[-75.69127211499995,4.138943037000047],[-75.69257960499993,4.152269422000074],[-75.68834207399993,4.166881799000066],[-75.66919883899993,4.184854439000048],[-75.66648044599992,4.194206904000055],[-75.65619133199993,4.200502983000092],[-75.65437948099992,4.214291668000044],[-75.65728446999992,4.223051536000071],[-75.64789249699993,4.230368382000051],[-75.64331059599994,4.246054307000065],[-75.62346360899994,4.257533437000063],[-75.61676622099992,4.27233220700009],[-75.60625595199991,4.272697590000064],[-75.59616178899995,4.282690329000047],[-75.60425101699991,4.288790945000073],[-75.59814726999991,4.310727091000047],[-75.59307108199994,4.31862114900008],[-75.60032272399991,4.333856859000093],[-75.59625332099995,4.338556111000059],[-75.59418182699994,4.352401026000052],[-75.58296266999992,4.38650595900009],[-75.57907098499993,4.409345206000069],[-75.58291319799991,4.428426694000052],[-75.57801963399993,4.433726708000052],[-75.57753899699992,4.452224346000094],[-75.57029389099995,4.457103250000046],[-75.5605639229999,4.471059236000087],[-75.5525965519999,4.473277575000054],[-75.53560849699994,4.494701545000055],[-75.52452742899993,4.498395314000049],[-75.52768911099992,4.51386236500008],[-75.52201415199994,4.527248456000052],[-75.52432663399992,4.539509899000052],[-75.51503550399991,4.555587389000038],[-75.50589836699993,4.558767230000058],[-75.49012838899995,4.569744127000092],[-75.48442607599992,4.582055384000057],[-75.47211429399994,4.588236957000049],[-75.46887076199994,4.598322771000085],[-75.45820601799994,4.602120390000039],[-75.4358557409999,4.602948444000049],[-75.42100092699991,4.610864252000056],[-75.41548800899994,4.622404506000066],[-75.4159818249999,4.634071565000056],[-75.42197705599995,4.643465899000091],[-75.42151430599995,4.658615797000039],[-75.4159257789999,4.670899642000052],[-75.40777435299992,4.678334814000038],[-75.40088142899992,4.690424282000038],[-75.38720083399994,4.699628073000042],[-75.3835074669999,4.708344679000049],[-75.3887106219999,4.715441808000094]]]},"properties":{"DPTO_CCDGO":"63","DPTO_CNMBR":"QUINDIO","DPTO_ANO_C":1966,"DPTO_ACT_A":"Ley 2 TM de 1966","DPTO_NAREA":1933.57084668,"DPTO_CSMBL":"3","DPTO_VGNC":2021,"Shape_Leng":2.5548254469,"Shape_Area":0.15742372944}},
{"type":"Feature","geometry":{"type":"Polygon","coordinates":[[[-75.86802412599991,5.490242126000055],[-75.87466352299992,5.490490652000062],[-75.88357222499991,5.483399857000052],[-75.90517773099992,5.47991870900006],[-75.90966896399993,5.48711062700005],[-75.92271435799995,5.493029537000041],[-75.93031328899991,5.507866794000051],[-75.93617654099995,5.510002209000049],[-75.9536203589999,5.509179620000054],[-75.96946854399994,5.512539915000048],[-75.98285911999994,5.518872462000047],[-75.98804162699992,5.52849763100005],[-75.98802773699992,5.537325657000054],[-75.99855264299993,5.541091803000086],[-76.00249926499993,5.560199705000059],[-76.0090809479999,5.567649286000062],[-76.0250787249999,5.563396028000057],[-76.03704395299991,5.567172196000058],[-76.0533862659999,5.552688972000055],[-76.07198775299992,5.548480384000072],[-76.08542873199991,5.534316472000057],[-76.07940395599991,5.524590613000044],[-76.07557115899994,5.49959410200006],[-76.08038894999993,5.484890135000057],[-76.0777833059999,5.471720905000041],[-76.08888579099994,5.445715613000061],[-76.09802444199994,5.44883103300009],[-76.10966638299993,5.442014168000071],[-76.11855770199992,5.422066476000055],[-76.1435552289999,5.417145684000047],[-76.15645545699994,5.41177689400007],[-76.1681272049999,5.410631073000047],[-76.1787713619999,5.401951730000064],[-76.18504462999994,5.415554938000071],[-76.19121719599991,5.414584253000044],[-76.19068586899994,5.397238028000061],[-76.19537916199994,5.383051564000084],[-76.2041165999999,5.365538082000057],[-76.20103583699995,5.360049545000038],[-76.20627226899995,5.349152468000057],[-76.2015612969999,5.337974642000063],[-76.20136289699991,5.322139140000047],[-76.1933312999999,5.313595165000038],[-76.19081167899992,5.30402207800006],[-76.17751769799992,5.288370014000066],[-76.1736181739999,5.260251417000063],[-76.1637635319999,5.25477694600005],[-76.1625066439999,5.247550467000053],[-76.14247899199995,5.234200552000061],[-76.14080673399991,5.221827147000056],[-76.14249259399992,5.206042316000094],[-76.13842483399992,5.202788505000058],[-76.1335457639999,5.184964962000038],[-76.12467160699993,5.173033805000046],[-76.1114108129999,5.169486303000042],[-76.1034989549999,5.163300172000049],[-76.0963212719999,5.165087616000051],[-76.07704590599991,5.152741536000065],[-76.0770913419999,5.146299601000067],[-76.06042059299995,5.135854558000062],[-76.05892719199994,5.116425596000056],[-76.06197515799994,5.101403189000052],[-76.06978820099994,5.094996869000056],[-76.06900911999992,5.075415342000042],[-76.0770006379999,5.047229429000083],[-76.07972283299995,5.040730265000093],[-76.06418394399992,5.015412069000092],[-76.04908864499993,5.007150578000051],[-76.04035602199991,4.979644006000058],[-76.03273222899992,4.96215496700006],[-76.0338598269999,4.956773398000053],[-76.0276387209999,4.938534829000048],[-76.0210190649999,4.936236271000041],[-76.00912651899995,4.924039156000049],[-75.98884609399994,4.912914393000051],[-75.98592649799991,4.904855158000089],[-75.9896170419999,4.882290732000058],[-75.98766826299993,4.87378177700009],[-75.97518627599993,4.86135306500006],[-75.96731755799993,4.859928799000045],[-75.95819378899995,4.864476583000055],[-75.94299220999994,4.856777080000086],[-75.92776242699995,4.862276726000061],[-75.91459810799995,4.872619521000047],[-75.91147562999993,4.861537125000041],[-75.90103887999993,4.852920900000072],[-75.90552765199993,4.848584991000052],[-75.90269263899995,4.837244929000065],[-75.90944051299994,4.828785436000089],[-75.91051126899993,4.817364022000049],[-75.92064777399992,4.817304537000041],[-75.93499592199993,4.809250062000046],[-75.93052015699993,4.801005228000065],[-75.92324852399992,4.802442423000059],[-75.91744263999993,4.794209487000046],[-75.92598966299994,4.789107924000064],[-75.92942011499991,4.769220625000059],[-75.90908486699993,4.752424002000055],[-75.89678669999995,4.758835809000061],[-75.88881561999995,4.754635785000062],[-75.87847562199994,4.763381569000046],[-75.87383382799993,4.771487100000058],[-75.85277482099991,4.778754893000041],[-75.84516545999992,4.766253457000062],[-75.84858026099994,4.738537097000062],[-75.85619244399993,4.73192044700005],[-75.84374839199995,4.727621781000039],[-75.83153901499992,4.737833074000093],[-75.79149629299991,4.718116765000048],[-75.77464709499992,4.719185289000052],[-75.76022152299993,4.711135148000039],[-75.7393692579999,4.710911753000062],[-75.73282833499991,4.707853023000041],[-75.71360663299993,4.713757300000054],[-75.6980119349999,4.721009434000052],[-75.68338907299994,4.71454658600004],[-75.66848952299995,4.703204220000089],[-75.6597854709999,4.699894918000041],[-75.64717061699992,4.709076197000059],[-75.6143495199999,4.701347705000046],[-75.60663411899992,4.709420031000093],[-75.59385998199991,4.702750397000045],[-75.58254802199991,4.707547392000038],[-75.56105412699992,4.699477092000052],[-75.5452742459999,4.701206565000064],[-75.52608389099993,4.692991475000042],[-75.51522230699993,4.693743977000054],[-75.50773643399992,4.687650401000042],[-75.4921704329999,4.666646545000049],[-75.47937845099995,4.66317253200009],[-75.4645972379999,4.679390936000061],[-75.44119761999991,4.681104147000042],[-75.43373958699993,4.69674993700005],[-75.4231457809999,4.693668969000043],[-75.4114352069999,4.699420805000045],[-75.40781444599992,4.708055459000093],[-75.39603490399992,4.715352151000047],[-75.3887106219999,4.715441808000094],[-75.3781724829999,4.730469691000053],[-75.38800026299992,4.746421730000066],[-75.37774488899993,4.768856652000068],[-75.37984836999993,4.776544650000062],[-75.37630773199993,4.78790895800006],[-75.37549906999993,4.802684968000051],[-75.38315295099994,4.799785854000049],[-75.4002686419999,4.807580377000079],[-75.41083156199994,4.809037144000058],[-75.42699040999992,4.816552139000066],[-75.4313636359999,4.836417245000064],[-75.43768110099995,4.839022755000087],[-75.43874710299991,4.85523164500006],[-75.45192967699995,4.869529236000062],[-75.4592227249999,4.888350775000049],[-75.47294626699994,4.890789718000065],[-75.4741538429999,4.902722716000085],[-75.48244626499991,4.907487586000059],[-75.48309049999995,4.91634285300006],[-75.5119314179999,4.924286891000065],[-75.5374576129999,4.916533212000047],[-75.54338247299995,4.928460261000055],[-75.55737013399994,4.924111793000066],[-75.5647380609999,4.937782965000054],[-75.57536477199994,4.932953392000059],[-75.59044204899993,4.932756702000063],[-75.5971164369999,4.929330278000066],[-75.61692544599993,4.937196776000064],[-75.61584874399995,4.945382123000059],[-75.6195007359999,4.962460184000065],[-75.62407350699993,4.971579896000037],[-75.63649737399993,4.971390896000059],[-75.65416249299994,4.958030223000037],[-75.65265584899993,4.950835912000059],[-75.6659777989999,4.942715891000091],[-75.67781379699994,4.945770242000037],[-75.68229240599993,4.942880620000039],[-75.69828041799991,4.943892908000066],[-75.71378794799995,4.956265633000044],[-75.71476831199993,4.976435348000052],[-75.71972879599991,4.982830578000062],[-75.72328027099991,4.999706512000046],[-75.73396983099991,5.016784277000056],[-75.74673563399995,5.046527540000056],[-75.75846580199993,5.037873151000042],[-75.76360493499993,5.02356042200006],[-75.77242631799993,5.020078297000055],[-75.77710116899993,5.006317906000049],[-75.78411344599994,4.999417694000044],[-75.78649890199995,4.984176398000045],[-75.79296684699995,4.980470137000054],[-75.7962408439999,4.966341521000061],[-75.78836707599993,4.949383259000058],[-75.7926868639999,4.936934299000086],[-75.80041766699992,4.937145934000057],[-75.81480708599992,4.919438478000075],[-75.82134422599995,4.920279151000045],[-75.8401424569999,4.929350050000039],[-75.85594726699992,4.930261451000092],[-75.86072690099991,4.942129236000085],[-75.88008122999992,4.951412006000055],[-75.88239240599995,4.95902009200006],[-75.89065508399995,4.960073003000048],[-75.89641337899991,4.972517584000059],[-75.89735326699991,4.983129981000047],[-75.9035474659999,4.991785717000084],[-75.90228469899995,5.012748321000061],[-75.90386703999991,5.023616512000046],[-75.91301011899992,5.028815631000043],[-75.92244468099994,5.045561088000056],[-75.91225197099993,5.07366649100004],[-75.91735166799992,5.078686351000044],[-75.89891890599995,5.106659834000084],[-75.89956955399992,5.118205360000047],[-75.88837846599995,5.116562187000056],[-75.89198716499993,5.130911615000059],[-75.87690785699994,5.132759910000061],[-75.85479344399994,5.112097109000047],[-75.84431032399993,5.10802538900009],[-75.83560760799992,5.11734771600004],[-75.8363383489999,5.128577889000042],[-75.83253585499995,5.137071553000055],[-75.83346577599991,5.150604478000048],[-75.82771223899994,5.153966659000048],[-75.82378612799994,5.167294019000053],[-75.80270356999995,5.198210674000052],[-75.80810018699992,5.210124636000046],[-75.80349593099993,5.224251498000058],[-75.80508650199994,5.235300649000067],[-75.82048756299992,5.243533582000055],[-75.82521078799994,5.259297511000057],[-75.8236641439999,5.270118111000045],[-75.8141284539999,5.271218611000052],[-75.80349464299991,5.28096488500006],[-75.78694587899992,5.284818183000084],[-75.77314785099992,5.273768711000059],[-75.76314459799994,5.273368958000049],[-75.75469751199995,5.282891562000088],[-75.74607187899994,5.274954403000038],[-75.7188780319999,5.261619065000048],[-75.69970526799995,5.261516906000054],[-75.69365178299995,5.255249814000081],[-75.66856771999994,5.266135464000058],[-75.6648010319999,5.271126647000074],[-75.66215031099995,5.290013354000052],[-75.64815884799992,5.30868668700009],[-75.65913475999992,5.317955858000062],[-75.6618064509999,5.33125549500005],[-75.66659917299995,5.338481473000058],[-75.66617087199995,5.354000321000058],[-75.67809910999995,5.354428623000047],[-75.68981319699992,5.371239517000049],[-75.69778750199993,5.37752553100006],[-75.6986383439999,5.387871970000049],[-75.7124497399999,5.386248632000047],[-75.72096818999995,5.39522257100009],[-75.73926378899995,5.397692265000046],[-75.74743527899994,5.385797112000091],[-75.7627492339999,5.386879906000047],[-75.7919855319999,5.365638650000051],[-75.79514545599994,5.368046661000051],[-75.81057388099993,5.362078972000063],[-75.8283436939999,5.367408965000038],[-75.84765365499993,5.369706787000041],[-75.8582103999999,5.377037320000056],[-75.85251661399991,5.401399475000062],[-75.85234044799995,5.418519360000062],[-75.85780487999995,5.426878407000061],[-75.85775782799993,5.438194528000054],[-75.86330598399991,5.442344995000042],[-75.86539043999994,5.474830806000057],[-75.86802412599991,5.490242126000055]]]},"properties":{"DPTO_CCDGO":"66","DPTO_CNMBR":"RISARALDA","DPTO_ANO_C":1966,"DPTO_ACT_A":"Ley 70 del 1 de Diciembre de 1966","DPTO_NAREA":3556.75006367,"DPTO_CSMBL":"3","DPTO_VGNC":2021,"Shape_Leng":4.85153003237,"Shape_Area":0.28978864568}},
{"type":"Feature","geometry":{"type":"Polygon","coordinates":[[[-73.6330426319999,7.749194902000056],[-73.75259769299993,7.750733868000054],[-73.7583749719999,7.751762160000055],[-73.75616361999994,7.764276432000088],[-73.75075452999994,7.77326942600007],[-73.73799248899991,7.786694769000064],[-73.7414857359999,7.795951847000083],[-73.7508914519999,7.803086288000088],[-73.7511091849999,7.819815849000065],[-73.74325958799994,7.830984103000048],[-73.72572983499992,7.834621294000044],[-73.72450318599994,7.843547235000074],[-73.70991054799993,7.863065647000042],[-73.70084615299993,7.865660716000093],[-73.69020504199995,7.883621546000086],[-73.67533931299994,7.888648747000047],[-73.67060047599995,7.894258815000057],[-73.67191706199992,7.907064505000051],[-73.67757780799991,7.91281441700005],[-73.67257355499993,7.927270491000058],[-73.67626332899994,7.942775428000061],[-73.68408891599995,7.940298399000085],[-73.68665550399993,7.950709901000039],[-73.69494873299993,7.950056945000085],[-73.70927826199994,7.969982259000062],[-73.7239228649999,7.968640962000052],[-73.71971568999993,7.982876369000053],[-73.72710610899992,7.992296726000063],[-73.72066963499992,7.997726538000052],[-73.72558876099993,8.006670177000046],[-73.72205601399992,8.011642504000065],[-73.73759727899994,8.024765453000043],[-73.73231201099992,8.03074182000006],[-73.74413621299993,8.04113417900004],[-73.74414098199992,8.052925859000084],[-73.75089700899991,8.059835486000054],[-73.76447512999994,8.063556548000065],[-73.7730519879999,8.09179703600006],[-73.78578115499994,8.096141192000061],[-73.78855994499992,8.10768366700006],[-73.77683898999993,8.102852302000088],[-73.76961247499992,8.116511753000054],[-73.77359737699993,8.123146211000062],[-73.77526100699993,8.145010136000053],[-73.7863257859999,8.134362582000051],[-73.8067711839999,8.130394322000086],[-73.8126949469999,8.118752724000046],[-73.82357340499993,8.10563303400005],[-73.83048177199993,8.102733158000092],[-73.8466926669999,8.088367227000049],[-73.85607848199993,8.083696773000042],[-73.8662846169999,8.070139875000052],[-73.8664658269999,8.053100595000046],[-73.8716801839999,8.018769998000039],[-73.86896919599991,7.989297831000044],[-73.8614410749999,7.971283046000053],[-73.83922245699995,7.95034561500006],[-73.83114816499995,7.932005233000041],[-73.83381097499995,7.927144953000038],[-73.83260059399993,7.912337703000048],[-73.83559644799993,7.903265780000083],[-73.8339707419999,7.885038061000046],[-73.82121154399994,7.864886883000054],[-73.81984338199993,7.847858245000054],[-73.82212614299993,7.82580858700004],[-73.81069759899992,7.80895053200004],[-73.80630447499993,7.791710211000066],[-73.7980199349999,7.771732940000049],[-73.8182170849999,7.742822645000047],[-73.82777428599991,7.738850444000093],[-73.83062136399991,7.727154708000057],[-73.82057321499991,7.71911009300004],[-73.81094390399994,7.706175997000059],[-73.81552207699991,7.691758890000074],[-73.80891347999994,7.669832531000054],[-73.79819847899995,7.656900154000084],[-73.80337511199991,7.644527734000064],[-73.81201862799992,7.646885437000037],[-73.81852189799991,7.636447016000091],[-73.81083642099992,7.623868508000044],[-73.81441064899991,7.610171058000049],[-73.82688860099995,7.604351400000041],[-73.83053748099991,7.575701859000048],[-73.83979207899995,7.567455887000051],[-73.84653302999993,7.541587311000058],[-73.85393028399994,7.532291133000058],[-73.86496555999992,7.53366016800004],[-73.8776613899999,7.517107926000051],[-73.87965845899993,7.508158413000046],[-73.90996537799992,7.497946384000045],[-73.91649457599993,7.481339160000061],[-73.91682565899993,7.471843471000057],[-73.90816900699991,7.460751283000093],[-73.90886145499991,7.453380193000044],[-73.90220116599994,7.446043203000045],[-73.8953573039999,7.431371640000066],[-73.89596907399994,7.408783374000052],[-73.90087638299991,7.386160540000049],[-73.90751962599995,7.381439248000049],[-73.90395856799995,7.359144535000041],[-73.91368593899995,7.318539430000044],[-73.9158523349999,7.29558379000008],[-73.92454779399992,7.267565294000065],[-73.92424219499992,7.255735937000054],[-73.91995916399992,7.241756605000091],[-73.9249671359999,7.207416820000049],[-73.9387680129999,7.182289711000067],[-73.93791140399992,7.171629725000059],[-73.93277176999993,7.163729913000054],[-73.93052916999994,7.151159962000065],[-73.9331560949999,7.124833604000059],[-73.92927281399994,7.115296726000054],[-73.91231201599993,7.095137932000057],[-73.8993772629999,7.084097231000044],[-73.88817525099995,7.070210071000076],[-73.8881509279999,7.059396500000048],[-73.88142486899994,7.012882816000058],[-73.88570789999994,7.002032471000064],[-73.8979859179999,6.98589972700006],[-73.91561772099993,6.969124525000041],[-73.92389824899993,6.967268550000085],[-73.93574796399992,6.954847760000064],[-73.94880168799995,6.951939590000052],[-73.97426936699992,6.936079200000052],[-73.98757738299992,6.929667839000047],[-73.99787403499994,6.919244550000087],[-74.0106464779999,6.913279398000043],[-74.02296036899992,6.891313163000063],[-74.03903275199991,6.87641026600005],[-74.05100143999994,6.869167184000048],[-74.07885303099994,6.839412026000048],[-74.07987104499995,6.824677802000053],[-74.0952287309999,6.802571741000065],[-74.09629948699995,6.797396414000048],[-74.11514600899994,6.765573502000052],[-74.13296341299991,6.755246640000053],[-74.14261450599992,6.756588658000055],[-74.15968860699991,6.735975096000061],[-74.1679185669999,6.734134977000053],[-74.17731080399994,6.724945431000037],[-74.19280772899992,6.720203233000063],[-74.2059423529999,6.722380440000052],[-74.2309980789999,6.710316574000046],[-74.2452868179999,6.693898482000066],[-74.25650054699992,6.675080919000038],[-74.27670836599992,6.663532132000057],[-74.2931964469999,6.657738345000041],[-74.31222182199991,6.654311720000067],[-74.3284133059999,6.63098244300005],[-74.34590150899993,6.634419627000057],[-74.35939388699995,6.632838419000052],[-74.36760219399991,6.622784062000051],[-74.37980882799991,6.61621675300006],[-74.38744689499993,6.60351042800005],[-74.40473599599994,6.593854669000052],[-74.40887625399995,6.586502135000046],[-74.40297920699993,6.568036798000037],[-74.40667688999991,6.549372306000066],[-74.4027890239999,6.527469685000085],[-74.39463312099991,6.506193417000077],[-74.39431871599993,6.493855441000051],[-74.40431245199994,6.477341981000052],[-74.4046812659999,6.470891263000055],[-74.39706791299994,6.451809476000051],[-74.39076233999992,6.443481362000057],[-74.37406602199991,6.429123404000052],[-74.36871273699995,6.415001294000092],[-74.37299577099992,6.406078315000059],[-74.39025347799992,6.394085117000088],[-74.4204440979999,6.392333369000085],[-74.4403938609999,6.371054153000046],[-74.44490531899993,6.356491849000065],[-74.44667563799993,6.34033055000009],[-74.45038759499994,6.331878705000065],[-74.47255365899991,6.310587903000055],[-74.48483291399992,6.305677501000048],[-74.50072729099992,6.289209271000061],[-74.51608228599991,6.281798144000049],[-74.52657102199993,6.273641081000051],[-74.5288533179999,6.262847294000039],[-74.52062355699991,6.250433386000054],[-74.52246303499993,6.243768172000046],[-74.51124737799995,6.230433411000092],[-74.51318778299992,6.224036700000056],[-74.50546385599995,6.213653045000058],[-74.49934152299994,6.21322155200005],[-74.4828605909999,6.199806322000086],[-74.47540015699991,6.204058624000083],[-74.47283279099992,6.179889894000041],[-74.47779646399994,6.156588355000054],[-74.46962747599991,6.154412342000057],[-74.4526255429999,6.13567544600005],[-74.45543643899993,6.126441583000087],[-74.44980358399994,6.104859672000089],[-74.4516946469999,6.09928565000007],[-74.43109434699994,6.087314854000056],[-74.41187803699995,6.088451716000066],[-74.40085533699994,6.07912576700005],[-74.39789326899995,6.060831465000092],[-74.38943956999992,6.056253981000054],[-74.37881628399992,6.039592058000039],[-74.36896085099994,6.046664099000054],[-74.36196512399994,6.039701843000046],[-74.34735126999993,6.038921701000049],[-74.34411596199993,6.051971208000055],[-74.33779397099994,6.062537938000048],[-74.31968800499993,6.07067051100006],[-74.30348008599992,6.074392714000055],[-74.29807339299992,6.084108163000053],[-74.28693824299995,6.082478805000051],[-74.25871622999995,6.065524407000055],[-74.26331469299993,6.044350657000052],[-74.26386883499993,6.030362489000083],[-74.26077866199995,6.015435557000046],[-74.2466208909999,5.993999306000092],[-74.23872788599994,5.988048382000045],[-74.22222488999995,5.967910212000049],[-74.23675120299993,5.945222872000045],[-74.23763699499995,5.935755504000042],[-74.2272585419999,5.930907353000066],[-74.22459112699994,5.923723800000062],[-74.22799112899992,5.912291843000048],[-74.2388831419999,5.897198462000063],[-74.25267762199991,5.89200751900006],[-74.25824010999992,5.883210053000084],[-74.27297069199994,5.872076195000091],[-74.27428592899992,5.86425014200006],[-74.2660811419999,5.83459079000005],[-74.24421761899993,5.833481285000062],[-74.22612057599991,5.838951041000087],[-74.21456996699993,5.853904464000038],[-74.20230688499993,5.851152777000038],[-74.1951798579999,5.855699055000059],[-74.19427042799992,5.865327961000048],[-74.19772616699993,5.877966883000056],[-74.18963105299991,5.884212854000054],[-74.18732063999994,5.89876653400006],[-74.18041643899994,5.911088568000082],[-74.16624163099993,5.897889415000066],[-74.14771721299991,5.889935619000084],[-74.13333312399993,5.875921147000042],[-74.1129497519999,5.875637452000092],[-74.10683156499994,5.878793530000053],[-74.09164995299994,5.858459363000065],[-74.08903471699995,5.841516981000041],[-74.08179367399993,5.837578024000038],[-74.07925943899994,5.818500395000058],[-74.06449178299994,5.815367818000084],[-74.0595917149999,5.820438918000093],[-74.02635788099991,5.80702750100005],[-74.02811884099992,5.803637719000051],[-74.02087365499995,5.781971507000037],[-74.01092517599994,5.774411413000053],[-74.00776553399993,5.762788818000047],[-73.99876212399994,5.748956131000057],[-73.99775767299991,5.741212132000044],[-73.9826112209999,5.720910168000046],[-73.96193924099993,5.739549815000089],[-73.94511094699993,5.736102981000045],[-73.92548277199995,5.743065236000064],[-73.91589134299994,5.736679365000043],[-73.90446946999992,5.740114642000037],[-73.88568935099994,5.735138001000053],[-73.88779273199992,5.730076026000063],[-73.87787487499992,5.717773545000057],[-73.88305204199992,5.707572615000061],[-73.86202346199991,5.711032790000047],[-73.85398786299993,5.72640995200004],[-73.83708096399994,5.739747674000057],[-73.81921366099994,5.737476804000039],[-73.81915735299992,5.715365932000054],[-73.81253161699993,5.714967981000086],[-73.80384185399993,5.72450671900009],[-73.7943066979999,5.72942187600006],[-73.78996468399993,5.739910915000053],[-73.7821990779999,5.746832322000046],[-73.76497447499992,5.771649869000044],[-73.75127744699995,5.768662287000041],[-73.73591953099992,5.77241024500006],[-73.72573757799995,5.770756403000064],[-73.71085316199992,5.776492440000084],[-73.70147907599994,5.76932469400009],[-73.69371517999991,5.757656220000058],[-73.6842996229999,5.750972515000058],[-73.67289563799994,5.748256757000092],[-73.6637266219999,5.728123555000082],[-73.6514359439999,5.714438165000047],[-73.64678501299994,5.713316615000053],[-73.6387815459999,5.724097680000057],[-73.6360365829999,5.738018339000064],[-73.62949928799992,5.747456345000046],[-73.62607319799992,5.768406106000043],[-73.62924543499992,5.789523106000047],[-73.61893336599991,5.827248135000048],[-73.6076953349999,5.848666498000057],[-73.6001578929999,5.869415877000051],[-73.61126681999991,5.887144223000064],[-73.63033665599994,5.894218201000058],[-73.63146914399994,5.905650730000048],[-73.62167502299991,5.924443678000046],[-73.60744157699992,5.930854282000041],[-73.59086008899993,5.965417931000047],[-73.59195968799992,5.980317323000065],[-73.58598845799992,6.00632534500005],[-73.58198686999992,6.011984310000059],[-73.56551693799992,6.018309603000091],[-73.55954517399994,6.029004341000075],[-73.53964673699994,6.03742569700006],[-73.53495300499992,6.049063453000088],[-73.5274446759999,6.05839706800009],[-73.5256225249999,6.077665718000048],[-73.5138905629999,6.087263915000051],[-73.5131905689999,6.099515316000065],[-73.4974154169999,6.10803216100004],[-73.48981271799994,6.10168316000005],[-73.47151442499995,6.095103205000044],[-73.45816092299992,6.084600540000054],[-73.42966705499992,6.068487039000047],[-73.42174566699993,6.071876940000038],[-73.4117613329999,6.060141193000049],[-73.40310972299994,6.054466817000048],[-73.38911783799995,6.030935755000087],[-73.38764068599994,6.023078334000047],[-73.37137128199993,6.006203343000038],[-73.37633922899994,5.962638691000052],[-73.38684510599995,5.947117752000054],[-73.38629268999995,5.935892703000093],[-73.39742927599991,5.92085346600004],[-73.3960669889999,5.915523141000051],[-73.4016413089999,5.901340119000054],[-73.41177737399994,5.891161727000053],[-73.42050503799993,5.889364355000055],[-73.43380985199991,5.898337538000078],[-73.44448609699992,5.902000822000048],[-73.45667371499991,5.889930457000048],[-73.44887988799991,5.879766481000047],[-73.4512307519999,5.866654141000083],[-73.45878592199995,5.852377821000061],[-73.47347757999995,5.816830869000057],[-73.45966036399994,5.813235865000081],[-73.44979597299994,5.803938143000039],[-73.43928842299994,5.800364076000051],[-73.43145742399992,5.793000176000078],[-73.43192831399995,5.783483494000052],[-73.4271280399999,5.765738474000045],[-73.41771261499991,5.768763107000041],[-73.40994895599994,5.762338925000051],[-73.39820107699995,5.758911571000056],[-73.39048013799993,5.751068438000061],[-73.37903027399994,5.763402488000054],[-73.37149623199991,5.78644160500005],[-73.3593021399999,5.798337802000049],[-73.35658850399994,5.817120360000047],[-73.35113030899993,5.823139053000091],[-73.35343208299992,5.831388943000093],[-73.34574940199991,5.842248863000066],[-73.35046340499991,5.85168890500006],[-73.34257937199993,5.86172732600005],[-73.33019509699994,5.851994574000059],[-73.31630125799995,5.855035246000057],[-73.29006960499993,5.850360196000054],[-73.2822234809999,5.85899762400004],[-73.26887723499993,5.852503993000084],[-73.26385043999994,5.844398767000087],[-73.26598441199991,5.83720661600006],[-73.25877795799994,5.831341931000054],[-73.25173588899992,5.81848304600004],[-73.2464307329999,5.816011877000051],[-73.22895158599994,5.824935535000066],[-73.20635193499993,5.826141602000064],[-73.19508337299993,5.835055931000056],[-73.18398077899991,5.85044715500004],[-73.19771979899991,5.873015914000064],[-73.20348365099994,5.876551625000047],[-73.20954988499994,5.89056144500006],[-73.2209826159999,5.890703181000049],[-73.21930281499993,5.912729060000061],[-73.20873143499995,5.920956277000073],[-73.22379253499992,5.942556219000039],[-73.21934890599994,5.960137443000065],[-73.21843810799993,5.981304390000048],[-73.2103399749999,5.98806103000004],[-73.19931453999993,6.003134279000051],[-73.1755137099999,5.994537466000054],[-73.15520002199992,5.978646353000045],[-73.15418169899993,5.968310321000047],[-73.1426391039999,5.961076947000038],[-73.13025748299992,5.95926064400004],[-73.11256064699995,5.964043630000049],[-73.10167340599992,5.962162822000039],[-73.08978252999992,5.96456838000006],[-73.0774248589999,5.977421881000055],[-73.06764719199992,5.982677166000087],[-73.06219704699993,6.011052394000046],[-73.04093912199994,6.022194481000042],[-73.03157996599992,6.02290587400006],[-73.02738034599992,6.011622361000093],[-73.02811876599992,5.99664593500006],[-73.02162904799991,5.991453870000043],[-73.02066477999995,5.978119699000047],[-73.01400364299991,5.96511113300005],[-73.00912994399994,5.964709025000047],[-72.99691366099995,5.984842447000062],[-72.99121424799995,5.988137774000052],[-72.98297150499991,6.010017517000051],[-72.96218862299992,6.028321772000083],[-72.96012423999991,6.043397627000047],[-72.9532048929999,6.049433348000093],[-72.95393620199991,6.065124929000092],[-72.9445479229999,6.076507225000057],[-72.9357431439999,6.078715877000093],[-72.93144510099995,6.085421543000052],[-72.92277234999995,6.087929397000039],[-72.92337266699991,6.098348352000073],[-72.91597506999994,6.107376271000078],[-72.9073882859999,6.107333519000065],[-72.90014096699991,6.112460217000091],[-72.8937235599999,6.124034849000054],[-72.87324346299994,6.124665275000041],[-72.86843404799993,6.14452218100007],[-72.84343587899991,6.143796405000046],[-72.83127065499991,6.148783293000065],[-72.82541198699994,6.158052848000068],[-72.82619414599992,6.165497291000065],[-72.8198408419999,6.180927704000055],[-72.81125863599993,6.191924455000049],[-72.80403212899995,6.215408497000055],[-72.79336694099993,6.218939825000064],[-72.77501609799992,6.210482882000065],[-72.76710180999993,6.220306548000053],[-72.75495053799995,6.218809131000057],[-72.74453036799991,6.235329962000037],[-72.74847335399994,6.237952883000048],[-72.74966532199994,6.252557735000039],[-72.74378940399993,6.259327756000062],[-72.74585651099994,6.274878989000058],[-72.75490458699994,6.280720699000085],[-72.75436095399994,6.296111651000047],[-72.7582643689999,6.305892702000051],[-72.75757788999994,6.317001549000054],[-72.74994583099993,6.323635287000059],[-72.74838028999994,6.34762874900008],[-72.73144194399993,6.356927714000051],[-72.7312836509999,6.366725314000064],[-72.7255892739999,6.372056533000091],[-72.73300501199992,6.385715635000054],[-72.73491668299994,6.408324032000053],[-72.73505099599993,6.432159437000053],[-72.73754546299995,6.44133047300005],[-72.72528398199995,6.45595004200004],[-72.72820617699995,6.464146858000049],[-72.73682437999992,6.473029360000055],[-72.73592265899993,6.490688269000088],[-72.75614188399993,6.493857275000039],[-72.76571246299994,6.499448767000047],[-72.7725319029999,6.508475191000059],[-72.77387170799994,6.520660681000038],[-72.77922720899994,6.529253030000064],[-72.7945788909999,6.529951219000054],[-72.80940355299992,6.54243987600006],[-72.80420825699991,6.560552078000057],[-72.79534017599991,6.568798791000063],[-72.76672084699993,6.58279413300005],[-72.75958560999993,6.58112152700005],[-72.74797829399995,6.569897170000047],[-72.74342940699995,6.558923405000087],[-72.72996757199991,6.551465389000043],[-72.72117751999991,6.553904426000088],[-72.71199295899993,6.543051328000047],[-72.7041684269999,6.539749293000057],[-72.69654549499995,6.526287353000043],[-72.69405425699995,6.513907077000056],[-72.68681344599992,6.508364671000038],[-72.67931119699995,6.489589100000046],[-72.67819509199995,6.477865570000063],[-72.66062382299992,6.443195769000056],[-72.6494724449999,6.436616821000086],[-72.62153678399994,6.441017090000059],[-72.60272909899993,6.451584681000043],[-72.60182321699995,6.458062557000062],[-72.5925463239999,6.463467352000066],[-72.58295136699991,6.476413584000056],[-72.5680953129999,6.483649797000055],[-72.53923745499992,6.487973174000047],[-72.53438528599992,6.496050495000077],[-72.54503529099992,6.504226707000043],[-72.54460493599993,6.513989666000043],[-72.54946861999991,6.521468814000059],[-72.5363228089999,6.540418789000057],[-72.53725453999994,6.554102896000074],[-72.54590690299995,6.567152707000048],[-72.54266503199995,6.58281149600009],[-72.53767627299993,6.588745367000058],[-72.52704786999993,6.591630953000049],[-72.52045759999993,6.604257954000047],[-72.51998566999993,6.617309009000053],[-72.51352357499991,6.627386877000049],[-72.4970248109999,6.63389126900006],[-72.4984346299999,6.63959651600004],[-72.48553524699992,6.657101121000039],[-72.48719191599992,6.675836984000057],[-72.49103111599993,6.68117845200004],[-72.48485762599995,6.695284611000091],[-72.4880342159999,6.716150116000051],[-72.4972764119999,6.724264389000041],[-72.49878356999994,6.734596904000057],[-72.48755187699993,6.743647383000052],[-72.49085379399992,6.759637829000042],[-72.49759998799993,6.766428211000061],[-72.4954823839999,6.782878783000058],[-72.49851117999992,6.798396729000046],[-72.48253088699994,6.811659637000048],[-72.4836305039999,6.821482013000093],[-72.47777604599992,6.83553491400005],[-72.47871255199993,6.842754942000056],[-72.48713987199994,6.852657492000048],[-72.4916572919999,6.866543241000045],[-72.4983029789999,6.867752456000062],[-72.50236975899992,6.882215874000053],[-72.49659261499994,6.885780355000065],[-72.4964026749999,6.89646196800004],[-72.5029414999999,6.908158766000042],[-72.51214679399993,6.903453733000049],[-72.51374108399995,6.887997284000051],[-72.52530486299992,6.88642064000004],[-72.54699185699991,6.890936620000048],[-72.54813881599995,6.902671266000084],[-72.55310676999994,6.909503346000065],[-72.55252951699993,6.921591235000051],[-72.54217784899993,6.936589307000077],[-72.54359930899994,6.952163391000056],[-72.55449486499992,6.96905959500009],[-72.5528634929999,6.985018490000073],[-72.56236645399991,6.999793605000093],[-72.57442421999991,7.001841271000046],[-72.58966269199993,6.997333592000075],[-72.59988491399992,6.989401494000049],[-72.61416301899993,6.993356486000039],[-72.62093083999991,6.987709128000063],[-72.63152502299994,6.987060117000055],[-72.64808175399992,6.997514659000046],[-72.6576154139999,6.99144457500006],[-72.65695291399993,6.984913125000048],[-72.67088775499991,6.971788286000049],[-72.67310387599991,6.987185851000049],[-72.67822714399995,7.003058475000046],[-72.68427664199993,7.009426576000067],[-72.69246832999994,7.007872225000085],[-72.69956306199992,7.000789489000056],[-72.70906612899995,7.005086577000043],[-72.72249710299991,7.004659079000078],[-72.72655513899991,6.992042002000062],[-72.7340388209999,6.986825328000066],[-72.74124284599992,6.996335907000059],[-72.74574145499992,7.017194244000052],[-72.7518484229999,7.025121163000051],[-72.75075105699995,7.035359734000053],[-72.75698986099991,7.048323655000047],[-72.75049267499992,7.059216026000058],[-72.77229121199991,7.060195185000055],[-72.78686778199994,7.04879068200006],[-72.79227791299991,7.053397977000088],[-72.8004478389999,7.073153338000054],[-72.82258731899992,7.077061033000064],[-72.8187714309999,7.089153678000059],[-72.83722709499995,7.100110381000093],[-72.8332287209999,7.108854016000066],[-72.84071525099995,7.120929252000053],[-72.84963399799994,7.142856634000054],[-72.85852328199991,7.153748113000063],[-72.84365447099992,7.165761734000057],[-72.84134571299995,7.174401413000055],[-72.8409899209999,7.195032449000053],[-72.8346995679999,7.199110528000062],[-72.8557589049999,7.216295448000039],[-72.85697599899993,7.225587148000045],[-72.8654477469999,7.233660924000048],[-72.86445753699991,7.243890884000052],[-72.86799686099994,7.257255383000086],[-72.87618716499992,7.26346120900007],[-72.87009787599993,7.277819711000063],[-72.85593896699993,7.284266029000037],[-72.83405449399993,7.304533263000053],[-72.84318434599993,7.315376504000085],[-72.83962791199991,7.321463763000054],[-72.83970542399993,7.342317918000049],[-72.83683124999993,7.355610083000045],[-72.84046283499993,7.361555261000092],[-72.85602475399992,7.362785011000085],[-72.85042810599992,7.373641844000076],[-72.87216468499992,7.387425238000048],[-72.8771604659999,7.406096645000048],[-72.89178921999991,7.419782043000055],[-72.90036225099993,7.43336469500008],[-72.90145420699992,7.445718290000059],[-72.89315697399991,7.474327238000058],[-72.90206274699995,7.477071659000046],[-72.91085675599993,7.489359353000054],[-72.92793319999993,7.495061437000061],[-72.93926848299992,7.51227841900004],[-72.96776104599991,7.521636149000074],[-72.97830107499993,7.529047366000043],[-72.97749676199993,7.539107497000089],[-72.98504332399995,7.549706799000091],[-72.98420360099993,7.556657525000048],[-72.99215123499994,7.59735792400005],[-72.97994796499995,7.613608032000059],[-72.9823547769999,7.620307811000089],[-73.00332146399995,7.618441536000091],[-73.01211801099993,7.622261902000048],[-73.02281870799993,7.620361453000044],[-73.03433021099994,7.62294455600005],[-73.04837962599993,7.60660832700006],[-73.06032471799995,7.610321575000057],[-73.09062604399992,7.610019424000086],[-73.10057509399991,7.619304947000046],[-73.12039195999995,7.608525037000049],[-73.13109583199991,7.614000003000058],[-73.15955418599992,7.620341268000061],[-73.16630590599993,7.625427366000054],[-73.17665656299994,7.61935974000005],[-73.18941443999995,7.620708498000056],[-73.20489505099994,7.628859089000059],[-73.21221157199994,7.626702121000051],[-73.21818641399994,7.632177141000057],[-73.23630654699991,7.618605822000063],[-73.24382507299993,7.59975380800006],[-73.2588637689999,7.588067051000053],[-73.24754340499993,7.558261217000052],[-73.25251218599993,7.538182414000062],[-73.26282926999994,7.530668634000051],[-73.27008928799995,7.539640380000037],[-73.27780704499992,7.54023141600004],[-73.2815331239999,7.548076746000049],[-73.29839351999993,7.548737675000041],[-73.30966487199993,7.54579906400005],[-73.32006483599991,7.54890938300008],[-73.35475080399993,7.544501613000079],[-73.3637359949999,7.547436787000038],[-73.37149204999992,7.565277310000056],[-73.38696856399991,7.582244208000077],[-73.39921611199992,7.576730876000056],[-73.39553872899995,7.567866783000056],[-73.40748460899994,7.565161627000066],[-73.43958846699991,7.57414198500004],[-73.44467034199994,7.571910204000062],[-73.46261873799995,7.57464651500004],[-73.48914006699994,7.593684382000049],[-73.50512456299992,7.595506354000065],[-73.50857392299991,7.61148563100005],[-73.52052943199993,7.624311306000038],[-73.51690119199992,7.636952613000062],[-73.52714383299991,7.644553386000041],[-73.53715746699993,7.662876579000056],[-73.5430941919999,7.662369029000047],[-73.56090300199992,7.677035291000038],[-73.55718186899992,7.68770855300005],[-73.57288347199994,7.69860426200006],[-73.58188978999993,7.695337712000082],[-73.59691828799993,7.701346700000045],[-73.60274013999992,7.712892382000064],[-73.59896232199992,7.723959836000063],[-73.61393910099991,7.731198968000058],[-73.6206705269999,7.739916586000049],[-73.63186370599993,7.741426101000059],[-73.6330426319999,7.749194902000056]]]},"properties":{"DPTO_CCDGO":"68","DPTO_CNMBR":"SANTANDER","DPTO_ANO_C":1910,"DPTO_ACT_A":"Ley 25 14 de Julio de 1910","DPTO_NAREA":30561.514953,"DPTO_CSMBL":"3","DPTO_VGNC":2021,"Shape_Leng":11.8777469919,"Shape_Area":2.49910553193}},
{"type":"Feature","geometry":{"type":"Polygon","coordinates":[[[-74.78094539299991,8.277881791000084],[-74.77124926499994,8.27928399800004],[-74.76435049499992,8.294539113000042],[-74.74783712399994,8.299055248000059],[-74.73481751299994,8.288550716000088],[-74.72438740799993,8.286854626000093],[-74.7227922749999,8.30106439900004],[-74.7127233999999,8.30405677500005],[-74.68570205999993,8.292461737000053],[-74.6680385009999,8.29532787100004],[-74.66145107499995,8.289680763000092],[-74.6596150979999,8.279561468000054],[-74.64975731699991,8.285539853000046],[-74.65182793999992,8.298618306000037],[-74.64855312799995,8.313636553000038],[-74.63167581199991,8.326691736000043],[-74.61588588699993,8.346737035000046],[-74.6180699759999,8.357893037000053],[-74.61090020899991,8.375818160000051],[-74.61600253599994,8.38577282600005],[-74.6077121479999,8.406828819000054],[-74.5978745349999,8.403724771000043],[-74.58654539399993,8.385774389000062],[-74.57731100599995,8.385646222000048],[-74.56106404499991,8.39007293900005],[-74.55934238399993,8.404459766000059],[-74.55436860499992,8.413352837000048],[-74.54005884399993,8.425883344000056],[-74.53752008299995,8.446630116000051],[-74.53355286099992,8.452282143000048],[-74.5343023879999,8.47661351700009],[-74.54604233399994,8.495574762000047],[-74.5563338579999,8.508562217000076],[-74.56794556199992,8.50699054100005],[-74.56718462999993,8.517134532000057],[-74.57414994099992,8.530111943000065],[-74.57257919499995,8.547421173000089],[-74.56394426399993,8.549162072000058],[-74.56375085299993,8.57176428300005],[-74.5732083339999,8.581354804000057],[-74.59403652299994,8.591018685000051],[-74.59532314699993,8.600419900000077],[-74.58780986699992,8.610550903000046],[-74.58992550499994,8.616523225000037],[-74.5867079269999,8.63078051900004],[-74.59846756299993,8.651307890000055],[-74.59185703199995,8.665521851000051],[-74.59712327199992,8.677937489000044],[-74.59450791099994,8.688417942000058],[-74.60092438999993,8.71193869700005],[-74.60618722099991,8.715908322000075],[-74.60833365999991,8.730438769000045],[-74.60019327299995,8.745215745000053],[-74.60985992999991,8.75372384800005],[-74.60660291199991,8.76288214400006],[-74.58934908099991,8.761143781000044],[-74.5877581179999,8.76751977500004],[-74.57596319099991,8.774710767000045],[-74.57517590899994,8.785549393000053],[-74.56421674299992,8.795483553000054],[-74.53965931599993,8.805290830000047],[-74.56482308699992,8.837049161000039],[-74.58601096299992,8.841172967000091],[-74.58192715099995,8.84779353500005],[-74.5792424139999,8.868767779000052],[-74.58939274699992,8.871518576000085],[-74.59192777399994,8.887023639000063],[-74.59880707899993,8.903164562000086],[-74.6085698409999,8.919465888000047],[-74.6066290359999,8.931553200000053],[-74.62335944099993,8.930498908000061],[-74.62342871699991,8.939011209000057],[-74.63109067699992,8.954259509000053],[-74.63900390799995,8.977069224000047],[-74.65199848499992,8.988767113000051],[-74.66050035199993,8.989846303000093],[-74.67004497599993,8.998130920000051],[-74.66910148199992,9.004803407000054],[-74.68511299199992,9.011478998000086],[-74.70494316399993,9.00784761600005],[-74.72632158099992,9.015419776000044],[-74.73685757599992,9.015829404000044],[-74.74761852599994,9.027699397000049],[-74.74734947099995,9.038944474000061],[-74.75530328299993,9.044436120000057],[-74.77099531999994,9.037220651000041],[-74.7838490229999,9.038223023000057],[-74.78563934399995,9.046815547000051],[-74.81337320499995,9.050487978000092],[-74.82821390999993,9.06188431600009],[-74.82911333599992,9.085340633000044],[-74.83810589199993,9.093886076000047],[-74.83832064699993,9.100539670000046],[-74.84593832799993,9.110166570000047],[-74.84658017899994,9.121845674000042],[-74.85729908999991,9.13254233300006],[-74.86438148699995,9.14845058900005],[-74.88059706099995,9.16027030400005],[-74.8903886789999,9.158468138000046],[-74.9027873469999,9.163297464000038],[-74.90641705099995,9.174163632000045],[-74.90236980899994,9.193629349000048],[-74.9098917099999,9.209748583000078],[-74.90514424299994,9.220014796000044],[-74.91023971299995,9.244632471000045],[-74.91726294599994,9.249933758000054],[-74.9279337239999,9.250865554000086],[-74.93124815699991,9.260160503000066],[-74.92402985799993,9.268487656000048],[-74.93123937799993,9.291674759000045],[-74.94120041699995,9.292177463000087],[-74.94257998299992,9.303534123000077],[-74.93727850599993,9.308911052000042],[-74.9328712109999,9.328404490000082],[-74.94333020999994,9.334861929000056],[-74.95049557499993,9.348242173000074],[-74.94206590899995,9.35140791300006],[-74.93019495199991,9.371382671000049],[-74.92238328299993,9.389183259000049],[-74.92201330199993,9.399702907000062],[-74.91244518899992,9.41580702500005],[-74.88649956299992,9.425119087000041],[-74.89932552699992,9.432929646000048],[-74.90951119699992,9.433078201000058],[-74.9138976779999,9.440419846000054],[-74.93572231499991,9.447796131000075],[-74.94576416599995,9.437065448000055],[-74.9546413079999,9.433911025000043],[-74.9696062079999,9.435315030000083],[-74.98135182599992,9.445491937000043],[-74.99639840899994,9.446601082000086],[-75.03222927099995,9.466568755000083],[-75.03641226399992,9.477079432000039],[-75.02704723799991,9.496446064000054],[-75.02885582399995,9.51004150700004],[-75.02149826899995,9.517513567000037],[-75.02060599399994,9.524959674000058],[-75.04231642999991,9.540388765000046],[-75.0563866679999,9.53253273900009],[-75.0690406729999,9.535707571000046],[-75.07733133499994,9.53269926300004],[-75.08463781099994,9.537923446000093],[-75.08477452499994,9.545264859000042],[-75.1186145929999,9.574061104000066],[-75.13231958699993,9.58070037400006],[-75.1329876179999,9.595900568000047],[-75.15418543499993,9.600444934000052],[-75.16764774299992,9.613434613000038],[-75.17775924099993,9.602810021000039],[-75.18559165699992,9.611003805000053],[-75.18802054999992,9.624371494000059],[-75.16749801999993,9.639342256000077],[-75.18008387099991,9.638961779000056],[-75.20203220999991,9.651241395000056],[-75.22952853099991,9.651192495000089],[-75.24737882399995,9.66083532500005],[-75.25442695499993,9.660236527000052],[-75.2697137259999,9.669823894000046],[-75.26935173299995,9.684766445000037],[-75.27951804799994,9.685544398000047],[-75.29978816599993,9.669953405000058],[-75.30034945499995,9.657851533000041],[-75.31472835099993,9.652764226000045],[-75.32422693699993,9.625531176000038],[-75.33774719299993,9.633756694000056],[-75.34474735399994,9.643571787000042],[-75.36188959399993,9.646234200000038],[-75.36254651199994,9.63068916900005],[-75.3743777709999,9.630769876000045],[-75.37537946399993,9.657539262000057],[-75.3717307789999,9.67552076600009],[-75.37886954599992,9.676386232000084],[-75.37220384199992,9.689441010000053],[-75.37186810799994,9.711336728000049],[-75.37704226599993,9.715719799000055],[-75.3599741889999,9.73750023000008],[-75.35702931299994,9.75161182700009],[-75.34703579799992,9.773365270000056],[-75.3356048089999,9.811901828000089],[-75.34096541499991,9.82198469900004],[-75.33826145299992,9.828226993000044],[-75.3523747079999,9.838426751000043],[-75.37676829499992,9.849402361000045],[-75.37900873199993,9.860126791000084],[-75.39174775499993,9.874164465000092],[-75.39358453799991,9.880814635000092],[-75.41706135099992,9.88518410100005],[-75.41870274799993,9.890472540000076],[-75.39818278299992,9.890434751000043],[-75.39819775399991,9.89418285000005],[-75.42147282099995,9.892960233000053],[-75.43306984999992,9.897137738000083],[-75.4307203429999,9.909462416000054],[-75.44334005499991,9.914111296000044],[-75.4537793579999,9.899433309000074],[-75.45345508799994,9.893604295000046],[-75.46550715099994,9.891769970000041],[-75.46889278999993,9.897883751000052],[-75.4662388939999,9.908841425000048],[-75.47635399599994,9.917068917000051],[-75.47337658099991,9.922435663000044],[-75.47775063599994,9.935089344000062],[-75.46423890199992,9.961084449000055],[-75.46962698199991,9.972187164000047],[-75.47731457999993,9.973582821000093],[-75.4772764139999,9.99273953700009],[-75.4705959769999,10.002464831000054],[-75.48441913699992,10.00686858000006],[-75.47610976199991,10.018560557000058],[-75.49172052299991,10.038378933000047],[-75.50172058699991,10.035254775000055],[-75.51056861199993,10.025105265000093],[-75.52056037299991,10.025835364000045],[-75.53349053799991,10.038313901000038],[-75.54230128199993,10.038965329000064],[-75.54481608899994,10.046447140000055],[-75.49747758799992,10.145482637000043],[-75.57362449399994,10.08642806000006],[-75.57023266999994,10.070089120000091],[-75.57629052899995,10.05360610100007],[-75.57119698799994,10.022971906000066],[-75.57444336499992,10.007419155000036],[-75.58392791299991,9.998106981000092],[-75.57489060899991,9.98229621900009],[-75.57600712599992,9.970534066000084],[-75.58140643999991,9.951597165000067],[-75.59568333599992,9.93493473500007],[-75.5929410249999,9.922410200000058],[-75.59806987499991,9.90552696900005],[-75.60582631599993,9.891943777000051],[-75.62094937899991,9.876362487000051],[-75.61963084999991,9.864204012000073],[-75.61370196299993,9.851203209000062],[-75.62199960299995,9.826834288000043],[-75.61939491299995,9.823248585000044],[-75.62306436499995,9.805418848000045],[-75.63047965299995,9.788095591000058],[-75.64428975399994,9.775178886000049],[-75.64056746999995,9.763559628000053],[-75.64416037099994,9.756987294000055],[-75.67024743299993,9.737388829000054],[-75.67875722399992,9.733878031000074],[-75.69172754399995,9.710925419000091],[-75.68145603699992,9.704465664000054],[-75.65521340399994,9.707262168000057],[-75.64574946699992,9.704625788000044],[-75.63101276499992,9.691984671000057],[-75.61799315799993,9.695859355000039],[-75.60945292299994,9.690113772000075],[-75.60323309299991,9.679269429000044],[-75.59578101199992,9.65914181100004],[-75.58345371999991,9.646806498000046],[-75.57067000799992,9.618260210000074],[-75.57146472499994,9.585214285000063],[-75.57594935499992,9.555231295000056],[-75.58290596099994,9.531416857000067],[-75.59711249299994,9.490025269000057],[-75.61822130899992,9.450954832000093],[-75.63586514499991,9.428008951000038],[-75.6466874059999,9.419212085000083],[-75.6522107699999,9.420538141000065],[-75.66589281199992,9.408701920000055],[-75.67617779499994,9.403480788000081],[-75.68925560499991,9.41096368500007],[-75.70005160199992,9.411748583000076],[-75.70557142899992,9.399692990000062],[-75.70152503399993,9.395749748000071],[-75.7044041019999,9.372208409000052],[-75.68920300399992,9.364606741000046],[-75.6876010709999,9.355980603000091],[-75.67150252099992,9.343088907000038],[-75.66114983099993,9.357633321000037],[-75.64853967699992,9.362045969000064],[-75.64095922799993,9.348877522000066],[-75.63484425599995,9.352334587000087],[-75.61477747999993,9.337474133000057],[-75.61367153799995,9.331290728000056],[-75.59972095499995,9.325432902000045],[-75.59556436499992,9.31019561100004],[-75.5876652199999,9.302527141000041],[-75.59408406299991,9.296328705000064],[-75.60301106199995,9.29940864300005],[-75.6093671289999,9.280988187000048],[-75.58923951199995,9.278677534000053],[-75.58423569099995,9.272962344000064],[-75.56932665699992,9.279685923000045],[-75.55826320699992,9.27142775100009],[-75.5482659779999,9.259776848000058],[-75.50979311899994,9.260374591000073],[-75.5078588579999,9.273371043000054],[-75.4985588209999,9.285784359000047],[-75.49392474199993,9.272698542000057],[-75.49623715899992,9.261904943000047],[-75.48060147799993,9.249267326000052],[-75.46921014999992,9.245799659000056],[-75.45863074599993,9.23857543400004],[-75.4597305339999,9.224751014000049],[-75.46618117499992,9.21318626100009],[-75.46545260499994,9.204728570000043],[-75.45929940299993,9.192039865000083],[-75.45824720399992,9.17467423700009],[-75.46628995399993,9.158013376000042],[-75.45775868999993,9.155267202000061],[-75.45474840299994,9.148208711000052],[-75.44492059399994,9.140731566000056],[-75.43531213999995,9.140337677000048],[-75.4305505339999,9.14932624100004],[-75.42293006699992,9.150553650000063],[-75.41052040299991,9.144818968000038],[-75.39196055799994,9.159682467000039],[-75.3787685769999,9.148499684000058],[-75.3793723579999,9.13683229500009],[-75.36510588999994,9.139278812000043],[-75.35554984999993,9.13669554200004],[-75.35593911599994,9.128705212000057],[-75.34647944499994,9.123746519000065],[-75.33579612999995,9.131019707000064],[-75.32810764499993,9.126454305000038],[-75.32099611099994,9.115626813000063],[-75.31043556399993,9.117659452000055],[-75.31119901999995,9.096274811000058],[-75.29306726199991,9.080251030000056],[-75.28671987399991,9.080948749000072],[-75.28108523199995,9.072889438000061],[-75.27137312699995,9.076762497000061],[-75.25690286299994,9.07146453300004],[-75.24925698399994,9.072244529000045],[-75.23618911999995,9.067119165000065],[-75.22413698899993,9.073111503000064],[-75.20907990699993,9.049934072000042],[-75.21189518499995,9.035277302000054],[-75.2075788699999,9.006669095000063],[-75.18637178799992,8.986416615000053],[-75.18783417499992,8.96748001900005],[-75.18037279899994,8.967236592000063],[-75.16838904999992,8.952432568000063],[-75.1676589089999,8.944463015000053],[-75.17156335499993,8.928809295000065],[-75.18797468899993,8.94417364800006],[-75.19203064999994,8.936017861000039],[-75.18052412999992,8.929685866000057],[-75.18634496699991,8.91425015200008],[-75.19242422699995,8.920129624000083],[-75.20359073999992,8.915395697000065],[-75.21692084499995,8.915788851000059],[-75.22549247499995,8.90768048600006],[-75.23267438699992,8.894630111000083],[-75.24464619699995,8.88226581500004],[-75.26041185799994,8.896999880000067],[-75.26523059999994,8.895488165000074],[-75.27098437899991,8.912042557000063],[-75.27778160499992,8.903549679000037],[-75.28337834699994,8.906360446000065],[-75.28930382599992,8.896968039000058],[-75.2871853609999,8.890040913000064],[-75.29621513399991,8.87224982500004],[-75.30881282099995,8.859733818000052],[-75.31904027299993,8.858220729000038],[-75.3316324299999,8.86554061600009],[-75.33573085599994,8.853380281000057],[-75.35083513299992,8.850438501000042],[-75.35352694199992,8.840709226000058],[-75.3636575189999,8.82893351100006],[-75.37161046499995,8.826524067000037],[-75.36725567699995,8.810042619000058],[-75.36919210299993,8.791867423000042],[-75.36294669199992,8.785415408000063],[-75.34387255099995,8.776947146000055],[-75.33335768499995,8.757844010000042],[-75.32418662899994,8.755530959000055],[-75.33144918999994,8.745855565000056],[-75.32800872199994,8.736497041000064],[-75.32967512499994,8.72563600500007],[-75.34053079199992,8.719769057000065],[-75.33586720199992,8.711336739000046],[-75.34121830899994,8.694735918000049],[-75.34828069399993,8.690736361000063],[-75.35384781499994,8.670986455000047],[-75.35146076299992,8.657985737000047],[-75.33896834099994,8.646015284000043],[-75.34104501199994,8.638085968000041],[-75.31834414799994,8.590370119000056],[-75.31733725999993,8.57559116100009],[-75.32199605499994,8.565656689000093],[-75.32829982899995,8.562404130000061],[-75.3303186309999,8.552782320000063],[-75.32251031299995,8.547158986000056],[-75.3244150779999,8.537733452000055],[-75.31507865299994,8.536179694000054],[-75.31324938999995,8.528267911000057],[-75.30431116799991,8.517750177000039],[-75.31436382299995,8.502373041000055],[-75.3069006149999,8.496568535000051],[-75.28890579499995,8.49990998900006],[-75.27964189199992,8.49151641800006],[-75.26749764599992,8.487636941000062],[-75.24140008299992,8.48728176700007],[-75.23577540899993,8.483677509000074],[-75.2311998589999,8.47120121200004],[-75.22406809799992,8.481477012000084],[-75.21629346599991,8.485366484000053],[-75.21346065999995,8.474033402000089],[-75.20180867999994,8.453078555000047],[-75.19245410499991,8.443412805000037],[-75.20936095499991,8.432397450000053],[-75.20865474399994,8.42180065000008],[-75.19646520499992,8.421354458000053],[-75.19587006299992,8.408517543000073],[-75.18494056199995,8.397114326000064],[-75.17731173999994,8.39976106000006],[-75.1653519809999,8.415813927000045],[-75.15656196099991,8.418995284000061],[-75.15653536799994,8.433321503000059],[-75.14476811299994,8.43018304800006],[-75.12982637399995,8.450193076000062],[-75.13484712999991,8.459927784000058],[-75.12804612199994,8.468282917000067],[-75.0852614719999,8.465838507000058],[-75.0623765169999,8.453264020000063],[-75.05581282899993,8.46602355400006],[-75.04145783199994,8.458144504000074],[-75.03279531399994,8.470902795000086],[-75.0349524099999,8.49015528600006],[-75.03348733699994,8.498919395000087],[-75.0240998459999,8.49702619900006],[-75.00761488299992,8.510983925000062],[-75.0025279429999,8.522350847000041],[-74.99378970799995,8.509512133000044],[-74.92599402799993,8.49960767500005],[-74.92745177699993,8.453343680000046],[-74.90081130399994,8.454513084000041],[-74.8864871749999,8.432322128000067],[-74.87751190799992,8.414417211000057],[-74.8741957709999,8.403038588000072],[-74.8495869809999,8.390927869000052],[-74.84030824199994,8.393989227000077],[-74.83935345899994,8.384697806000077],[-74.80818113099991,8.386611691000041],[-74.80373704099992,8.368808711000042],[-74.81312695399993,8.364545520000092],[-74.81591711999994,8.371447558000057],[-74.82802366199991,8.359747601000038],[-74.81009744599993,8.34179619300005],[-74.80118788499993,8.337551459000053],[-74.79738512599994,8.326569540000037],[-74.7888194439999,8.312889944000062],[-74.79807203699994,8.30799950900007],[-74.8005573829999,8.296213873000056],[-74.79088917099995,8.283310536000045],[-74.78094539299991,8.277881791000084]]]},"properties":{"DPTO_CCDGO":"70","DPTO_CNMBR":"SUCRE","DPTO_ANO_C":1966,"DPTO_ACT_A":"Ley 47 del 8 de Agosto de 1966","DPTO_NAREA":10591.8593779,"DPTO_CSMBL":"3","DPTO_VGNC":2021,"Shape_Leng":8.57095899872,"Shape_Area":0.87081145516}},
{"type":"Feature","geometry":{"type":"Polygon","coordinates":[[[-74.73427575799991,5.286864727000079],[-74.7412356829999,5.285437050000041],[-74.76585347499991,5.287960119000047],[-74.77327739299994,5.298229872000093],[-74.78471677099992,5.297142313000052],[-74.81211191799991,5.306082540000091],[-74.82269149399991,5.318122143000039],[-74.8513312799999,5.313973950000047],[-74.8616819369999,5.305509015000041],[-74.86888337099992,5.304772571000058],[-74.87097349399994,5.296532023000054],[-74.89844207699991,5.298969102000058],[-74.90899582499992,5.308438319000061],[-74.92082709499994,5.308752448000064],[-74.9396984359999,5.312814451000065],[-74.95477764099991,5.30148592200004],[-74.96665166199995,5.301642454000046],[-74.98675653399994,5.288580739000054],[-75.0085477099999,5.291870292000056],[-75.02533248199995,5.28821286100009],[-75.03584977899993,5.276586963000057],[-75.05674284199995,5.275278411000045],[-75.06279443999995,5.26461428500005],[-75.06142200499994,5.256433888000061],[-75.06627353099992,5.247741341000051],[-75.0750285709999,5.244091924000088],[-75.08484769299992,5.223703130000047],[-75.09821272099992,5.211242900000059],[-75.11329409799993,5.181732398000065],[-75.11635110999993,5.160510817000045],[-75.13100683999994,5.155969225000092],[-75.13970593699992,5.158138617000077],[-75.15454763799994,5.171056018000058],[-75.17177097899992,5.170893401000058],[-75.17877373199991,5.164454578000061],[-75.19479226099992,5.163576556000066],[-75.20563546699992,5.154318075000049],[-75.2067847479999,5.144674119000058],[-75.21907704199992,5.133845191000091],[-75.22922782199993,5.132945755000037],[-75.23501705199993,5.126000108000085],[-75.25179938999992,5.129826285000092],[-75.27551725199993,5.140703819000066],[-75.28758706999992,5.138490921000084],[-75.30446934199995,5.11911616000009],[-75.30832288199991,5.110926054000061],[-75.3447524309999,5.080784947000041],[-75.34231586299995,5.076473363000048],[-75.3487927569999,5.057294909000063],[-75.33806713999991,5.044692147000092],[-75.3288824199999,5.042740989000038],[-75.31786551199991,5.028440429000057],[-75.31815104999993,5.014449201000048],[-75.32555117399994,5.001005243000066],[-75.32540840799993,4.995032795000043],[-75.3355687049999,4.974640815000043],[-75.35067828299992,4.96843042200004],[-75.35350984099995,4.962624539000046],[-75.35215354499991,4.938282651000065],[-75.34748980599994,4.930977709000047],[-75.34339712899992,4.914678397000046],[-75.33380790399991,4.898783601000048],[-75.31900765799992,4.892906332000052],[-75.3235920859999,4.865769569000065],[-75.33849345999994,4.852385101000039],[-75.34534927899995,4.842159664000064],[-75.35235158599994,4.842127690000041],[-75.35696179299993,4.826869396000063],[-75.36552785499993,4.818214108000063],[-75.37549906999993,4.802684968000051],[-75.37630773199993,4.78790895800006],[-75.37984836999993,4.776544650000062],[-75.37774488899993,4.768856652000068],[-75.38800026299992,4.746421730000066],[-75.3781724829999,4.730469691000053],[-75.3887106219999,4.715441808000094],[-75.3835074669999,4.708344679000049],[-75.38720083399994,4.699628073000042],[-75.40088142899992,4.690424282000038],[-75.40777435299992,4.678334814000038],[-75.4159257789999,4.670899642000052],[-75.42151430599995,4.658615797000039],[-75.42197705599995,4.643465899000091],[-75.4159818249999,4.634071565000056],[-75.41548800899994,4.622404506000066],[-75.42100092699991,4.610864252000056],[-75.4358557409999,4.602948444000049],[-75.45820601799994,4.602120390000039],[-75.46887076199994,4.598322771000085],[-75.47211429399994,4.588236957000049],[-75.48442607599992,4.582055384000057],[-75.49012838899995,4.569744127000092],[-75.50589836699993,4.558767230000058],[-75.51503550399991,4.555587389000038],[-75.52432663399992,4.539509899000052],[-75.52201415199994,4.527248456000052],[-75.52768911099992,4.51386236500008],[-75.52452742899993,4.498395314000049],[-75.53560849699994,4.494701545000055],[-75.5525965519999,4.473277575000054],[-75.5605639229999,4.471059236000087],[-75.57029389099995,4.457103250000046],[-75.57753899699992,4.452224346000094],[-75.57801963399993,4.433726708000052],[-75.58291319799991,4.428426694000052],[-75.57907098499993,4.409345206000069],[-75.58296266999992,4.38650595900009],[-75.59418182699994,4.352401026000052],[-75.59625332099995,4.338556111000059],[-75.60032272399991,4.333856859000093],[-75.59307108199994,4.31862114900008],[-75.59814726999991,4.310727091000047],[-75.60425101699991,4.288790945000073],[-75.59616178899995,4.282690329000047],[-75.60625595199991,4.272697590000064],[-75.61676622099992,4.27233220700009],[-75.62346360899994,4.257533437000063],[-75.64331059599994,4.246054307000065],[-75.64789249699993,4.230368382000051],[-75.65728446999992,4.223051536000071],[-75.65437948099992,4.214291668000044],[-75.65619133199993,4.200502983000092],[-75.66648044599992,4.194206904000055],[-75.66919883899993,4.184854439000048],[-75.68834207399993,4.166881799000066],[-75.69257960499993,4.152269422000074],[-75.69127211499995,4.138943037000047],[-75.69644123699993,4.131950464000056],[-75.7145911419999,4.126719478000041],[-75.71928404499994,4.11277008400009],[-75.73346947699991,4.113456213000063],[-75.73217273099993,4.103838504000066],[-75.74699985399991,4.095275288000039],[-75.75239640699994,4.077390709000042],[-75.7473576559999,4.063411063000046],[-75.7377874629999,4.055658778000065],[-75.74819307099995,4.040189510000062],[-75.7616755869999,4.024515491000045],[-75.76939170499992,4.020723113000088],[-75.77728608299992,4.003457997000055],[-75.78400351999994,4.00822213500004],[-75.79526276799993,4.005061921000049],[-75.7914673379999,3.971045968000055],[-75.79751624499994,3.959866826000052],[-75.80550360899991,3.953059453000037],[-75.8090082459999,3.936815369000044],[-75.80730592099991,3.930605749000051],[-75.82000843499992,3.910679840000057],[-75.82869147199995,3.903590002000044],[-75.83379965299991,3.909587532000046],[-75.84197991299993,3.897149249000051],[-75.85684906099993,3.883004180000057],[-75.86159055899992,3.873863201000063],[-75.8608462919999,3.862487858000065],[-75.85311663999994,3.854305167000064],[-75.86110211199991,3.848984692000045],[-75.8644638049999,3.836491921000061],[-75.87179380899994,3.82429227700004],[-75.88369350199991,3.813979911000047],[-75.8928305629999,3.813177531000065],[-75.89378564399993,3.801794484000084],[-75.9032585249999,3.796609741000054],[-75.90134835499993,3.785090255000057],[-75.90663089199995,3.781249247000062],[-75.91608975699995,3.758753787000046],[-75.91569714999991,3.750853976000087],[-75.9221335929999,3.738611649000063],[-75.92999771199993,3.739206514000045],[-75.94520246299993,3.726381221000054],[-75.94546420699993,3.71589969300004],[-75.95556399799995,3.713634591000073],[-75.96069805299993,3.696539477000044],[-75.95011807299994,3.67701850800006],[-75.95801788199992,3.663674491000052],[-75.96569164499994,3.664745247000042],[-75.97537842999992,3.657949508000058],[-75.97708450399995,3.643751265000049],[-75.98870579099992,3.642609124000046],[-75.9935813049999,3.635806243000047],[-75.98662852099994,3.623649575000059],[-75.99373121299993,3.609329979000051],[-75.99173231399993,3.599519936000092],[-75.98458315199991,3.58903309100009],[-75.98928959799991,3.575461261000044],[-75.98395140899993,3.559920515000044],[-75.99405921499994,3.546138107000047],[-75.99786704099995,3.53316280100006],[-76.00318994899993,3.527895925000053],[-76.0014063079999,3.52006097900005],[-76.01466266499995,3.508023966000053],[-76.02743871899992,3.487068729000043],[-76.02172854799994,3.479535978000058],[-76.02707958899992,3.466328977000046],[-76.02888421499995,3.452574299000048],[-76.03685481899993,3.452650141000049],[-76.04129566099994,3.438280589000044],[-76.03864445099993,3.417257043000063],[-76.0425038759999,3.409486035000043],[-76.0420431789999,3.39516965200005],[-76.02906555099992,3.390011138000091],[-76.03144753599992,3.382281649000049],[-76.04695909899993,3.374497052000038],[-76.04737788299991,3.36543606400005],[-76.0612158369999,3.354549753000072],[-76.05509631899992,3.347940726000047],[-76.05197076099995,3.336274925000055],[-76.05602084299994,3.328519637000056],[-76.0448948849999,3.319128746000047],[-76.0378302769999,3.300975021000056],[-76.04309126499993,3.288390054000047],[-76.05054373599995,3.282022615000074],[-76.04802864299995,3.265067763000047],[-76.0408188799999,3.258893064000063],[-76.03984092099995,3.24795706000009],[-76.05499769199992,3.237081025000066],[-76.05949994799994,3.230630587000064],[-76.05541877699994,3.223351860000093],[-76.05238858099995,3.219032090000042],[-76.06046555599994,3.202684059000092],[-76.07056592799995,3.196576418000063],[-76.0839890339999,3.203682899000057],[-76.0910368669999,3.199206049000054],[-76.09138760499991,3.175423595000041],[-76.08303159999991,3.172487273000058],[-76.0780024959999,3.16508517200009],[-76.08595426599993,3.155511810000064],[-76.07795233899992,3.150824624000052],[-76.07265088299994,3.139632755000093],[-76.07649437099991,3.132315781000045],[-76.07382895399991,3.122150401000056],[-76.0848137829999,3.113060248000068],[-76.09636210299993,3.112104579000061],[-76.10574139899995,3.106781589000093],[-76.10297726999994,3.096118037000053],[-76.09238559399995,3.096921771000041],[-76.08360427999992,3.091277074000061],[-76.0703186529999,3.067187622000063],[-76.07298183499995,3.049592588000053],[-76.05320755999992,3.042744262000042],[-76.04633230299993,3.04386041500004],[-76.03911138099994,3.023823311000058],[-76.04130435799993,3.015879171000051],[-76.0345178959999,3.009886366000046],[-76.02158832799995,3.004889340000091],[-76.0202205089999,2.995644868000056],[-76.0263257599999,2.987599987000067],[-76.02917093099995,2.971919958000058],[-76.0255537569999,2.958666537000056],[-76.0289934729999,2.940490261000093],[-75.99128181899994,2.982452433000049],[-75.98278837999993,2.972314014000062],[-75.98153408199994,2.956102074000057],[-75.9754079679999,2.947720194000055],[-75.96571880399995,2.944674483000085],[-75.95806735199994,2.935020135000059],[-75.95484736899994,2.919445210000049],[-75.94266982099992,2.922015735000059],[-75.92740629999992,2.921416325000052],[-75.91954511099993,2.913802712000063],[-75.9081200469999,2.909071467000047],[-75.90662611899995,2.899718344000064],[-75.89798680699994,2.893774904000054],[-75.88379609499992,2.897028826000053],[-75.88205103999991,2.889469555000062],[-75.86006847999994,2.873008062000054],[-75.84636278499994,2.87108070000005],[-75.8316660129999,2.874483333000057],[-75.82085434099992,2.883242175000078],[-75.80339993599995,2.885403306000057],[-75.78703022799994,2.899091602000055],[-75.78081099699995,2.911744129000056],[-75.76302623999993,2.917026207000049],[-75.7671114499999,2.923743516000059],[-75.76009710099993,2.943511226000055],[-75.74993940099995,2.946610219000092],[-75.74403248699991,2.953173377000041],[-75.72859708699991,2.953622941000049],[-75.72084000899991,2.96163222000007],[-75.71067042399994,2.964221867000049],[-75.69862664899995,2.975896648000059],[-75.69248324099993,2.99346844900009],[-75.68445256299992,2.98930438900004],[-75.65981246299992,2.986701842000059],[-75.64728537999991,2.996264323000048],[-75.63550704599993,2.994122802000049],[-75.62679704099992,3.002352261000055],[-75.61010009299991,3.031305709000094],[-75.60152390699994,3.039152922000085],[-75.59993727699992,3.047996572000045],[-75.6056092689999,3.057757293000066],[-75.61780007499993,3.06240394200006],[-75.6221425949999,3.075431490000085],[-75.60469728999993,3.103352174000065],[-75.60233326699995,3.113010760000066],[-75.58849734099994,3.117789324000057],[-75.58254868699993,3.123797462000084],[-75.58306387499994,3.146869472000049],[-75.58837236099993,3.156388291000042],[-75.58224818499991,3.16883688900009],[-75.58499457099992,3.175626668000064],[-75.5765046539999,3.188570939000044],[-75.57254986999993,3.200657081000088],[-75.57521486899992,3.205582566000089],[-75.57264505099994,3.218027146000054],[-75.57749914999994,3.221405981000089],[-75.56843631299995,3.241877529000078],[-75.55014261299993,3.256712278000066],[-75.54247926699992,3.275979115000041],[-75.53029007599991,3.286427332000073],[-75.53144128999992,3.291018740000084],[-75.52177531899991,3.302114588000052],[-75.52275309599992,3.312460759000089],[-75.52760403299993,3.317560751000087],[-75.51932412999992,3.32522196900004],[-75.51048276799992,3.328129908000051],[-75.49647757799994,3.322007199000041],[-75.48598633299991,3.332018770000047],[-75.4865768379999,3.345674299000052],[-75.4788044259999,3.361144245000048],[-75.46337219199995,3.354449871000043],[-75.44486950499993,3.356841229000054],[-75.43955854799992,3.34741856100004],[-75.42595279099993,3.352793766000048],[-75.4227476559999,3.360717368000053],[-75.4128538569999,3.371660513000052],[-75.40668629399994,3.369447612000045],[-75.3962151209999,3.377380975000051],[-75.37978413299993,3.375377206000053],[-75.37145192799994,3.387093348000064],[-75.37343516499993,3.39578554700006],[-75.3664591939999,3.406583221000062],[-75.35646966699994,3.403096684000047],[-75.34155972899993,3.40540855100005],[-75.32962072099991,3.401754887000038],[-75.32388046599993,3.40766532300006],[-75.3212492429999,3.41823603000006],[-75.31225595599994,3.414321923000045],[-75.30162634099992,3.399169482000048],[-75.27723903899994,3.382816536000064],[-75.27117617099992,3.383768320000058],[-75.25931957899991,3.376758074000065],[-75.2505215249999,3.367269972000088],[-75.24128039399994,3.404300858000056],[-75.22726536699992,3.415769863000094],[-75.22118346699995,3.412048385000048],[-75.20077720899991,3.409583265000037],[-75.19988382299994,3.384554628000046],[-75.17277344999991,3.378333830000088],[-75.17416142399992,3.408690381000042],[-75.16535977799992,3.414678289000051],[-75.1577332459999,3.414533645000063],[-75.14971765099995,3.434938091000049],[-75.1316724159999,3.43029408600006],[-75.12145130399995,3.433127700000057],[-75.06539306699995,3.431364400000064],[-75.04603343899993,3.431534700000043],[-75.03415979099992,3.427503718000082],[-75.0424443739999,3.416840514000057],[-75.04180075199992,3.407084472000065],[-75.0282077999999,3.396550091000051],[-75.03245286399994,3.385832703000062],[-75.04277363299991,3.385091607000049],[-75.05688354199992,3.377985856000066],[-75.05472994999991,3.360313519000044],[-75.05981700899991,3.352078350000056],[-75.05511618699995,3.331512244000066],[-75.06357852799994,3.311366284000087],[-75.07037212299991,3.301849270000048],[-75.06689808999994,3.293841020000059],[-75.03537618099995,3.286928683000042],[-75.02104709499991,3.288751274000049],[-75.0107583059999,3.285962546000064],[-75.00426772999992,3.277311596000061],[-74.99562314499991,3.277026063000051],[-74.99013373199995,3.283165072000088],[-74.9800388669999,3.285273991000054],[-74.9672135749999,3.28326334400009],[-74.9590817639999,3.277076746000091],[-74.9339606069999,3.286023521000061],[-74.9293920419999,3.283031348000065],[-74.91759050799993,3.290345587000047],[-74.90753272599994,3.290401131000067],[-74.87488529299992,3.321172775000093],[-74.87478059599994,3.326702642000043],[-74.86463814199993,3.330831006000039],[-74.8480654359999,3.34274354300004],[-74.84561295499992,3.356290215000058],[-74.83134971999993,3.369405401000051],[-74.82567470299995,3.38888128800005],[-74.81488256499995,3.395790807000083],[-74.81806043199992,3.402087300000062],[-74.81029149199992,3.412164315000041],[-74.7841927739999,3.425794581000048],[-74.77666179499994,3.435586329000046],[-74.76472139399993,3.440583669000091],[-74.76171134799995,3.454611145000058],[-74.77173928699995,3.464040404000059],[-74.78082763099991,3.479007477000039],[-74.78288144499993,3.492652465000049],[-74.77475764999991,3.524149841000053],[-74.76923646099993,3.530120045000047],[-74.75764528999991,3.532057448000046],[-74.7471267649999,3.528032967000058],[-74.73855395499993,3.536073613000042],[-74.72862579699995,3.551581167000052],[-74.7266468169999,3.56200823100005],[-74.7338559559999,3.566356994000046],[-74.73523625399991,3.579286885000045],[-74.73957670599992,3.58581419300009],[-74.72957371199993,3.597513457000048],[-74.72507940299994,3.608895932000053],[-74.71732533699992,3.61514201500006],[-74.7124444669999,3.610719191000044],[-74.70113012899992,3.615540576000058],[-74.69672515299993,3.641958542000054],[-74.6763064029999,3.666333146000056],[-74.66414735699993,3.673007533000089],[-74.65544447899993,3.681175031000066],[-74.64074238299992,3.687656089000086],[-74.62486543099993,3.698738429000059],[-74.61515065599991,3.712010191000047],[-74.60498126899995,3.720628709000039],[-74.59797384099994,3.722382175000064],[-74.58815007999993,3.732662703000074],[-74.5866553319999,3.738948428000072],[-74.5699850069999,3.753795524000054],[-74.55742496099992,3.767878457000052],[-74.55296094499994,3.784744955000065],[-74.54641635599995,3.793246066000052],[-74.54674314399995,3.802717955000048],[-74.54173590199991,3.81334638900006],[-74.53586404599992,3.817120869000064],[-74.53658866199993,3.827677582000092],[-74.53131842399995,3.836466987000051],[-74.53474407899995,3.843206595000083],[-74.53946045099991,3.846039125000061],[-74.52872807499995,3.878511661000061],[-74.52292204799994,3.886753704000057],[-74.52587892799994,3.895458201000054],[-74.52262848399994,3.91707196100009],[-74.51497996199993,3.927214622000065],[-74.51137553299992,3.946747260000052],[-74.51308620099991,3.953410947000066],[-74.5311144069999,3.967602506000048],[-74.53364133699995,3.993312113000059],[-74.52525897299995,4.01392332100005],[-74.5314022789999,4.033718523000061],[-74.52567055599991,4.052133067000057],[-74.5086571729999,4.078136740000048],[-74.4862729969999,4.096391843000049],[-74.4833914909999,4.10696964400006],[-74.47645894499993,4.111499861000084],[-74.4756338919999,4.134264100000053],[-74.48366120599991,4.147237503000042],[-74.48334305799995,4.176734427000042],[-74.50129379399993,4.187651050000056],[-74.51249689199994,4.211221605000048],[-74.51178309099993,4.218480328000055],[-74.51885728299993,4.24049321800004],[-74.5348831949999,4.245997595000063],[-74.54375372399994,4.259308148000059],[-74.56253001999994,4.272129584000083],[-74.58014248099994,4.266645127000061],[-74.58854248299991,4.267410677000044],[-74.60122496399993,4.262278046000063],[-74.6045911029999,4.257077049000088],[-74.61986229599995,4.251868866000052],[-74.6188774179999,4.238312872000051],[-74.62713949199991,4.222836132000054],[-74.6320901329999,4.224155814000085],[-74.64047957299994,4.210338807000085],[-74.6550577079999,4.203395936000049],[-74.65647824599995,4.214603197000088],[-74.67679839499993,4.20664322500005],[-74.7016743879999,4.212055443000054],[-74.7004537119999,4.218373761000066],[-74.71124651799994,4.232535407000057],[-74.72189834399995,4.231042436000052],[-74.7340956509999,4.247765500000071],[-74.7403250879999,4.24243182500004],[-74.7519976559999,4.259161615000039],[-74.7655008939999,4.256982229000073],[-74.7712118579999,4.260673523000094],[-74.77747122699992,4.272361132000071],[-74.77700828699994,4.282209103000071],[-74.79676788099994,4.288245807000067],[-74.80753416099992,4.286203834000048],[-74.81302906099995,4.294180465000068],[-74.83365179299994,4.275717072000077],[-74.85475285299992,4.268506006000052],[-74.87895357399992,4.266059913000049],[-74.88948392099991,4.291908712000065],[-74.88309979099995,4.300218493000045],[-74.88270078199992,4.317636074000063],[-74.86491889199993,4.332104460000039],[-74.85669585099993,4.33392602300006],[-74.85190292499993,4.358874555000057],[-74.85437661899994,4.366366311000093],[-74.84339813399993,4.375059573000044],[-74.8390868429999,4.382598445000042],[-74.83805024499992,4.395508764000056],[-74.83265524199993,4.405403535000062],[-74.83510537599994,4.411952929000051],[-74.8307469639999,4.423214121000058],[-74.83312273999991,4.443373351000048],[-74.81744825499993,4.445150151000064],[-74.80446632799993,4.458928141000058],[-74.8008534299999,4.484034697000084],[-74.79460740799993,4.500017164000042],[-74.7869684559999,4.508904360000088],[-74.80514067799993,4.535982769000043],[-74.80154221799995,4.543899379000038],[-74.80891905599992,4.554919664000067],[-74.80514067799993,4.56701948500006],[-74.81476655699993,4.586181280000062],[-74.80622021599993,4.590409471000044],[-74.7935806239999,4.591084182000088],[-74.80015466399993,4.600287628000046],[-74.81368833099992,4.60572948500004],[-74.81500634399993,4.616465168000047],[-74.80228061299994,4.625791176000064],[-74.79559264099993,4.642901246000065],[-74.7865267169999,4.64726700600005],[-74.78823895099993,4.658214330000078],[-74.80720370699993,4.669448789000057],[-74.80764957199995,4.67901630700004],[-74.80129599599991,4.699971959000038],[-74.80412808299991,4.705908417000046],[-74.81726972799993,4.715778489000058],[-74.8191027279999,4.725983842000062],[-74.8145032669999,4.735744018000048],[-74.79449342299995,4.74760959200006],[-74.7769437149999,4.752116483000066],[-74.77706756599991,4.759423714000093],[-74.7686459009999,4.77500759600008],[-74.74558454999993,4.786225152000043],[-74.74305798299991,4.790287477000049],[-74.74600564199994,4.812159629000064],[-74.74437493599993,4.823403959000075],[-74.74913082799992,4.829701113000056],[-74.7660847059999,4.835601943000086],[-74.76950798599995,4.842917235000073],[-74.75977508599993,4.851924286000042],[-74.75205475999991,4.865847277000057],[-74.75492513899991,4.885939931000053],[-74.75030613799993,4.889107247000084],[-74.73704300599991,4.883861381000088],[-74.73166516299995,4.893990191000057],[-74.73991338399992,4.902040450000072],[-74.7396877349999,4.910762210000087],[-74.73219305399994,4.926851086000056],[-74.73354576199995,4.934604408000041],[-74.74898455599993,4.951862974000051],[-74.74387368899994,4.966350438000063],[-74.7303330769999,4.977692504000061],[-74.71472739099994,4.972211572000049],[-74.70606054599995,4.98300490400004],[-74.72120573399991,4.994855733000065],[-74.73327684799995,4.997409247000064],[-74.74318211399992,5.008223972000053],[-74.73814826599994,5.024337270000046],[-74.73016743499994,5.036458680000067],[-74.72589762299992,5.058422866000058],[-74.72974825799992,5.074332083000058],[-74.71680799799992,5.092314671000054],[-74.71981957799994,5.11948996700005],[-74.73152806999991,5.140726298000061],[-74.73103348399991,5.149541639000063],[-74.71915570599992,5.163709557000061],[-74.71466137499993,5.186024719000045],[-74.71986737399993,5.198326566000048],[-74.7335569139999,5.20313514500009],[-74.7296627149999,5.213031525000076],[-74.7303723149999,5.232173149000062],[-74.72335653699992,5.239851581000039],[-74.72732062099993,5.252911917000063],[-74.72498724899992,5.264369393000038],[-74.73427575799991,5.286864727000079]]]},"properties":{"DPTO_CCDGO":"73","DPTO_CNMBR":"TOLIMA","DPTO_ANO_C":1909,"DPTO_ACT_A":"Ley 65 de Noviembre de 1909","DPTO_NAREA":24139.5219622,"DPTO_CSMBL":"3","DPTO_VGNC":2021,"Shape_Leng":9.5501789624,"Shape_Area":1.96503667415}},
{"type":"Feature","geometry":{"type":"Polygon","coordinates":[[[-75.71360663299993,4.713757300000054],[-75.73282833499991,4.707853023000041],[-75.7393692579999,4.710911753000062],[-75.76022152299993,4.711135148000039],[-75.77464709499992,4.719185289000052],[-75.79149629299991,4.718116765000048],[-75.83153901499992,4.737833074000093],[-75.84374839199995,4.727621781000039],[-75.85619244399993,4.73192044700005],[-75.84858026099994,4.738537097000062],[-75.84516545999992,4.766253457000062],[-75.85277482099991,4.778754893000041],[-75.87383382799993,4.771487100000058],[-75.87847562199994,4.763381569000046],[-75.88881561999995,4.754635785000062],[-75.89678669999995,4.758835809000061],[-75.90908486699993,4.752424002000055],[-75.92942011499991,4.769220625000059],[-75.92598966299994,4.789107924000064],[-75.91744263999993,4.794209487000046],[-75.92324852399992,4.802442423000059],[-75.93052015699993,4.801005228000065],[-75.93499592199993,4.809250062000046],[-75.92064777399992,4.817304537000041],[-75.91051126899993,4.817364022000049],[-75.90944051299994,4.828785436000089],[-75.90269263899995,4.837244929000065],[-75.90552765199993,4.848584991000052],[-75.90103887999993,4.852920900000072],[-75.91147562999993,4.861537125000041],[-75.91459810799995,4.872619521000047],[-75.92776242699995,4.862276726000061],[-75.94299220999994,4.856777080000086],[-75.95819378899995,4.864476583000055],[-75.96731755799993,4.859928799000045],[-75.97518627599993,4.86135306500006],[-75.98766826299993,4.87378177700009],[-75.9896170419999,4.882290732000058],[-75.98592649799991,4.904855158000089],[-75.98884609399994,4.912914393000051],[-76.00912651899995,4.924039156000049],[-76.0210190649999,4.936236271000041],[-76.0276387209999,4.938534829000048],[-76.0338598269999,4.956773398000053],[-76.03273222899992,4.96215496700006],[-76.04035602199991,4.979644006000058],[-76.04908864499993,5.007150578000051],[-76.06418394399992,5.015412069000092],[-76.07972283299995,5.040730265000093],[-76.0770006379999,5.047229429000083],[-76.09142017099992,5.042660867000052],[-76.09676681899992,5.031032440000047],[-76.0945408369999,5.009892573000059],[-76.09852286199992,4.999616414000059],[-76.09024233699995,4.979764574000058],[-76.08879734899995,4.94645530300005],[-76.09448308299994,4.941544566000061],[-76.0947003739999,4.929977534000045],[-76.1022547959999,4.915259810000066],[-76.12000008399991,4.911993227000039],[-76.12999538999992,4.907241839000051],[-76.11414776099991,4.894240697000043],[-76.11678420399994,4.881500303000053],[-76.1310246619999,4.862808847000053],[-76.12973397099995,4.855814431000056],[-76.14500377099995,4.837914352000041],[-76.16077799699991,4.836352552000051],[-76.19210518999995,4.828608595000048],[-76.21149758599995,4.829389500000048],[-76.2206731949999,4.821124957000052],[-76.23056461899995,4.802090464000059],[-76.24751020299993,4.794040660000064],[-76.26065538699993,4.794951713000046],[-76.27624370599995,4.771023834000061],[-76.28685610199994,4.767145311000093],[-76.31210694299995,4.750618884000062],[-76.29860380899993,4.734628150000049],[-76.2856898789999,4.712403821000066],[-76.28861291399994,4.702784109000049],[-76.2975676019999,4.699288840000065],[-76.2978150539999,4.686575969000046],[-76.30325844899994,4.666871341000046],[-76.3001281569999,4.655045803000064],[-76.31286830899995,4.629604147000066],[-76.32019808199993,4.619156967000038],[-76.32126727399992,4.604548949000048],[-76.32801736399995,4.599589436000088],[-76.33424825899993,4.585981683000057],[-76.34364139699994,4.581523753000056],[-76.34461625299991,4.56177277200004],[-76.3572892869999,4.558502143000055],[-76.3812725169999,4.559631298000056],[-76.38440403699991,4.547639683000057],[-76.4034796119999,4.535526749000041],[-76.39424810999992,4.528742997000052],[-76.3804707999999,4.511748652000051],[-76.3679849639999,4.489601730000061],[-76.3824656999999,4.492976959000089],[-76.38629489399995,4.481169819000058],[-76.39579800999991,4.473457483000061],[-76.40172786099993,4.474191841000049],[-76.41021436099993,4.465684147000047],[-76.40858177299992,4.460113540000066],[-76.4185240299999,4.452281929000037],[-76.43091479799995,4.448620721000054],[-76.43447761399995,4.441944898000088],[-76.44879612299991,4.440309685000045],[-76.45357213799991,4.43316261700005],[-76.47409330999994,4.422751333000065],[-76.48122957699991,4.414605652000091],[-76.50199361499995,4.413203723000038],[-76.51548709399992,4.403249383000059],[-76.52646299799994,4.403846316000056],[-76.53952799899992,4.396297317000062],[-76.5527634149999,4.401836506000052],[-76.56203810099993,4.370485460000054],[-76.5478943839999,4.348861731000056],[-76.54869388399993,4.337202370000057],[-76.52961275199993,4.324721366000063],[-76.52544569199995,4.311248606000049],[-76.52960975199994,4.301254863000054],[-76.52663542999994,4.288619924000045],[-76.51515452899991,4.270892942000046],[-76.50896792999993,4.267918620000046],[-76.50587462699991,4.251946481000061],[-76.4908959199999,4.244153750000066],[-76.4873660319999,4.235882035000088],[-76.4711818259999,4.230391694000048],[-76.46605026899994,4.232690636000086],[-76.4545424129999,4.228760488000091],[-76.45135605999991,4.209730558000047],[-76.44670786199993,4.204518937000046],[-76.44438375699991,4.190595465000058],[-76.44487675599993,4.175693046000049],[-76.4529758939999,4.144916315000046],[-76.46227229899995,4.131577371000049],[-76.47265328399993,4.103582518000053],[-76.49018968199994,4.081369753000047],[-76.4989226699999,4.063833343000056],[-76.50933933699991,4.062896969000064],[-76.52441735499991,4.06728428200006],[-76.52533290699995,4.061931807000065],[-76.53575614899995,4.053480530000058],[-76.54152549999992,4.043732605000059],[-76.54170395699992,4.023774867000043],[-76.5380752829999,4.015089837000062],[-76.56008529399992,4.006345324000051],[-76.55770709099994,3.996313650000047],[-76.5635355149999,3.988071059000049],[-76.57225028999994,3.985810572000048],[-76.58628911499994,3.972842513000046],[-76.58887082599995,3.992627724000045],[-76.5971394529999,4.002502493000065],[-76.6023972719999,4.000661084000058],[-76.6245701279999,4.014874453000061],[-76.64996349099994,3.996672811000053],[-76.66237237799993,3.977494358000058],[-76.67545941299994,3.971724161000054],[-76.68164601099994,3.964942700000051],[-76.69253204699993,3.968809326000041],[-76.70015564599993,3.978145243000085],[-76.71275746299995,3.981123030000049],[-76.7357721539999,3.981799815000045],[-76.7472418019999,3.98510863100006],[-76.74985920499995,3.991533172000061],[-76.75947047099993,3.993494898000051],[-76.76874022899995,3.989189405000047],[-76.77492682799993,3.997160597000061],[-76.78635511199991,4.003170839000063],[-76.7938504139999,4.011106342000062],[-76.80920068099994,4.005208218000064],[-76.82039689499993,4.011122431000047],[-76.82554633699993,4.021706829000038],[-76.82347636399993,4.03208728900006],[-76.82882974499995,4.035156562000054],[-76.85005972499994,4.037379488000056],[-76.85395494699992,4.032148470000038],[-76.8674397129999,4.032366970000055],[-76.87266198299994,4.045707897000057],[-76.88346154699991,4.05502283900006],[-76.88283480899992,4.061039004000065],[-76.8917029879999,4.073871929000063],[-76.90118698399993,4.073030275000065],[-76.9011253999999,4.082185820000063],[-76.91233375799993,4.081446808000067],[-76.91456644599992,4.096493559000066],[-76.93451370799994,4.105181324000057],[-76.95375036199994,4.120116461000066],[-76.96942506199991,4.119343135000065],[-76.97573063199991,4.12213900100005],[-76.98421936099993,4.114726980000057],[-76.99440345399995,4.120461481000063],[-77.00887533399992,4.096038695000061],[-77.01939731199991,4.101206882000042],[-77.02645003399994,4.094639572000062],[-77.03827119699991,4.097323603000063],[-77.04900732399994,4.095153535000065],[-77.06027169299995,4.102463238000041],[-77.06605378299992,4.096295677000057],[-77.07300282799991,4.106533679000052],[-77.0825182989999,4.111285701000043],[-77.08653313699995,4.122501414000055],[-77.0959297949999,4.117130358000054],[-77.10426345799993,4.107703082000057],[-77.12002587699993,4.116570960000047],[-77.12289312799993,4.124815792000049],[-77.11629012299994,4.133120111000039],[-77.12928989499994,4.144647052000039],[-77.13368746299994,4.157317994000039],[-77.14317121499994,4.160794887000066],[-77.15808867599992,4.182978993000063],[-77.16708481899991,4.18372867000005],[-77.18891636699993,4.17257436500006],[-77.20495494499994,4.172733386000061],[-77.21504497599994,4.155953011000065],[-77.2218264409999,4.15634562200006],[-77.2406003879999,4.174370038000063],[-77.24841691799992,4.184435162000057],[-77.2504870489999,4.20003252500004],[-77.24841691799992,4.21948462000006],[-77.25348516999992,4.234153999000057],[-77.26333613799994,4.233618621000062],[-77.2802897979999,4.220983681000064],[-77.28735679699992,4.205814616000055],[-77.28510820699995,4.190110173000051],[-77.28974815599992,4.178688760000057],[-77.30684458299993,4.166018130000054],[-77.31851583899993,4.172870978000049],[-77.33040124599995,4.188539730000059],[-77.34228665499995,4.195999341000061],[-77.35295307899992,4.197473054000056],[-77.3631252749999,4.192262034000066],[-77.3747965309999,4.180055401000061],[-77.37636697499994,4.171739183000057],[-77.3892517569999,4.162066675000062],[-77.39208331499992,4.147629295000058],[-77.42114248299993,4.143138062000048],[-77.43580591099993,4.145785214000057],[-77.44214122599993,4.136683774000062],[-77.44110021199992,4.12071164200006],[-77.42890547399992,4.101438008000059],[-77.4292326499999,4.09096837900006],[-77.44469914699994,4.055960561000063],[-77.44962159399995,4.038513453000064],[-77.43998522299995,4.026085335000062],[-77.43401641699995,4.010208374000058],[-77.41089585999993,3.991945348000058],[-77.39028152199995,3.973073795000062],[-77.38788253199994,3.973505611000064],[-77.37126576499992,3.951129476000062],[-77.36542676999994,3.933683544000075],[-77.35933275899993,3.926698244000079],[-77.34749150099992,3.932379093000065],[-77.33506476699995,3.97254601800006],[-77.32618478299992,3.979550689000064],[-77.31955923099991,3.99503609900006],[-77.32305983999993,3.997733838000045],[-77.31429774199995,4.029111463000049],[-77.30802276899993,4.030270895000058],[-77.30704213299992,4.040161570000066],[-77.29853262299991,4.048938098000065],[-77.2856667289999,4.050994752000065],[-77.2734826919999,4.071365238000055],[-77.26139860699993,4.060572084000057],[-77.24738798899995,4.071359787000063],[-77.24258486699995,4.083075200000053],[-77.23233163099991,4.081427528000063],[-77.22675848799992,4.072990919000063],[-77.2287072659999,4.059066314000063],[-77.21227867399995,4.061134461000051],[-77.21027600699995,4.055878473000064],[-77.19459992799995,4.052762863000055],[-77.20155336499994,4.035298420000061],[-77.1996937269999,4.028991814000051],[-77.21379681999991,4.015545675000055],[-77.21246432099991,4.009399529000063],[-77.22869539499993,3.997484515000053],[-77.24398581199995,3.989080408000063],[-77.2539267869999,3.979972682000039],[-77.26805458199993,3.987075924000067],[-77.27486680399994,3.98608749400006],[-77.29026756699994,3.973575025000059],[-77.30171039499993,3.959084105000045],[-77.31752548199995,3.950327094000045],[-77.31150425499993,3.930739372000062],[-77.32217256799993,3.909077948000061],[-77.31087964699992,3.908303434000061],[-77.30448042499995,3.901323456000057],[-77.2979752359999,3.902019872000039],[-77.28628828399991,3.89525941100004],[-77.29405026699993,3.876339589000054],[-77.30286334099992,3.874722514000041],[-77.30198350499995,3.861289179000039],[-77.29352643399994,3.858484111000053],[-77.28284023799995,3.842327517000058],[-77.27399901399991,3.84063251300006],[-77.26459278899995,3.833475829000065],[-77.25913808599995,3.835535295000057],[-77.24783331999993,3.828612458000066],[-77.2348360549999,3.83580035600005],[-77.2273027039999,3.830443307000053],[-77.2197769089999,3.836185779000061],[-77.20425623299991,3.833972824000057],[-77.19467290099993,3.838898402000041],[-77.18021731599993,3.832402882000054],[-77.17137799799991,3.848286217000066],[-77.14864774099993,3.858014470000057],[-77.13216737399995,3.872541743000056],[-77.11618923099991,3.87568529300006],[-77.10869697999993,3.871500755000056],[-77.09426168599992,3.879793371000062],[-77.09492844199991,3.900573248000057],[-77.08674104799991,3.905189839000059],[-77.08057407399991,3.901430382000058],[-77.07900605599991,3.887261403000082],[-77.0636726539999,3.873351137000043],[-77.05402353799991,3.867713858000059],[-77.06098479999991,3.861510930000065],[-77.08680218899991,3.858220824000057],[-77.1060854719999,3.84895061800006],[-77.11363974999995,3.835265028000038],[-77.11282151799992,3.826400751000051],[-77.11778234699995,3.818918844000052],[-77.12608029799992,3.81843043300006],[-77.1379509539999,3.805662874000063],[-77.1492732289999,3.803116412000065],[-77.16801589099992,3.804053941000063],[-77.18201885499991,3.808676837000064],[-77.1761719719999,3.790396514000065],[-77.1721975989999,3.770382304000066],[-77.16599778599993,3.757543655000063],[-77.1712768559999,3.750530531000038],[-77.18577006299995,3.748247413000058],[-77.19225127199991,3.752821965000066],[-77.1982808269999,3.747008940000057],[-77.19696498399992,3.720842011000059],[-77.19353380299992,3.712813707000066],[-77.18876595799992,3.681102334000059],[-77.1786722839999,3.692122509000058],[-77.1713755319999,3.691726528000061],[-77.16541392799991,3.684760457000039],[-77.1665773599999,3.673835026000063],[-77.16563045899994,3.64468557500004],[-77.18373577699992,3.655145688000061],[-77.18934892599992,3.652813815000059],[-77.1872927739999,3.640864501000067],[-77.19246363999991,3.63482508900006],[-77.19571160399994,3.610706875000062],[-77.20642155799993,3.607792033000067],[-77.22818178699993,3.582455547000052],[-77.23789938999994,3.585272079000049],[-77.27086244299994,3.572838429000058],[-77.28767030499995,3.56916973500006],[-77.29349825499992,3.576169672000049],[-77.30039393299995,3.56999021200005],[-77.3140196089999,3.550302328000043],[-77.33069160899993,3.530664861000048],[-77.33342027999993,3.517209401000059],[-77.36678296199995,3.483629717000042],[-77.37088647199994,3.472383266000065],[-77.36448050199994,3.465427605000059],[-77.33676838999992,3.448217397000064],[-77.33790517699993,3.435512861000063],[-77.33312067599991,3.425718997000047],[-77.34978523099994,3.417024448000063],[-77.35526929199995,3.410503534000043],[-77.36380144499992,3.420309889000066],[-77.36152787099991,3.433349631000056],[-77.36262718199993,3.445175554000059],[-77.37158823099992,3.437935648000064],[-77.3761853499999,3.425576725000042],[-77.38952883799993,3.401952644000062],[-77.40667977399994,3.383343126000057],[-77.40631831499991,3.372271248000061],[-77.41409677299993,3.359246079000059],[-77.42356861399992,3.369292561000066],[-77.43118606099995,3.365628189000063],[-77.46189459099992,3.33364546100006],[-77.47989997299993,3.323103919000062],[-77.4840652179999,3.308565090000059],[-77.4943742339999,3.306197849000057],[-77.50566344299995,3.289980630000059],[-77.52866940399991,3.26142591100006],[-77.54977284299991,3.230461984000044],[-77.54203071499995,3.223890014000062],[-77.52600242599993,3.23421488200006],[-77.51015441499993,3.236478481000063],[-77.50126533799994,3.231672776000039],[-77.50538788699993,3.225173177000045],[-77.49771077499992,3.216449253000064],[-77.49000734999993,3.216344741000057],[-77.48077172299992,3.20901880200006],[-77.46647994599994,3.216453650000062],[-77.46973308999992,3.223110610000049],[-77.45524853599994,3.233451710000054],[-77.45247893499993,3.242179475000057],[-77.43032028999994,3.254073178000056],[-77.41770598999994,3.244369167000059],[-77.41373002199992,3.230596404000039],[-77.40655863099994,3.223824390000061],[-77.40384982499995,3.213701094000044],[-77.39280623099995,3.213978920000045],[-77.38266813699994,3.204297102000055],[-77.38276290999994,3.175608447000059],[-77.36885376099991,3.169614497000055],[-77.3644505879999,3.163431904000049],[-77.36722140599994,3.149824202000048],[-77.34733587199992,3.140084720000061],[-77.34090854699991,3.149661881000043],[-77.33468222199991,3.150924400000065],[-77.31999231399993,3.165621386000055],[-77.31611196999995,3.173864256000059],[-77.30099502099995,3.162457663000055],[-77.28894880199994,3.156429231000061],[-77.27986551399994,3.15937382900006],[-77.27795927199992,3.14949572200004],[-77.28656896199993,3.148561432000065],[-77.2842996739999,3.137483939000049],[-77.27015127999994,3.139825568000049],[-77.2615872099999,3.135143346000064],[-77.2531167969999,3.120662793000065],[-77.23450103899995,3.108079959000065],[-77.21959615199995,3.119537309000066],[-77.21734889999993,3.135586896000063],[-77.20353125499992,3.133739606000063],[-77.19218982899991,3.141409641000052],[-77.17818911099994,3.156937375000041],[-77.15804293399992,3.169687678000059],[-77.1423869379999,3.172122625000043],[-77.12871090899995,3.161493642000039],[-77.11744596999995,3.168869766000057],[-77.1004442439999,3.185553675000051],[-77.07952601999995,3.179984823000041],[-77.06390453599994,3.169211415000063],[-77.0536758049999,3.169874762000063],[-77.03686781399995,3.163958610000066],[-77.03032669599992,3.166968832000066],[-77.01138594199995,3.153241997000066],[-76.99756969999993,3.155124613000055],[-76.99064414399993,3.148098650000065],[-76.98829044899992,3.139091318000055],[-76.9802127129999,3.136232932000041],[-76.97195478499992,3.118848490000062],[-76.93789679699995,3.114356762000057],[-76.92511235699993,3.130505950000043],[-76.9274080639999,3.139628587000061],[-76.91316640999992,3.157646827000065],[-76.91331813399995,3.176698984000041],[-76.90903763599994,3.200521121000065],[-76.89175820199995,3.20224250800004],[-76.87994962099992,3.209639799000058],[-76.85925662699992,3.212357295000061],[-76.8508129299999,3.207330732000059],[-76.84342085499992,3.210313978000045],[-76.81782576099994,3.210457222000059],[-76.81106383299993,3.207432922000066],[-76.78845813299995,3.21819675800009],[-76.78248268899995,3.230192859000056],[-76.77291308199995,3.23370568100006],[-76.7528555369999,3.20993074200004],[-76.7514605479999,3.198756378000041],[-76.73920540299991,3.186136885000053],[-76.74018634499993,3.170823929000051],[-76.74797475499992,3.156320688000051],[-76.74979676599992,3.146217752000041],[-76.7441825599999,3.135646199000064],[-76.72273843399995,3.117650770000068],[-76.69968259199993,3.120198153000047],[-76.68405477399995,3.108163155000057],[-76.67684594699995,3.099576667000065],[-76.66632584399991,3.097978831000091],[-76.65187752999992,3.101515017000054],[-76.64649165899993,3.105986599000062],[-76.64179780199993,3.117816446000063],[-76.62979485699992,3.128414722000059],[-76.62610958399995,3.124024271000053],[-76.6240401149999,3.101757899000063],[-76.61012673899995,3.091238525000051],[-76.59297666299994,3.093563642000049],[-76.59935689499991,3.103687515000047],[-76.58751960899991,3.107683789000077],[-76.5910207789999,3.115658951000057],[-76.5780058869999,3.11804548300006],[-76.57745441999992,3.126545121000049],[-76.56411239999994,3.116393620000053],[-76.5630405309999,3.106924891000062],[-76.54612513699993,3.105901202000041],[-76.53004889699992,3.123859192000054],[-76.51840059799991,3.149990114000047],[-76.51001713399995,3.150287823000042],[-76.50196614899994,3.160485080000058],[-76.50192469699994,3.166581457000063],[-76.49247435899991,3.17613704200005],[-76.49081428599993,3.195901937000087],[-76.49267619999995,3.206456390000085],[-76.46985931299992,3.227194155000063],[-76.47701689899992,3.231792235000057],[-76.46527415299994,3.241162314000064],[-76.46072576599994,3.26583161700006],[-76.47105371799995,3.270082888000047],[-76.47330601099992,3.279812689000039],[-76.48385854199995,3.278480167000055],[-76.49387693699992,3.293437708000056],[-76.48359397099995,3.295655373000045],[-76.47331337199995,3.304255254000054],[-76.47590604699991,3.314086634000091],[-76.45624132499995,3.32581291300005],[-76.44798353099992,3.317235530000062],[-76.42137178599995,3.312360153000043],[-76.40630466899995,3.298768925000047],[-76.37306611399993,3.288067561000048],[-76.35950808199993,3.289411052000048],[-76.34294852499994,3.280576742000051],[-76.3300026899999,3.282649737000042],[-76.31197469099993,3.280529782000087],[-76.30773051099993,3.284488733000046],[-76.2925085999999,3.286723371000051],[-76.27687065799995,3.277673248000042],[-76.25115540199994,3.279270405000091],[-76.23814617799991,3.275513864000061],[-76.2292590589999,3.276831383000058],[-76.2065337059999,3.258303996000052],[-76.20269108999992,3.242582193000089],[-76.19165017599994,3.227347759000054],[-76.16773652299992,3.23183031700006],[-76.15636074799994,3.236033435000081],[-76.14600698599992,3.222667952000052],[-76.13729407099993,3.225097302000052],[-76.11685987999994,3.222676583000066],[-76.11251159299991,3.226662107000038],[-76.08794418499991,3.21940724600006],[-76.06780702499992,3.21051396900009],[-76.06137858099993,3.21337728900005],[-76.05541877699994,3.223351860000093],[-76.05949994799994,3.230630587000064],[-76.05499769199992,3.237081025000066],[-76.03984092099995,3.24795706000009],[-76.0408188799999,3.258893064000063],[-76.04802864299995,3.265067763000047],[-76.05054373599995,3.282022615000074],[-76.04309126499993,3.288390054000047],[-76.0378302769999,3.300975021000056],[-76.0448948849999,3.319128746000047],[-76.05602084299994,3.328519637000056],[-76.05197076099995,3.336274925000055],[-76.05509631899992,3.347940726000047],[-76.0612158369999,3.354549753000072],[-76.04737788299991,3.36543606400005],[-76.04695909899993,3.374497052000038],[-76.03144753599992,3.382281649000049],[-76.02906555099992,3.390011138000091],[-76.0420431789999,3.39516965200005],[-76.0425038759999,3.409486035000043],[-76.03864445099993,3.417257043000063],[-76.04129566099994,3.438280589000044],[-76.03685481899993,3.452650141000049],[-76.02888421499995,3.452574299000048],[-76.02707958899992,3.466328977000046],[-76.02172854799994,3.479535978000058],[-76.02743871899992,3.487068729000043],[-76.01466266499995,3.508023966000053],[-76.0014063079999,3.52006097900005],[-76.00318994899993,3.527895925000053],[-75.99786704099995,3.53316280100006],[-75.99405921499994,3.546138107000047],[-75.98395140899993,3.559920515000044],[-75.98928959799991,3.575461261000044],[-75.98458315199991,3.58903309100009],[-75.99173231399993,3.599519936000092],[-75.99373121299993,3.609329979000051],[-75.98662852099994,3.623649575000059],[-75.9935813049999,3.635806243000047],[-75.98870579099992,3.642609124000046],[-75.97708450399995,3.643751265000049],[-75.97537842999992,3.657949508000058],[-75.96569164499994,3.664745247000042],[-75.95801788199992,3.663674491000052],[-75.95011807299994,3.67701850800006],[-75.96069805299993,3.696539477000044],[-75.95556399799995,3.713634591000073],[-75.94546420699993,3.71589969300004],[-75.94520246299993,3.726381221000054],[-75.92999771199993,3.739206514000045],[-75.9221335929999,3.738611649000063],[-75.91569714999991,3.750853976000087],[-75.91608975699995,3.758753787000046],[-75.90663089199995,3.781249247000062],[-75.90134835499993,3.785090255000057],[-75.9032585249999,3.796609741000054],[-75.89378564399993,3.801794484000084],[-75.8928305629999,3.813177531000065],[-75.88369350199991,3.813979911000047],[-75.87179380899994,3.82429227700004],[-75.8644638049999,3.836491921000061],[-75.86110211199991,3.848984692000045],[-75.85311663999994,3.854305167000064],[-75.8608462919999,3.862487858000065],[-75.86159055899992,3.873863201000063],[-75.85684906099993,3.883004180000057],[-75.84197991299993,3.897149249000051],[-75.83379965299991,3.909587532000046],[-75.82869147199995,3.903590002000044],[-75.82000843499992,3.910679840000057],[-75.80730592099991,3.930605749000051],[-75.8090082459999,3.936815369000044],[-75.80550360899991,3.953059453000037],[-75.79751624499994,3.959866826000052],[-75.7914673379999,3.971045968000055],[-75.79526276799993,4.005061921000049],[-75.78400351999994,4.00822213500004],[-75.77728608299992,4.003457997000055],[-75.76939170499992,4.020723113000088],[-75.7616755869999,4.024515491000045],[-75.74819307099995,4.040189510000062],[-75.7377874629999,4.055658778000065],[-75.7473576559999,4.063411063000046],[-75.75239640699994,4.077390709000042],[-75.77444728899991,4.076220912000053],[-75.7883421379999,4.087942253000051],[-75.80232103499992,4.093470461000038],[-75.83960028199994,4.101337168000043],[-75.83388660799994,4.109873053000058],[-75.84095401199994,4.121816725000087],[-75.8418540369999,4.156130601000086],[-75.83782009099991,4.159241319000046],[-75.8329440999999,4.173963670000091],[-75.82726579299992,4.182062332000044],[-75.81942702599991,4.202423030000091],[-75.8249039719999,4.21181112000005],[-75.8224950419999,4.228742760000046],[-75.81026150999992,4.247300194000047],[-75.80815438899992,4.255068657000038],[-75.79865672099993,4.263776872000051],[-75.79295992599992,4.285591042000078],[-75.78730944299991,4.294599648000087],[-75.79481148399992,4.304073003000042],[-75.79655681199995,4.321932857000093],[-75.79142354399994,4.334171182000091],[-75.79369900799992,4.341389570000047],[-75.79005663399994,4.353305466000052],[-75.80327491799994,4.367918619000079],[-75.80474245099992,4.384815484000057],[-75.80314851599991,4.396065787000055],[-75.82857386699993,4.407332362000091],[-75.8401886449999,4.401502916000084],[-75.85825340799994,4.414980966000087],[-75.86927148199993,4.409883273000048],[-75.88460692799993,4.410890269000049],[-75.8956010309999,4.423712429000091],[-75.88755581499993,4.430118404000041],[-75.88796984099992,4.439191290000053],[-75.88135969799993,4.448392664000039],[-75.86929871299992,4.454573483000047],[-75.87890697599994,4.460626832000059],[-75.88121981199993,4.469031090000044],[-75.87329059899992,4.471744131000094],[-75.87177494399992,4.480373416000077],[-75.87841285499991,4.484898263000048],[-75.87259361899993,4.499247217000061],[-75.87164449699992,4.52370114200005],[-75.87755288699992,4.525564873000064],[-75.87909189399994,4.53909501000004],[-75.87047256599993,4.54760860600004],[-75.86774912399994,4.572565947000044],[-75.87107543899992,4.586254575000055],[-75.85985594399995,4.594718435000061],[-75.86686952199994,4.608150987000045],[-75.8488185679999,4.629850735000048],[-75.84771925699994,4.63845010600005],[-75.83672614699992,4.643994251000038],[-75.82495449499993,4.663501351000093],[-75.8064871869999,4.657690893000051],[-75.78942097599992,4.660000248000074],[-75.78231482599995,4.652633301000037],[-75.77175098999993,4.654478724000057],[-75.75787292299992,4.650743780000084],[-75.73656249299995,4.655090198000039],[-75.7248309769999,4.652010655000083],[-75.70723569599994,4.657076749000055],[-75.71360663299993,4.713757300000054]]]},"properties":{"DPTO_CCDGO":"76","DPTO_CNMBR":"VALLE DEL CAUCA","DPTO_ANO_C":1910,"DPTO_ACT_A":"Decreto No 340 de 16 de Abril de 1910","DPTO_NAREA":20665.6567847,"DPTO_CSMBL":"3","DPTO_VGNC":2021,"Shape_Leng":12.6556970925,"Shape_Area":1.67949570523}},
{"type":"Feature","geometry":{"type":"Polygon","coordinates":[[[-69.42755517199993,6.10729693400009],[-69.58579200799994,6.307768816000078],[-69.71745061399992,6.474419387000069],[-69.81409032399995,6.596785308000051],[-69.92742518699993,6.740177588000051],[-69.98520078899992,6.813247947000093],[-70.10066350699992,6.959192869000049],[-70.11780200599992,6.979412321000041],[-70.1330804079999,6.975079414000049],[-70.14526327099992,6.978985702000045],[-70.14960178299992,6.984300297000061],[-70.17414111499994,6.976477536000061],[-70.17942803299991,6.979307371000061],[-70.1924885759999,6.976357457000063],[-70.20507730599991,6.978316861000053],[-70.21182126399992,6.974410997000064],[-70.22433276499993,6.974719692000065],[-70.23037367499995,6.965398730000061],[-70.2440707639999,6.959724709000056],[-70.25660480399995,6.946888538000053],[-70.26649032499995,6.941019717000074],[-70.2817087279999,6.940449710000053],[-70.29365944699992,6.934094195000057],[-70.3093730029999,6.937325100000066],[-70.32238755199995,6.934567947000062],[-70.32857893899995,6.940882015000057],[-70.34415008399992,6.944433720000063],[-70.3613331489999,6.965972374000046],[-70.37126980099993,6.972078044000057],[-70.3712926899999,6.980199760000062],[-70.38843093699995,6.985389055000041],[-70.3968138809999,6.981518934000064],[-70.40279308499993,6.987868037000055],[-70.4166710049999,6.980871293000064],[-70.42770340399994,6.993780211000058],[-70.43056176199991,7.007026956000061],[-70.44069696899993,7.007404732000055],[-70.4476547619999,7.002604990000066],[-70.45242061199991,7.01105302700006],[-70.45927477499993,7.00329742200006],[-70.47524849199993,7.001680442000065],[-70.49052094699994,7.008981850000055],[-70.50312065399993,7.006203470000059],[-70.51649447499994,7.03136631600006],[-70.52772328199995,7.041346084000054],[-70.5383748669999,7.040189817000055],[-70.54164477899991,7.04870655700006],[-70.5354711789999,7.053472451000061],[-70.54867564999995,7.073968729000057],[-70.56754671199991,7.080844721000062],[-70.58479296399992,7.06915391800004],[-70.60868426999991,7.063988435000056],[-70.62451735499991,7.070524535000061],[-70.64076208799992,7.068752499000084],[-70.6478892099999,7.078711661000057],[-70.6709467629999,7.085061843000062],[-70.6886719069999,7.104128720000062],[-70.6970442679999,7.094008497000061],[-70.71503927499992,7.093959595000058],[-70.7336496229999,7.088948907000088],[-70.74228230799991,7.088929871000062],[-70.7583769819999,7.097476895000057],[-70.7698641529999,7.088936411000077],[-70.7774317059999,7.076685165000072],[-70.78759641599993,7.083378052000057],[-70.81446384899994,7.07877344700006],[-70.82156560599992,7.070169212000053],[-70.8350567299999,7.077835203000063],[-70.84785731799991,7.074550305000059],[-70.85229990099992,7.060564120000038],[-70.86104620399993,7.054619582000043],[-70.87238261899995,7.063992487000064],[-70.88404043399993,7.064757015000055],[-70.89532056999991,7.059318103000066],[-70.90768269099993,7.041283411000052],[-70.91547099299993,7.052742760000058],[-70.92738496299995,7.046227243000089],[-70.92365470899995,7.022489989000064],[-70.93727703199994,7.018443302000037],[-70.93867248399994,7.012747058000059],[-70.96287208199993,7.017438636000065],[-70.97383310099991,7.01345352900006],[-70.97541895099994,7.004149321000057],[-70.99138607399993,6.990417197000056],[-70.9954417429999,6.983075542000051],[-71.02204930999994,6.974028046000058],[-71.04135557899991,6.982100206000041],[-71.06594907999994,6.980424084000049],[-71.07279690999991,6.982913109000037],[-71.09102952199993,6.983380882000063],[-71.09608063199994,6.987680352000041],[-71.11167099199992,6.989927641000065],[-71.11135979799991,7.012104019000049],[-71.12087053999994,7.011121],[-71.12296004799992,7.022757167000066],[-71.1285781119999,7.032237473000066],[-71.1450788599999,7.032489703000067],[-71.1501515299999,7.026991205000058],[-71.16599748899995,7.026561227000059],[-71.19147212099995,7.01895565600006],[-71.20182522099992,7.02484749100006],[-71.21223854699991,7.019037188000084],[-71.22792009499994,7.027410126000063],[-71.23943012799992,7.012250254000037],[-71.24930758999994,7.018741381000041],[-71.25857487099995,7.019133496000052],[-71.26240814399995,7.030138722000061],[-71.26976792399995,7.03119597500006],[-71.28654097999993,7.024459078000064],[-71.29963919799991,7.028752656000052],[-71.30917878499992,7.023452668000061],[-71.33399572399992,7.016897680000056],[-71.35861533099995,7.019530006000082],[-71.36739950599991,7.015859857000066],[-71.37902210699991,7.017992144000061],[-71.39174485599995,7.035942755000065],[-71.41152477999992,7.035354880000057],[-71.42436141399992,7.038929817000053],[-71.43147579399994,7.034026674000074],[-71.4352778789999,7.025180723000062],[-71.4468857299999,7.028125111000065],[-71.44923888499994,7.013893173000042],[-71.4587797929999,7.013511398000048],[-71.45829898699992,7.036440395000056],[-71.46522642699995,7.042229587000065],[-71.47232858799993,7.033687885000063],[-71.46920214499994,7.023535062000064],[-71.4757439739999,7.016301512000041],[-71.48597149099993,7.016480339000054],[-71.49190924699991,7.031428532000064],[-71.50438307299993,7.032600699000056],[-71.51403865099991,7.021439536000059],[-71.53425714999992,7.034878259000038],[-71.54030618999991,7.03474798700006],[-71.55601421999995,7.027255577000062],[-71.57441014499994,7.026115220000065],[-71.58151105799993,7.018568878000053],[-71.5908656009999,7.018620908000059],[-71.5923771969999,7.032699874000059],[-71.58440585199992,7.042989300000045],[-71.58397884699991,7.051899504000062],[-71.59190252699995,7.054693864000058],[-71.59538734299991,7.047775166000065],[-71.6167099079999,7.042579068000066],[-71.62496100899995,7.044682959000056],[-71.6309053889999,7.051591293000058],[-71.6403842659999,7.05351919900005],[-71.64844337999995,7.050353599000061],[-71.65585761599993,7.036679947000039],[-71.66425348599995,7.033010923000063],[-71.67729186799994,7.038052198000059],[-71.69747022099995,7.036703536000061],[-71.70501032899995,7.032519573000059],[-71.7145542639999,7.034500401000059],[-71.71769864599992,7.053872651000063],[-71.73541639699994,7.058271692000062],[-71.74621611399994,7.065732712000056],[-71.76698457099991,7.066263053000057],[-71.79491888799993,7.062731961000054],[-71.81194379499993,7.062394654000059],[-71.8257848749999,7.055603910000059],[-71.8219440389999,7.037146022000059],[-71.83495930599992,7.025661571000057],[-71.85167459099995,7.027815524000061],[-71.86238815099995,7.020508],[-71.87778667599991,7.018115373000057],[-71.88895452299994,7.02139746000006],[-71.90771442699992,7.015945439000063],[-71.91532379499995,7.017115208000064],[-71.92771723999994,7.008433566000065],[-71.93775220399993,7.00617191300006],[-71.9488539159999,7.011323104000041],[-71.9601540999999,7.001604440000051],[-71.96186777699995,6.989651317000039],[-71.9777675489999,6.965143264000062],[-71.98051267099993,6.954858581000053],[-71.9937252069999,6.926994215000093],[-71.99657381799994,6.90893748700006],[-72.01753480399992,6.867612239000039],[-72.01807072299994,6.860862329000042],[-72.03454534499991,6.829704956000057],[-72.03874461599992,6.814305915000091],[-72.03851623399993,6.794376215000057],[-72.04441321299993,6.787238001000048],[-72.05078606099994,6.768636307000065],[-72.05990164099995,6.767522822000046],[-72.07867744299995,6.750897196000039],[-72.09269380899991,6.753775050000058],[-72.10013175899991,6.746472721000089],[-72.0949562099999,6.729647807000049],[-72.10002189099993,6.723698368000044],[-72.09931996499995,6.696896182000046],[-72.09505826299994,6.683987580000064],[-72.0984580029999,6.679315907000046],[-72.09128874699991,6.648472299000048],[-72.09466925799995,6.634507312000039],[-72.11281631299994,6.612115459000051],[-72.11199157099992,6.591630508000037],[-72.11825793399993,6.579319720000058],[-72.12397923999993,6.540067211000064],[-72.12890417199992,6.524944055000049],[-72.13864632199994,6.514223615000049],[-72.15317053599995,6.51336950600006],[-72.16688103299992,6.500735287000055],[-72.1778840099999,6.496758421000038],[-72.17288151299994,6.480238285000041],[-72.1747464419999,6.463005668000051],[-72.18164418099991,6.459420847000047],[-72.20290449599992,6.468902777000039],[-72.2129947219999,6.465978995000057],[-72.21687902299993,6.455785897000055],[-72.21544261199995,6.44601491800006],[-72.2190274049999,6.438384950000057],[-72.2328985549999,6.423329633000037],[-72.24597092599993,6.420487607000041],[-72.24794784799991,6.429304172000059],[-72.2605618579999,6.442230580000057],[-72.27149525999994,6.436582231000045],[-72.27179180799993,6.427830115000063],[-72.28239673299993,6.416291741000066],[-72.28669161499994,6.39607972500005],[-72.2810846079999,6.393460461000075],[-72.28398157999993,6.378431693000039],[-72.29177501399994,6.376986539000086],[-72.30210824099993,6.359269951000044],[-72.31549284899995,6.35771313500004],[-72.3170922139999,6.334699436000051],[-72.33395361099991,6.337799018000055],[-72.33853933799992,6.345551899000043],[-72.34626388799995,6.341022625000051],[-72.35227976499993,6.331155523000064],[-72.35323550899994,6.319346968000048],[-72.36238052999994,6.314183138000089],[-72.36662389499992,6.306891566000047],[-72.35929802499993,6.285193735000064],[-72.36367216399992,6.27080518300005],[-72.35848404899991,6.25729612300006],[-72.34684666399994,6.243604984000058],[-72.34396148899992,6.226212977000046],[-72.33891298599991,6.221053520000055],[-72.32949830699994,6.220878359000039],[-72.32477121199992,6.20978907500006],[-72.31362227699992,6.20659250500006],[-72.29203013299991,6.20411749100009],[-72.28480820099992,6.196922912000048],[-72.28728140899995,6.188533151000058],[-72.28224453399991,6.176307957000063],[-72.28903750399991,6.163203915000054],[-72.2797453469999,6.156779400000062],[-72.27746715799992,6.136632894000059],[-72.26120941499994,6.12228744500004],[-72.25673065099994,6.122013304000063],[-72.22408784599992,6.104574487000093],[-72.21293425999994,6.10383255000005],[-72.19110517599995,6.094913357000053],[-72.18709634299995,6.089117960000067],[-72.15684685999992,6.072032092000086],[-72.1376617169999,6.066610132000051],[-72.12597592399993,6.068191535000039],[-72.11187654499992,6.07574320000009],[-72.09202950699995,6.094747359000053],[-72.07744422899992,6.112930118000065],[-72.0518139799999,6.121934140000064],[-72.03830148899993,6.12099254900005],[-72.01041074199992,6.129982941000037],[-71.98848947099992,6.148793484000066],[-71.9606766949999,6.166715468000064],[-71.93677748899995,6.170228147000046],[-71.90969828899995,6.160435705000054],[-71.87939256499993,6.159145502000058],[-71.86280482299992,6.162140391000094],[-71.8437691439999,6.171972721000088],[-71.83064387199994,6.184914171000059],[-71.82174626299991,6.18752696100006],[-71.79053401499993,6.189504204000059],[-71.77678698799991,6.193356146000042],[-71.74477632599991,6.191155412000057],[-71.73887436099994,6.193056047000084],[-71.69391279699994,6.190366601000051],[-71.66731505899992,6.191800791000048],[-71.64449837199993,6.207576901000039],[-71.64267303399993,6.221266917000094],[-71.6140053769999,6.226829022000061],[-71.6078313189999,6.208874068000057],[-71.59537932899991,6.212140112000043],[-71.58966286899994,6.209226899000043],[-71.57893804199995,6.193590577000066],[-71.5750039589999,6.204647383000065],[-71.56855617999992,6.212093913000047],[-71.55804308899991,6.197385200000042],[-71.55068142499994,6.198922993000053],[-71.55143909499992,6.21212866400009],[-71.5385083459999,6.209785910000051],[-71.5330229889999,6.213963111000055],[-71.50355850099993,6.199900802000059],[-71.50143170799993,6.212296761000061],[-71.4928786559999,6.213977018000037],[-71.48764768099994,6.201425395000058],[-71.4707382709999,6.212174124000057],[-71.46177280199993,6.211642402000052],[-71.45634203899994,6.222890986000039],[-71.44453182699993,6.214346191000061],[-71.43813946599994,6.218417815000066],[-71.43917076999992,6.230224030000045],[-71.4497557919999,6.241891985000052],[-71.44650728199991,6.246200737000038],[-71.4324815729999,6.237635717000046],[-71.42568443599993,6.226673081000058],[-71.41763165099991,6.225606493000043],[-71.41699229299991,6.242603160000044],[-71.40417698999994,6.241960511000059],[-71.39795801799994,6.237370741000063],[-71.37998069799994,6.240271505000067],[-71.36383142199992,6.22858597600009],[-71.34531974899994,6.231354256000088],[-71.34290518199992,6.243527357000062],[-71.33313268899991,6.243831253000053],[-71.33089771699991,6.25726028400004],[-71.31801492599993,6.253587859000049],[-71.31126191299995,6.256521729000042],[-71.30268972599993,6.268787094000061],[-71.2855369319999,6.275104436000049],[-71.27597168099993,6.27193806400004],[-71.26569509199993,6.285070784000084],[-71.25645784399995,6.279870302000063],[-71.25095567699992,6.271468438000056],[-71.23660729499994,6.263637485000061],[-71.23523525399992,6.272849103000055],[-71.21953444899992,6.298403318000055],[-71.20797223299991,6.288197448000062],[-71.19003698799992,6.278287],[-71.18173588199994,6.281198028000063],[-71.1742747959999,6.275763643000062],[-71.16032971399994,6.271918851000066],[-71.15814772999994,6.26292329100005],[-71.14135375599994,6.26460994200005],[-71.13192325099993,6.259921649000091],[-71.1268197199999,6.272320236000041],[-71.11895822199995,6.274311501000057],[-71.11679606899992,6.265392320000046],[-71.1069644019999,6.266407400000048],[-71.09667400199993,6.277700612000046],[-71.08875486099993,6.276954369000066],[-71.08323445399992,6.269110684000054],[-71.07086528499991,6.264510906000055],[-71.0635520049999,6.255804314000045],[-71.03360366399994,6.257338701000037],[-71.01142313299994,6.254148127000065],[-70.98402649899992,6.228772607000053],[-70.97213613499991,6.235694487000046],[-70.95252603799992,6.23510628300005],[-70.9439411919999,6.227470633000053],[-70.9354335889999,6.225785357000063],[-70.92999085799994,6.230535757000041],[-70.91574285899992,6.235085661000085],[-70.90585053099994,6.231419153000047],[-70.89508725999991,6.235388602000057],[-70.88947091699993,6.229429252000045],[-70.87918951599994,6.231913708000093],[-70.86934339299995,6.221646013000054],[-70.86331750999994,6.224466775000053],[-70.86431678399993,6.236501536000048],[-70.8481309039999,6.236327266000046],[-70.83086777599993,6.23916655700009],[-70.8210830509999,6.251866102000065],[-70.80641103399995,6.250083502000052],[-70.7964664779999,6.253429976000064],[-70.78722316799991,6.251053700000057],[-70.77976819199995,6.242120748000048],[-70.77216086399994,6.244136343000093],[-70.76939067099994,6.228736240000046],[-70.75420634499994,6.231449698000063],[-70.7449372769999,6.22447657400005],[-70.73221026099992,6.22722021900006],[-70.7237628119999,6.217027073000054],[-70.71373786799995,6.225114162000068],[-70.70509084799994,6.221246668000049],[-70.69176044199992,6.227366637000046],[-70.67832486399993,6.220408894000059],[-70.67136300699991,6.225950259000058],[-70.64823323699994,6.230928303000042],[-70.64116504299994,6.235157168000057],[-70.6310229689999,6.227145893000056],[-70.62434629099994,6.234748223000054],[-70.61728282199994,6.233306627000047],[-70.6097462059999,6.239759622000065],[-70.60035304699994,6.236844370000085],[-70.57516380599992,6.241979066000056],[-70.56870117199992,6.239848376000054],[-70.5560914699999,6.245463051000058],[-70.55066687399994,6.238165515000048],[-70.5432504449999,6.245532412000045],[-70.5367111779999,6.243650070000058],[-70.5305474509999,6.23009300700005],[-70.51740364099993,6.234289876000048],[-70.50297357199992,6.247124],[-70.48209792799992,6.250797058000046],[-70.47763604699992,6.263962156000048],[-70.46472390699995,6.265310905000092],[-70.44904209899994,6.273510203000058],[-70.42834146899992,6.279657299000064],[-70.43069382699991,6.291502482000055],[-70.40680838999992,6.291400598000052],[-70.3904005839999,6.29322019500006],[-70.38028663599994,6.302387449000094],[-70.36710591999991,6.302728517000048],[-70.35569843499991,6.295924588000048],[-70.33065652599993,6.293766178000055],[-70.3223853909999,6.288640697000062],[-70.32320497799992,6.279850089000092],[-70.31340275899993,6.279686352000056],[-70.30762441399992,6.28679502500006],[-70.29855221299994,6.277989845000093],[-70.28945631599993,6.285153151000088],[-70.27330472199992,6.274393133000046],[-70.25451750099995,6.286833748000049],[-70.23873880199994,6.286330217000057],[-70.22393508599993,6.292765381000038],[-70.20965816799992,6.287718116000065],[-70.1994246239999,6.295356233000064],[-70.18510109399995,6.282742774000042],[-70.17670999699993,6.278960623000046],[-70.16821184799994,6.285285342000066],[-70.16316849499992,6.298284288000048],[-70.1545634819999,6.297162744000047],[-70.15445106999994,6.276170788000059],[-70.14705458399993,6.267844740000044],[-70.13515409799993,6.270617083000047],[-70.12509930199991,6.265060727000048],[-70.12093524699992,6.25804131700005],[-70.1200429509999,6.241147141000056],[-70.11474864999991,6.232819028000051],[-70.0972596119999,6.233949273000064],[-70.08078184499993,6.217649963000042],[-70.06388767199991,6.209083906000046],[-70.06376869899992,6.190821541000048],[-70.05877182699993,6.184634943000049],[-70.04782631099994,6.186598],[-70.04116381999995,6.178031938000061],[-70.05883131799993,6.172797125000045],[-70.06240050899993,6.163219795000089],[-70.05097909599993,6.155546033000064],[-70.04163971199995,6.155248601000039],[-70.0299803499999,6.161792118000051],[-70.0071970109999,6.149180975000093],[-69.99648943799991,6.153939896000054],[-69.9921469219999,6.165837202000091],[-69.98239113399995,6.158579847000055],[-69.98697159599993,6.140020050000089],[-69.97775118399994,6.13383345200009],[-69.95316334099994,6.143128171000058],[-69.9435787569999,6.139149137000061],[-69.9362837729999,6.128442783000082],[-69.9325501589999,6.11665455800005],[-69.91088756499994,6.105270267000037],[-69.89949158499991,6.096273441000051],[-69.90408995999991,6.072881692000067],[-69.89904519099991,6.062436795000053],[-69.88700817499995,6.050234842000066],[-69.86819605599993,6.04167013600005],[-69.83590992199993,6.041260879000049],[-69.80418080899994,6.055369719000055],[-69.7843168739999,6.058551863000048],[-69.74385410299993,6.042954264000059],[-69.70449497499993,6.045654761000037],[-69.68257957799995,6.038423383000065],[-69.65777548599993,6.039794310000048],[-69.6395439289999,6.036569101000055],[-69.61396126699992,6.036349347000055],[-69.57100636399991,6.044454489000088],[-69.5356973829999,6.045197261000055],[-69.50282811599993,6.059163664000039],[-69.48551644899993,6.07002121000005],[-69.45321578099993,6.082983329000058],[-69.4447916659999,6.090142851000053],[-69.43586877199994,6.104606445000059],[-69.42755517199993,6.10729693400009]]]},"properties":{"DPTO_CCDGO":"81","DPTO_CNMBR":"ARAUCA","DPTO_ANO_C":1991,"DPTO_ACT_A":"5 de Julio Constitucion Politica de 1991","DPTO_NAREA":23851.2570588,"DPTO_CSMBL":"3","DPTO_VGNC":2021,"Shape_Leng":9.1245855841,"Shape_Area":1.94415690405}},
{"type":"Feature","geometry":{"type":"Polygon","coordinates":[[[-69.83590992199993,6.041260879000049],[-69.86819605599993,6.04167013600005],[-69.88700817499995,6.050234842000066],[-69.89904519099991,6.062436795000053],[-69.90408995999991,6.072881692000067],[-69.89949158499991,6.096273441000051],[-69.91088756499994,6.105270267000037],[-69.9325501589999,6.11665455800005],[-69.9362837729999,6.128442783000082],[-69.9435787569999,6.139149137000061],[-69.95316334099994,6.143128171000058],[-69.97775118399994,6.13383345200009],[-69.98697159599993,6.140020050000089],[-69.98239113399995,6.158579847000055],[-69.9921469219999,6.165837202000091],[-69.99648943799991,6.153939896000054],[-70.0071970109999,6.149180975000093],[-70.0299803499999,6.161792118000051],[-70.04163971199995,6.155248601000039],[-70.05097909599993,6.155546033000064],[-70.06240050899993,6.163219795000089],[-70.05883131799993,6.172797125000045],[-70.04116381999995,6.178031938000061],[-70.04782631099994,6.186598],[-70.05877182699993,6.184634943000049],[-70.06376869899992,6.190821541000048],[-70.06388767199991,6.209083906000046],[-70.08078184499993,6.217649963000042],[-70.0972596119999,6.233949273000064],[-70.11474864999991,6.232819028000051],[-70.1200429509999,6.241147141000056],[-70.12093524699992,6.25804131700005],[-70.12509930199991,6.265060727000048],[-70.13515409799993,6.270617083000047],[-70.14705458399993,6.267844740000044],[-70.15445106999994,6.276170788000059],[-70.1545634819999,6.297162744000047],[-70.16316849499992,6.298284288000048],[-70.16821184799994,6.285285342000066],[-70.17670999699993,6.278960623000046],[-70.18510109399995,6.282742774000042],[-70.1994246239999,6.295356233000064],[-70.20965816799992,6.287718116000065],[-70.22393508599993,6.292765381000038],[-70.23873880199994,6.286330217000057],[-70.25451750099995,6.286833748000049],[-70.27330472199992,6.274393133000046],[-70.28945631599993,6.285153151000088],[-70.29855221299994,6.277989845000093],[-70.30762441399992,6.28679502500006],[-70.31340275899993,6.279686352000056],[-70.32320497799992,6.279850089000092],[-70.3223853909999,6.288640697000062],[-70.33065652599993,6.293766178000055],[-70.35569843499991,6.295924588000048],[-70.36710591999991,6.302728517000048],[-70.38028663599994,6.302387449000094],[-70.3904005839999,6.29322019500006],[-70.40680838999992,6.291400598000052],[-70.43069382699991,6.291502482000055],[-70.42834146899992,6.279657299000064],[-70.44904209899994,6.273510203000058],[-70.46472390699995,6.265310905000092],[-70.47763604699992,6.263962156000048],[-70.48209792799992,6.250797058000046],[-70.50297357199992,6.247124],[-70.51740364099993,6.234289876000048],[-70.5305474509999,6.23009300700005],[-70.5367111779999,6.243650070000058],[-70.5432504449999,6.245532412000045],[-70.55066687399994,6.238165515000048],[-70.5560914699999,6.245463051000058],[-70.56870117199992,6.239848376000054],[-70.57516380599992,6.241979066000056],[-70.60035304699994,6.236844370000085],[-70.6097462059999,6.239759622000065],[-70.61728282199994,6.233306627000047],[-70.62434629099994,6.234748223000054],[-70.6310229689999,6.227145893000056],[-70.64116504299994,6.235157168000057],[-70.64823323699994,6.230928303000042],[-70.67136300699991,6.225950259000058],[-70.67832486399993,6.220408894000059],[-70.69176044199992,6.227366637000046],[-70.70509084799994,6.221246668000049],[-70.71373786799995,6.225114162000068],[-70.7237628119999,6.217027073000054],[-70.73221026099992,6.22722021900006],[-70.7449372769999,6.22447657400005],[-70.75420634499994,6.231449698000063],[-70.76939067099994,6.228736240000046],[-70.77216086399994,6.244136343000093],[-70.77976819199995,6.242120748000048],[-70.78722316799991,6.251053700000057],[-70.7964664779999,6.253429976000064],[-70.80641103399995,6.250083502000052],[-70.8210830509999,6.251866102000065],[-70.83086777599993,6.23916655700009],[-70.8481309039999,6.236327266000046],[-70.86431678399993,6.236501536000048],[-70.86331750999994,6.224466775000053],[-70.86934339299995,6.221646013000054],[-70.87918951599994,6.231913708000093],[-70.88947091699993,6.229429252000045],[-70.89508725999991,6.235388602000057],[-70.90585053099994,6.231419153000047],[-70.91574285899992,6.235085661000085],[-70.92999085799994,6.230535757000041],[-70.9354335889999,6.225785357000063],[-70.9439411919999,6.227470633000053],[-70.95252603799992,6.23510628300005],[-70.97213613499991,6.235694487000046],[-70.98402649899992,6.228772607000053],[-71.01142313299994,6.254148127000065],[-71.03360366399994,6.257338701000037],[-71.0635520049999,6.255804314000045],[-71.07086528499991,6.264510906000055],[-71.08323445399992,6.269110684000054],[-71.08875486099993,6.276954369000066],[-71.09667400199993,6.277700612000046],[-71.1069644019999,6.266407400000048],[-71.11679606899992,6.265392320000046],[-71.11895822199995,6.274311501000057],[-71.1268197199999,6.272320236000041],[-71.13192325099993,6.259921649000091],[-71.14135375599994,6.26460994200005],[-71.15814772999994,6.26292329100005],[-71.16032971399994,6.271918851000066],[-71.1742747959999,6.275763643000062],[-71.18173588199994,6.281198028000063],[-71.19003698799992,6.278287],[-71.20797223299991,6.288197448000062],[-71.21953444899992,6.298403318000055],[-71.23523525399992,6.272849103000055],[-71.23660729499994,6.263637485000061],[-71.25095567699992,6.271468438000056],[-71.25645784399995,6.279870302000063],[-71.26569509199993,6.285070784000084],[-71.27597168099993,6.27193806400004],[-71.2855369319999,6.275104436000049],[-71.30268972599993,6.268787094000061],[-71.31126191299995,6.256521729000042],[-71.31801492599993,6.253587859000049],[-71.33089771699991,6.25726028400004],[-71.33313268899991,6.243831253000053],[-71.34290518199992,6.243527357000062],[-71.34531974899994,6.231354256000088],[-71.36383142199992,6.22858597600009],[-71.37998069799994,6.240271505000067],[-71.39795801799994,6.237370741000063],[-71.40417698999994,6.241960511000059],[-71.41699229299991,6.242603160000044],[-71.41763165099991,6.225606493000043],[-71.42568443599993,6.226673081000058],[-71.4324815729999,6.237635717000046],[-71.44650728199991,6.246200737000038],[-71.4497557919999,6.241891985000052],[-71.43917076999992,6.230224030000045],[-71.43813946599994,6.218417815000066],[-71.44453182699993,6.214346191000061],[-71.45634203899994,6.222890986000039],[-71.46177280199993,6.211642402000052],[-71.4707382709999,6.212174124000057],[-71.48764768099994,6.201425395000058],[-71.4928786559999,6.213977018000037],[-71.50143170799993,6.212296761000061],[-71.50355850099993,6.199900802000059],[-71.5330229889999,6.213963111000055],[-71.5385083459999,6.209785910000051],[-71.55143909499992,6.21212866400009],[-71.55068142499994,6.198922993000053],[-71.55804308899991,6.197385200000042],[-71.56855617999992,6.212093913000047],[-71.5750039589999,6.204647383000065],[-71.57893804199995,6.193590577000066],[-71.58966286899994,6.209226899000043],[-71.59537932899991,6.212140112000043],[-71.6078313189999,6.208874068000057],[-71.6140053769999,6.226829022000061],[-71.64267303399993,6.221266917000094],[-71.64449837199993,6.207576901000039],[-71.66731505899992,6.191800791000048],[-71.69391279699994,6.190366601000051],[-71.73887436099994,6.193056047000084],[-71.74477632599991,6.191155412000057],[-71.77678698799991,6.193356146000042],[-71.79053401499993,6.189504204000059],[-71.82174626299991,6.18752696100006],[-71.83064387199994,6.184914171000059],[-71.8437691439999,6.171972721000088],[-71.86280482299992,6.162140391000094],[-71.87939256499993,6.159145502000058],[-71.90969828899995,6.160435705000054],[-71.93677748899995,6.170228147000046],[-71.9606766949999,6.166715468000064],[-71.98848947099992,6.148793484000066],[-72.01041074199992,6.129982941000037],[-72.03830148899993,6.12099254900005],[-72.0518139799999,6.121934140000064],[-72.07744422899992,6.112930118000065],[-72.09202950699995,6.094747359000053],[-72.11187654499992,6.07574320000009],[-72.12597592399993,6.068191535000039],[-72.1376617169999,6.066610132000051],[-72.15684685999992,6.072032092000086],[-72.18709634299995,6.089117960000067],[-72.19110517599995,6.094913357000053],[-72.21293425999994,6.10383255000005],[-72.22408784599992,6.104574487000093],[-72.25673065099994,6.122013304000063],[-72.26120941499994,6.12228744500004],[-72.27746715799992,6.136632894000059],[-72.2797453469999,6.156779400000062],[-72.28903750399991,6.163203915000054],[-72.28224453399991,6.176307957000063],[-72.28728140899995,6.188533151000058],[-72.28480820099992,6.196922912000048],[-72.29203013299991,6.20411749100009],[-72.31362227699992,6.20659250500006],[-72.32477121199992,6.20978907500006],[-72.32949830699994,6.220878359000039],[-72.33891298599991,6.221053520000055],[-72.34396148899992,6.226212977000046],[-72.34684666399994,6.243604984000058],[-72.35848404899991,6.25729612300006],[-72.36367216399992,6.27080518300005],[-72.35929802499993,6.285193735000064],[-72.36662389499992,6.306891566000047],[-72.36238052999994,6.314183138000089],[-72.35323550899994,6.319346968000048],[-72.35227976499993,6.331155523000064],[-72.34626388799995,6.341022625000051],[-72.33853933799992,6.345551899000043],[-72.3519127699999,6.34465152100006],[-72.3636228979999,6.325767133000056],[-72.37135203899993,6.319150981000064],[-72.37891630099995,6.29311922100004],[-72.39000504799992,6.282648803000086],[-72.39651813799992,6.272095944000057],[-72.38722255599993,6.261275141000056],[-72.39789908299991,6.237304483000059],[-72.3987029139999,6.218651475000058],[-72.41255738899991,6.187793001000045],[-72.4056192349999,6.189865811000061],[-72.39233848499993,6.186945403000038],[-72.39310468399992,6.161569469000085],[-72.38665586499991,6.161758399000064],[-72.3745069929999,6.150066215000038],[-72.37706339199991,6.133910436000065],[-72.38467625399994,6.132658434000064],[-72.38917830699995,6.123736823000058],[-72.38397377399991,6.113783495000064],[-72.36480483199995,6.100230087000057],[-72.37537915699994,6.092501594000055],[-72.36663860699991,6.076834829000063],[-72.36209304699992,6.07518267100005],[-72.32751610199995,6.085581714000057],[-72.31825566399993,6.078403488000049],[-72.32153931699992,6.067838683000048],[-72.35335152199991,6.043395966000048],[-72.36173819999993,6.044005387000084],[-72.3655056799999,6.036703419000048],[-72.36178364199992,6.025639002000048],[-72.35643105499992,6.023377842000059],[-72.3396635499999,5.997398068000052],[-72.34163850199991,5.989593434000085],[-72.34225121299994,5.964923183000053],[-72.33582250099994,5.943918489000055],[-72.32506198599992,5.935037153000053],[-72.32835516099993,5.910951772000089],[-72.32766273499993,5.901714705000074],[-72.33277978899991,5.892107734000092],[-72.33980750599994,5.891421157000082],[-72.36858946699994,5.897296046000065],[-72.37475702699993,5.894990346000043],[-72.39197480899992,5.90221439000004],[-72.40670129299991,5.900222783000061],[-72.41606351799993,5.903625887000089],[-72.44311323399995,5.882226285000058],[-72.45089407199993,5.878371556000047],[-72.45265010999992,5.870990468000059],[-72.46126947899995,5.859642425000061],[-72.45862275799993,5.850917417000062],[-72.43493760299992,5.848561749000055],[-72.40140018099993,5.836672448000058],[-72.39289012799992,5.820334124000055],[-72.36420828799993,5.810294237000051],[-72.35062132099995,5.811112365000042],[-72.34857498699995,5.805758577000063],[-72.33096697499991,5.802355949000059],[-72.32863509999993,5.795241364000049],[-72.3095019399999,5.793728058000056],[-72.30509025299995,5.779133098000045],[-72.29715236899995,5.77112859500005],[-72.30081114399991,5.759376590000045],[-72.2765402199999,5.742874922000055],[-72.27702864199995,5.732438623000064],[-72.2711813759999,5.72847295300005],[-72.25625827099992,5.70305544200005],[-72.2428335969999,5.687128303000065],[-72.23187025399994,5.685107716000061],[-72.22190447499992,5.672581455000056],[-72.22583342599995,5.667641691000085],[-72.2440472209999,5.666372298000056],[-72.25733206299992,5.662399848000064],[-72.26892704399995,5.663730559000044],[-72.27331782199991,5.655215834000046],[-72.26268896899995,5.633537193000052],[-72.27082250799992,5.621973335000064],[-72.28747128299995,5.605640445000063],[-72.2891713809999,5.594877576000044],[-72.2851698149999,5.574627369000041],[-72.2950582119999,5.556027681000046],[-72.29660379299992,5.547199970000065],[-72.29529191699993,5.514952802000039],[-72.30089610699991,5.505972369000062],[-72.31759228399994,5.49802734900004],[-72.33039166999993,5.497636198000066],[-72.3458854189999,5.506887835000043],[-72.35689737599995,5.51789234000006],[-72.3625300139999,5.528315701000054],[-72.3750544369999,5.537539517000084],[-72.37580694499991,5.544677171000046],[-72.38392807699995,5.559794399000054],[-72.39650195999991,5.570242259000054],[-72.40371820599995,5.56993893300006],[-72.42090449599993,5.563237950000087],[-72.4262650629999,5.547309725000048],[-72.43568834699994,5.53743799700004],[-72.44738598299995,5.516373263000048],[-72.4600550529999,5.508815149000043],[-72.47097459399993,5.495529520000048],[-72.48985701599992,5.48183143600005],[-72.4920501869999,5.468250576000059],[-72.5019582619999,5.44490806500005],[-72.5288699649999,5.427504683000052],[-72.53690778599992,5.414412889000062],[-72.55355279299994,5.405297503000043],[-72.58397811999993,5.381988634000038],[-72.56723763499991,5.373372619000065],[-72.5709070979999,5.363829141000053],[-72.58172344299993,5.350284833000046],[-72.58890179199994,5.354609246000052],[-72.60163318899993,5.353691987000047],[-72.6093752349999,5.348401362000061],[-72.61885361899994,5.351647459000048],[-72.63769990999992,5.336197557000048],[-72.63695523299992,5.328403911000066],[-72.64859759699993,5.321757796000043],[-72.65316420999994,5.306209175000049],[-72.66610237899994,5.301319159000059],[-72.66709048899992,5.294603434000066],[-72.6815037309999,5.290437329000042],[-72.6881163079999,5.282054637000044],[-72.70647857499995,5.276408888000049],[-72.7150335259999,5.280692273000057],[-72.72011525399995,5.288324525000064],[-72.72192261899994,5.312581184000067],[-72.72647209799993,5.318752610000047],[-72.74253820299992,5.322261826000044],[-72.7466618279999,5.327553197000043],[-72.76085433299994,5.335385535000057],[-72.77546463599992,5.356729547000043],[-72.77828323999995,5.365878341000041],[-72.79832219399992,5.38014286300006],[-72.81121052499992,5.382404705000056],[-72.8218532059999,5.369597105000082],[-72.84176427599994,5.363594532000093],[-72.84608565899993,5.353522714000064],[-72.85540288699991,5.341911601000049],[-72.86665507099991,5.340548011000067],[-72.86643452899995,5.352581064000049],[-72.88271031499994,5.363227945000062],[-72.88650991999992,5.354261980000047],[-72.8801806109999,5.350607729000046],[-72.88961990799993,5.331066476000046],[-72.88777820599995,5.316127452000046],[-72.89970104999992,5.299391813000057],[-72.90072531099992,5.294086339000046],[-72.89207307399994,5.287102925000056],[-72.8972101199999,5.260037394000051],[-72.91036217399994,5.245595703000049],[-72.92326315899993,5.215341874000046],[-72.93521141699995,5.205526132000045],[-72.94879767499992,5.190598808000061],[-72.94842894699991,5.182314293000047],[-72.96335498399992,5.156075337000061],[-72.97087850299994,5.154166309000061],[-72.97313155699993,5.14587388800004],[-72.96441488199991,5.132799375000047],[-72.9571945049999,5.131249021000087],[-72.9372256879999,5.114001164000058],[-72.92859167199992,5.099673012000039],[-72.90930805499994,5.103457712000079],[-72.90582018099991,5.095113623000088],[-72.9038212339999,5.067931975000079],[-72.92847102999991,5.047235817000058],[-72.9297642109999,5.026454318000049],[-72.9391571299999,5.023015547000057],[-72.95283314199992,5.009647944000051],[-72.9571028389999,4.996896177000053],[-72.96620855099991,4.990970506000053],[-72.97045628899991,4.979595432000053],[-72.97942427099991,4.980538492000051],[-72.99955840199993,4.98956763800004],[-73.00461143599995,4.997050087000048],[-73.0149568949999,5.002146702000061],[-73.03082593599993,4.981383149000067],[-73.02937039299991,4.969888862000062],[-73.03574253499994,4.96198313900004],[-73.04214000399992,4.937676199000066],[-73.04912913599992,4.922256657000048],[-73.04762748099995,4.901800875000049],[-73.04204012399993,4.890308211000047],[-73.04138680799991,4.878999351000061],[-73.05238911299995,4.868333001000053],[-73.05126511799995,4.86190853100004],[-73.06155858999995,4.855116947000056],[-73.06065605999993,4.850022213000045],[-73.0682422289999,4.838213091000057],[-73.07741372799995,4.81215104100005],[-73.0700517009999,4.802193651000039],[-73.06010722499991,4.778794184000049],[-73.05444683199994,4.773724421000054],[-73.0449037109999,4.75114503900005],[-73.05255695499994,4.736324805000038],[-73.04802925899992,4.727538226000092],[-73.0523195849999,4.719711474000064],[-73.0542626319999,4.702864853000051],[-73.05023200599993,4.692427538000061],[-73.03998111199991,4.677078967000057],[-73.03634715099992,4.666587696000079],[-73.02721001999993,4.652953384000057],[-73.0168593649999,4.647385446000044],[-73.0168593649999,4.635607115000084],[-73.00386750799993,4.628111812000043],[-72.99687189199994,4.617047318000061],[-72.97740195199992,4.610117138000078],[-72.9679756189999,4.599190900000053],[-72.96180152399995,4.570846575000076],[-72.94994580999992,4.559646817000043],[-72.95264176299992,4.551445611000076],[-72.93903717699993,4.533509073000062],[-72.9386798779999,4.524446952000062],[-72.9234487569999,4.520400977000065],[-72.90186399099991,4.494589974000064],[-72.9021037789999,4.485515185000054],[-72.89684373799992,4.474655257000052],[-72.87768336499994,4.463385175000042],[-72.87097716399995,4.451683144000071],[-72.85874896599995,4.453583873000071],[-72.85150368299992,4.449403582000059],[-72.84153719099993,4.431678461000047],[-72.8319427049999,4.432192619000091],[-72.82161931199994,4.421225596000056],[-72.82265464099993,4.414414553000086],[-72.80705641999992,4.405869156000051],[-72.80648722099994,4.39713017300005],[-72.79330680399994,4.399232505000043],[-72.78793478799992,4.392335441000057],[-72.79867728199991,4.383887694000066],[-72.79978418299993,4.37687965300006],[-72.78142402799995,4.370253394000088],[-72.77230600699994,4.369996],[-72.7667969769999,4.362324385000079],[-72.76565410599994,4.349607918000061],[-72.76946746999994,4.333179632000054],[-72.74641397199991,4.328323791000059],[-72.73999644699995,4.323724304000052],[-72.73981218199992,4.309735279000051],[-72.72583367599992,4.305767409000055],[-72.71463184499993,4.292432599000051],[-72.69464225999991,4.287674558000049],[-72.6872630599999,4.292545915000062],[-72.6875740179999,4.311876139000049],[-72.67586593399994,4.317383419000066],[-72.65812353199993,4.31652953300005],[-72.6419704999999,4.302831954000055],[-72.6243028959999,4.307203248000064],[-72.60610226699993,4.315387910000084],[-72.59645083799995,4.312637349000056],[-72.57980172499992,4.300719523000055],[-72.56929709499991,4.307427533000066],[-72.57442997499993,4.320368654000049],[-72.56696402999995,4.33245800800006],[-72.55455998299993,4.336790024000038],[-72.55069307399992,4.354131371000051],[-72.5397505009999,4.351047463000043],[-72.5327352999999,4.339611],[-72.51554579799995,4.338679222000053],[-72.49291640399991,4.327282249000064],[-72.48079694499995,4.326471755000057],[-72.46763918799991,4.317455623000058],[-72.4549865379999,4.326210768000067],[-72.4370760029999,4.350192746000062],[-72.42660024999992,4.353201824000053],[-72.41778467199993,4.34800154800007],[-72.41502025699992,4.33819303000007],[-72.4182759329999,4.324453238000046],[-72.40503584999993,4.317859741000063],[-72.38940455499994,4.331895645000088],[-72.36940514999992,4.336548703000062],[-72.35621694299994,4.341740620000053],[-72.34742143699992,4.351718796000057],[-72.33693436599992,4.37241718100006],[-72.32399925899995,4.36944346100006],[-72.31059809999994,4.381892434000065],[-72.3034882579999,4.407699836000063],[-72.28642608199993,4.417252394000059],[-72.26526197299995,4.416206703000057],[-72.25482806899993,4.419111446000045],[-72.24898092699993,4.430417847000058],[-72.23453613599992,4.435545031000061],[-72.2263981239999,4.432799713000065],[-72.21025572099995,4.433434347000059],[-72.19904438899994,4.428592477000052],[-72.18018593799991,4.430957513000067],[-72.17406145799993,4.437234037000053],[-72.15845774499991,4.441549764000058],[-72.14310961099994,4.44029960000006],[-72.1319759559999,4.435449771000037],[-72.1180555649999,4.433416222000062],[-72.09537281199994,4.422457077000047],[-72.0705441529999,4.407659282000054],[-72.06882906399994,4.398924792000059],[-72.07302791599994,4.391863283000077],[-72.06945614499995,4.383298073000049],[-72.05658759699992,4.374299120000046],[-72.03467394299992,4.384757739000065],[-72.0241092309999,4.386892624000041],[-71.99843733799992,4.38234073700005],[-71.9902957999999,4.383538349000048],[-71.97534457099994,4.393965617000049],[-71.9709066879999,4.407803252000065],[-71.95650419599991,4.412012060000052],[-71.95623746299992,4.421932545000061],[-71.94024333699991,4.434456404000059],[-71.93037544599991,4.448300303000053],[-71.91889560299995,4.452784618000067],[-71.90499109199993,4.467750695000063],[-71.9015285179999,4.483682955000063],[-71.89061414899993,4.496619545000044],[-71.86779118499993,4.50537739400005],[-71.85006901699995,4.532712495000055],[-71.82732098499991,4.548315763000062],[-71.8193940459999,4.55747595400004],[-71.81342464199992,4.574877858000093],[-71.80229598999995,4.58529874900006],[-71.78704979399993,4.586082551000061],[-71.77725535099995,4.579727462000051],[-71.76365500299994,4.58137709500005],[-71.75633879799994,4.577589079000063],[-71.7351712759999,4.574534852000056],[-71.7110258379999,4.58929792400005],[-71.6804720849999,4.601899975000038],[-71.66636844599992,4.611450442000091],[-71.65100400299991,4.61323367600005],[-71.63456231599991,4.622678523000047],[-71.61841851999992,4.637146261000055],[-71.59792645199991,4.645268783000063],[-71.57874483499995,4.673850911000045],[-71.55984048599993,4.679769770000064],[-71.52334911999992,4.682230033000053],[-71.51076691399993,4.697288282000045],[-71.49254708399991,4.702102545000059],[-71.48386639599994,4.707198297000048],[-71.44978094699991,4.715526984000064],[-71.42584037299991,4.725330564000046],[-71.40216481099992,4.744653471000049],[-71.3943985759999,4.753722627000059],[-71.38654134799992,4.756893285000046],[-71.37615141899994,4.751228089000051],[-71.3464488699999,4.757885628000054],[-71.33114701799991,4.767248828000049],[-71.31984997599994,4.768811675000052],[-71.31083124899993,4.782449799000062],[-71.30062656299992,4.792240983000056],[-71.2833157579999,4.80339205100006],[-71.27282458399992,4.799887372000057],[-71.23893322099991,4.817717970000047],[-71.21174826899994,4.817327842000054],[-71.19601392499993,4.824855513000045],[-71.17915202199993,4.83792754600006],[-71.16883109299994,4.842568336000056],[-71.15013525499995,4.861743842000067],[-71.13893524699995,4.867090508000047],[-71.11317269099993,4.87458483000006],[-71.10682346399994,4.883870409000053],[-71.0939919459999,4.892344895000065],[-71.0779310449999,4.899101335000069],[-71.06807095899995,4.905998454000041],[-71.05623008099991,4.90671777600005],[-71.04165795099993,4.924724754000067],[-71.03871982499993,4.94153704900009],[-71.02347616299994,4.956145597000045],[-71.01311442699995,4.977377511000043],[-71.00234452699993,4.980229995000059],[-70.9982744699999,4.999393042000065],[-70.98500910899992,5.035580073000062],[-70.98678788599995,5.043670654000039],[-70.9677458569999,5.05827909900006],[-70.97459824999993,5.079668609000066],[-70.95590640899991,5.096122987000058],[-70.95378307099992,5.110974787000089],[-70.94218421599993,5.125573165000048],[-70.9159818249999,5.139775590000056],[-70.88551034299991,5.143999129000065],[-70.8770916329999,5.148123375000068],[-70.86575334499992,5.143574972000067],[-70.84589304899993,5.157058754000047],[-70.83437669499995,5.168854758000066],[-70.82356963899991,5.186346298000046],[-70.81377667799995,5.187342985000043],[-70.80867782399991,5.19609482900006],[-70.7635045369999,5.225456072000043],[-70.74573717299995,5.244852008000066],[-70.73657461599993,5.25012722200006],[-70.72317264999992,5.263337917000058],[-70.70649263099995,5.27292705900004],[-70.69378213699991,5.283534201000066],[-70.68531121199993,5.300402100000042],[-70.67410880199992,5.315471392000063],[-70.67492212099995,5.327342651000038],[-70.68135946699994,5.348002013000041],[-70.67789977299992,5.364017896000064],[-70.66592775899994,5.373944317000053],[-70.6524240569999,5.373181377000037],[-70.64966237999994,5.379832835000059],[-70.62062151799995,5.400431180000055],[-70.60114339599994,5.424971249000066],[-70.57012878499995,5.436084617000063],[-70.56935083699994,5.442029203000061],[-70.55431321399993,5.45182346100006],[-70.53164200799995,5.471468969000057],[-70.51123874399991,5.476239943000053],[-70.50128346799994,5.493729772000052],[-70.48099914799991,5.506514979000087],[-70.46849576699992,5.510825857000043],[-70.46558275699994,5.515913812000065],[-70.44551768499991,5.530778275000046],[-70.43439117899993,5.530872424000052],[-70.42015165899994,5.53504425400007],[-70.41868812799993,5.546023097000045],[-70.40117568599993,5.559722224000041],[-70.39077406399991,5.560783939000089],[-70.35813673199993,5.587474203000056],[-70.33666391699995,5.574662789000058],[-70.31540790799994,5.574130138000044],[-70.29835427499995,5.577267677000066],[-70.26458543699994,5.563502471000049],[-70.23028183899993,5.578879314000062],[-70.21546308899991,5.583384090000038],[-70.20503716399992,5.596626872000058],[-70.19466896299991,5.603156701000046],[-70.18592875799993,5.599409730000048],[-70.17108241999995,5.603551286000084],[-70.15979625799991,5.599001527000041],[-70.15314499699991,5.600903582000058],[-70.12776948299995,5.620597950000047],[-70.12232440199995,5.630185672000039],[-70.1144176549999,5.632117397000059],[-70.10612588799995,5.652016432000039],[-70.07885014099992,5.687052350000044],[-70.0714873949999,5.689131552000049],[-70.06740843299991,5.697609886000066],[-70.05767399599995,5.702542839000046],[-70.04746337299991,5.720714724000061],[-70.0437779849999,5.746221490000039],[-70.02995140699994,5.752536464000059],[-70.0228479779999,5.760833920000039],[-70.01126363999992,5.767220328000064],[-69.99100770299992,5.790903544000059],[-69.96727552599992,5.825913507000053],[-69.96882400699991,5.856277358000057],[-69.9607260439999,5.865358792000052],[-69.95339745399991,5.866434143000049],[-69.93437335599992,5.874906104000047],[-69.93016996499995,5.883114502000069],[-69.93018886399994,5.894308120000062],[-69.92433177899994,5.910699621000049],[-69.90277593499991,5.929298685000049],[-69.9008404839999,5.939662474000045],[-69.89050166999994,5.951910859000066],[-69.88279430999995,5.969788246000064],[-69.8652451669999,5.974829448000094],[-69.85434846999993,5.984467762000065],[-69.84800814199991,5.998703013000068],[-69.84279708699995,6.032673823000039],[-69.83590992199993,6.041260879000049]]]},"properties":{"DPTO_CCDGO":"85","DPTO_CNMBR":"CASANARE","DPTO_ANO_C":1991,"DPTO_ACT_A":"5 de Julio Constitucion Politica de 1991","DPTO_NAREA":44394.2358513,"DPTO_CSMBL":"3","DPTO_VGNC":2021,"Shape_Leng":12.1327629426,"Shape_Area":3.6150628285}},
{"type":"Feature","geometry":{"type":"Polygon","coordinates":[[[-76.08495151599993,1.057551880000062],[-76.09232916199994,1.049087268000051],[-76.08137766899995,1.04527826900005],[-76.07515173899992,1.034323868000058],[-76.08044257599994,1.021186754000041],[-76.09189789399994,1.018942063000054],[-76.10477497099993,1.024731648000056],[-76.1120281819999,1.013167807000059],[-76.12530236299995,1.006601483000054],[-76.13171347999992,1.007967071000053],[-76.1451341579999,1.017979625000066],[-76.15275206399991,1.019461277000062],[-76.16614869099993,1.029611688000045],[-76.1837014059999,1.026127638000048],[-76.1835948399999,1.012837145000049],[-76.1937493229999,1.010275546000059],[-76.20470969199994,1.01709640200005],[-76.20863211999995,1.005939812000065],[-76.18929292299993,1.003037296000059],[-76.19121861899993,0.992841867000038],[-76.20231849099991,0.981329670000093],[-76.21290151599993,0.979014604000042],[-76.23816931499994,0.980241637000063],[-76.23365917299992,0.965303092000056],[-76.23911287099992,0.964356473000066],[-76.25273169399992,0.980519539000056],[-76.25639080699995,0.974193237000065],[-76.26668760099994,0.969420653000043],[-76.27154595099995,0.979517043000044],[-76.27991072299994,0.981276510000043],[-76.28352025499993,0.970539519000056],[-76.2979889369999,0.960577522000051],[-76.31217691899991,0.965776943000094],[-76.33057589499992,0.958507548000057],[-76.3281777979999,0.968383685000049],[-76.33531898199993,0.98070791300006],[-76.3442831879999,0.97553580400006],[-76.34916218199993,0.980143382000051],[-76.37226014499993,0.983706960000063],[-76.37857292599995,0.977551689000052],[-76.38798643099994,0.975239455000064],[-76.40097717799995,0.980219815000055],[-76.40957905599993,0.966184651000049],[-76.42222433599994,0.960542353000051],[-76.43611628999992,0.968386941000063],[-76.44527935399992,0.969585005000056],[-76.44528591099993,0.980584770000064],[-76.46721984599992,0.999086460000058],[-76.4834264779999,1.004642183000044],[-76.48768394199993,1.018934591000061],[-76.49483988199995,1.028825526000048],[-76.52330183999993,1.030597861000047],[-76.52998620699992,1.034949127000061],[-76.54448051199995,1.037273953000067],[-76.5478097969999,1.049100706000047],[-76.55476244199991,1.059133966000047],[-76.55575085499993,1.069557841000062],[-76.5625429719999,1.072406323000052],[-76.56183315699991,1.096467002000054],[-76.5679596949999,1.102561843000046],[-76.55368882499994,1.11253490200005],[-76.54703129599994,1.131930242000067],[-76.55091065099992,1.141210242000056],[-76.54958659099992,1.151093114000048],[-76.54370972399994,1.160189231000061],[-76.53999702899995,1.204917906000048],[-76.53740639299991,1.210339649000048],[-76.54287231399991,1.221907650000048],[-76.56248692399993,1.234047317000091],[-76.56954110399994,1.250403076000055],[-76.57376702199991,1.282714257000066],[-76.5850456679999,1.29823310200004],[-76.58578806299994,1.305143053000052],[-76.57525181099993,1.319005790000062],[-76.57199670499995,1.330698467000047],[-76.58233308799993,1.337322886000038],[-76.58401603399994,1.346108055000059],[-76.5773755219999,1.348715965000054],[-76.5768201329999,1.366391797000063],[-76.5795729269999,1.374094791000061],[-76.57604741999995,1.387786317000064],[-76.59212112999995,1.392507193000085],[-76.59134235399995,1.397191286000066],[-76.60177563199994,1.40473852100007],[-76.60126026599994,1.413408102000062],[-76.61475137399992,1.423303107000038],[-76.6251273869999,1.423016794000091],[-76.63316707899992,1.430380786000057],[-76.64282157999992,1.450560182000061],[-76.66458142899995,1.465574480000043],[-76.67661806399991,1.466181464000044],[-76.69010916799994,1.455015226000057],[-76.6975647829999,1.443940607000059],[-76.71856876499993,1.439027464000048],[-76.72816600399995,1.431480229000044],[-76.74102721999992,1.429602012000089],[-76.7510482049999,1.420119297000042],[-76.76629155199993,1.417622642000083],[-76.7794161779999,1.410041051000064],[-76.79011286199994,1.41238882600004],[-76.80046596999995,1.408288810000045],[-76.8067305159999,1.401279848000058],[-76.8178051349999,1.399928447000093],[-76.82569594199992,1.39299965400005],[-76.85026697599994,1.384800229000064],[-76.8614954489999,1.375086581000062],[-76.87844722199992,1.37105656500006],[-76.88519431899994,1.372551165000061],[-76.91410610299994,1.342095186000051],[-76.9205821889999,1.345595373000094],[-76.92159562799992,1.33793909700006],[-76.90723602899993,1.322342082000091],[-76.9134046339999,1.311004638000043],[-76.93038892499993,1.295714371000088],[-76.93377141699995,1.278461613000047],[-76.9401027369999,1.27254941700005],[-76.96418361899993,1.276956476000066],[-76.9613905139999,1.28365106800004],[-76.97941270799993,1.286688015000038],[-76.97839054399992,1.278744055000061],[-76.98309235799991,1.267151320000039],[-76.97140463399995,1.252611582000043],[-76.98110979199993,1.222788886000046],[-77.00349575999991,1.212719010000058],[-77.01308498499992,1.206270669000048],[-77.02095789799995,1.196220274000041],[-77.04032746399992,1.20158646100009],[-77.05901461799994,1.193717312000047],[-77.06920936299991,1.184811262000039],[-77.08843350199993,1.183373114000062],[-77.08706293499995,1.172275310000089],[-77.09741834899995,1.163290464000056],[-77.10145391399993,1.142332173000057],[-77.09587645699992,1.130054154000049],[-77.0919256219999,1.110551532000045],[-77.09511978899991,1.082322164000061],[-77.08420234599993,1.06190115600009],[-77.07246303799991,1.058413818000076],[-77.06471551099992,1.051618077000057],[-77.06660004399993,1.041928914000039],[-77.05466466899992,1.033438994000051],[-77.0394646709999,1.039516140000046],[-77.02670708399995,1.013359116000061],[-77.02803260699994,0.995266323000067],[-77.03885619499994,0.993044033000047],[-77.04958463999992,0.976818822000041],[-77.05601096299995,0.97703303500009],[-77.07230293599991,0.970897665000052],[-77.07856271999992,0.962174470000093],[-77.07275,0.942312987000093],[-77.07971519099993,0.940614639000046],[-77.09120878899995,0.914126459000045],[-77.1004637339999,0.912642838000068],[-77.10823506999992,0.90437697100009],[-77.11748126399993,0.900492858000064],[-77.1227179949999,0.880639088000066],[-77.11635963999993,0.876400182000054],[-77.11777260899993,0.858335378000049],[-77.11416953699995,0.849645614000053],[-77.10244189799994,0.833276369000089],[-77.11760849699994,0.826900379000051],[-77.13915418499994,0.821510242000045],[-77.15705498099993,0.75252471500005],[-77.18680573199993,0.630954062000058],[-77.1759209789999,0.617072441000062],[-77.1557505749999,0.605801251000059],[-77.12800051499994,0.601600759000064],[-77.11730728499992,0.58957599200005],[-77.12028038999995,0.57571325300006],[-77.11537713799993,0.56400349200004],[-77.12628683899993,0.556074356000067],[-77.13157055399995,0.539665275000061],[-77.13031009899993,0.525219719000063],[-77.12038819799994,0.508273024000061],[-77.11555698899991,0.483103503000052],[-77.10498645899992,0.477002104000064],[-77.10137558399992,0.464364039000088],[-77.10827457499994,0.449305278000054],[-77.10522852799994,0.432541936000064],[-77.0903542129999,0.426245262000066],[-77.09066537099994,0.418175825000048],[-77.09894467399994,0.411470627000085],[-77.09285569799994,0.406266319000053],[-77.09732786299992,0.383191647000046],[-77.1129285849999,0.381428405000065],[-77.11269553299991,0.372674483000083],[-77.1070091819999,0.357283571000039],[-77.10787339299992,0.349693613000056],[-77.09659903999994,0.326529038000047],[-77.08428532699992,0.319390655000063],[-77.08113254299991,0.310408189000043],[-77.08878250999993,0.303602933000093],[-77.08027593299994,0.287303623000071],[-77.07147193199995,0.288195923000046],[-77.05588646099994,0.284924163000085],[-77.04902215099992,0.289339957000038],[-77.02594173699993,0.278280154000072],[-77.01342577199995,0.292509331000076],[-77.00532803499993,0.295096454000088],[-76.99887761399992,0.29005089900005],[-76.99629365399994,0.279707831000053],[-76.98468188499993,0.26838159600004],[-76.97083342099995,0.271046592000062],[-76.94965621799992,0.268571953000048],[-76.93251220099995,0.276138639000067],[-76.9288002429999,0.272605139000063],[-76.93447525599993,0.261183727000059],[-76.9033519059999,0.244765446000088],[-76.88682654999991,0.246264506000045],[-76.8794740159999,0.251404142000069],[-76.8586656299999,0.245800511000084],[-76.84831497399995,0.239447350000091],[-76.83882092399995,0.241803017000052],[-76.8234733999999,0.255223177000062],[-76.79798937299995,0.264895686000045],[-76.78581842999995,0.262861247000046],[-76.77036383099994,0.245050981000077],[-76.75287479199994,0.250547536000056],[-76.75356552399995,0.259233686000073],[-76.76340390799993,0.257900070000062],[-76.76650910399991,0.263539393000087],[-76.75476646399994,0.27335467000006],[-76.7439518139999,0.277280780000069],[-76.73270885999995,0.288595117000057],[-76.71268569699993,0.268964564000044],[-76.7020851979999,0.278208770000049],[-76.6911777489999,0.27621002300009],[-76.67770048099993,0.269814032000056],[-76.65896936399992,0.272954920000075],[-76.65360130099992,0.266444715000091],[-76.65639954699992,0.254395124000041],[-76.65080305499993,0.251425557000061],[-76.63646204299994,0.262945481000088],[-76.62927261099992,0.26314080700007],[-76.6189016209999,0.255771405000075],[-76.6142215829999,0.245032391000052],[-76.60276530499993,0.229402218000075],[-76.59402792499992,0.227175043000045],[-76.58403418899991,0.219808231000059],[-76.5788166719999,0.230266791000076],[-76.56673074899993,0.244592697000087],[-76.53539164299991,0.258919447000039],[-76.5276124099999,0.255557253000063],[-76.51213639499991,0.240081239000062],[-76.50339901399991,0.236197958000048],[-76.48814158999994,0.241203055000085],[-76.4762731589999,0.239281740000081],[-76.45183133599994,0.238767777000078],[-76.44589220099994,0.240766523000048],[-76.44543534399992,0.254243792000068],[-76.43327153999991,0.25898367800005],[-76.42430080799994,0.248163858000055],[-76.42836033099991,0.235683995000045],[-76.41225972699993,0.241623753000056],[-76.411925,0.379216671000052],[-76.39675092499994,0.381398654000066],[-76.37727391399994,0.391609224000092],[-76.3661856249999,0.392941723000092],[-76.35408714699992,0.378593754000065],[-76.33668571099992,0.384423659000049],[-76.33126760199991,0.409811822000052],[-76.32682753599994,0.418839151000043],[-76.31254662599991,0.433463944000039],[-76.30588478899995,0.422859057000039],[-76.29175608399993,0.422280477000072],[-76.28125671299995,0.435486486000059],[-76.27408858699994,0.435070081000049],[-76.26249270199992,0.42660612800006],[-76.26174629999991,0.40398960400006],[-76.24812866799994,0.397146230000089],[-76.24007657199991,0.402914044000056],[-76.2313261029999,0.39791955600009],[-76.2294902029999,0.375900184000045],[-76.21008844699992,0.384936875000051],[-76.20461017899993,0.382978351000077],[-76.1996884269999,0.37243815700009],[-76.17869141199992,0.370495002000041],[-76.16447731499994,0.379021679000061],[-76.15330196799994,0.379067373000055],[-76.13322489899991,0.370150821000038],[-76.1288417049999,0.363432961000058],[-76.12056357699993,0.339001085000064],[-76.12174948699993,0.319721334000064],[-76.10412902399992,0.311097974000063],[-76.09508080699993,0.317367810000064],[-76.0851013589999,0.332520726000041],[-76.07417588699991,0.335036908000063],[-76.0638532289999,0.33358178900005],[-76.05441158499991,0.32811070200006],[-76.04664040299991,0.304217920000042],[-76.01052712299992,0.298834714000066],[-76.00380910799993,0.291591299000061],[-76.0065454029999,0.278003904000059],[-75.99721106299995,0.263247513000067],[-75.98646795799993,0.262021123000068],[-75.98596064399993,0.256170596000061],[-76.00601735599992,0.256600052000067],[-76.00446009899991,0.246811756000056],[-75.9916885799999,0.24223237800004],[-75.96591666099994,0.236446790000059],[-75.9598161749999,0.224263432000043],[-75.9533829259999,0.220547022000062],[-75.96024986299994,0.211226801000066],[-75.9556347859999,0.201205028000061],[-75.9397728379999,0.19887138200005],[-75.9304136149999,0.192121433000068],[-75.92925255999995,0.18159668900006],[-75.90941307799994,0.164696057000072],[-75.90317531199992,0.164097606000041],[-75.89878814699995,0.154235003000053],[-75.9070069949999,0.14586373800006],[-75.90714888399992,0.137684497000066],[-75.89821652099994,0.135771902000045],[-75.88876199499992,0.140603683000052],[-75.88082692499995,0.133716423000067],[-75.88380396899993,0.120017922000045],[-75.87119663499993,0.117772897000066],[-75.86757043299991,0.12673380800004],[-75.8599213409999,0.133383129000038],[-75.85412656999995,0.131013106000069],[-75.84466128199995,0.10424333800006],[-75.82230364299994,0.082044042000064],[-75.817948,0.075248728000076],[-75.8187890829999,0.064694358000054],[-75.81219721799994,0.050914965000061],[-75.80192018699995,0.047147021000058],[-75.78793443299992,0.054248723000057],[-75.78031963899991,0.04255478500005],[-75.76576221499994,0.039152254000044],[-75.7569145999999,0.034166534000065],[-75.73938879199994,0.031580571000063],[-75.72556168999995,0.034594481000056],[-75.69668466199994,0.030752602000064],[-75.6826988549999,0.033508957000038],[-75.6753351399999,0.038611247000063],[-75.66361272599994,0.034819320000054],[-75.64935485599995,0.02671769400007],[-75.64478459599991,0.028860715000064],[-75.6337751399999,0.04558830700006],[-75.63025863999991,0.038173396000047],[-75.61562275699993,0.027601249000043],[-75.61219368099995,0.014523324000038],[-75.60407204899991,0.009943910000061],[-75.58776277599992,0.014774870000053],[-75.5812663289999,0.013776016000065],[-75.58088265099991,0.00291158400006],[-75.58758290599991,-0.011248946999956],[-75.58011346799992,-0.025046664999934],[-75.56959502299992,-0.03054809799994],[-75.55253826499995,-0.024856691999958],[-75.53907407799994,-0.027902543999915],[-75.53004517399995,-0.026706634999925],[-75.52169758199994,-0.03078931899995],[-75.50843955499994,-0.047964523999951],[-75.49926807899993,-0.053083752999953],[-75.48049708099995,-0.051409712999941],[-75.46704861799992,-0.059638866999933],[-75.45930255199994,-0.06035669299996],[-75.45128982299991,-0.074954971999944],[-75.42546750699995,-0.089685293999935],[-75.41553529399994,-0.091455864999944],[-75.39160323199991,-0.102157997999939],[-75.38150896999991,-0.100595295999938],[-75.36677626799991,-0.09184040699995],[-75.3586021559999,-0.092127768999944],[-75.33739805099992,-0.107825971999944],[-75.31751394199995,-0.108584022999935],[-75.30805681999993,-0.116526721999946],[-75.29883696999991,-0.116957732999936],[-75.27593019999995,-0.127389101999938],[-75.26846864099991,-0.126719605999938],[-75.25139269099992,-0.116344039999944],[-75.22498230299993,-0.090019287999951],[-75.21780546399992,-0.078201357999944],[-75.21362261199994,-0.056048379999936],[-75.20221602899994,-0.044852397999932],[-75.18742783599993,-0.04192037699994],[-75.17636139199993,-0.046479605999934],[-75.1694224009999,-0.04528352899996],[-75.16137922699994,-0.056426192999936],[-75.14607409899992,-0.067955987999937],[-75.13547547899992,-0.071066352999935],[-75.12135989099994,-0.079775071999961],[-75.1004093919999,-0.081323766999958],[-75.07937765799994,-0.093598417999942],[-75.0690314819999,-0.094944531999943],[-75.06125656499995,-0.106422296999938],[-75.05363604599995,-0.11226064899995],[-75.05211818099991,-0.12229177599994],[-75.03700549099995,-0.131662973999937],[-75.01798172499991,-0.147658304999936],[-74.99811456599991,-0.154740951999941],[-74.98086118999993,-0.155459452999935],[-74.97392190199992,-0.158330775999957],[-74.97168836599991,-0.16723105899996],[-74.9777726929999,-0.176848699999937],[-74.9762996259999,-0.184313427999939],[-74.95885650799994,-0.195128543999942],[-74.94459803399991,-0.208718911999938],[-74.92829607399995,-0.228817235999941],[-74.91684086499993,-0.225276930999939],[-74.9138933399999,-0.214654137999958],[-74.90624104999995,-0.218961170999933],[-74.89654573899992,-0.238054405999947],[-74.88722996799993,-0.244945577999943],[-74.8735264739999,-0.240792309999961],[-74.85433787599993,-0.243272719999936],[-74.84758803299991,-0.238009400999942],[-74.83627450699993,-0.221118240999942],[-74.83494331999992,-0.215376058999937],[-74.80951461099994,-0.192928929999937],[-74.80090957699991,-0.201596213999949],[-74.78821835699995,-0.200687579999908],[-74.77787868599995,-0.208214256999952],[-74.77234367999995,-0.227820779999945],[-74.7632650189999,-0.230070305999959],[-74.7532998449999,-0.254170304999946],[-74.75319029699995,-0.273999800999945],[-74.75038500999995,-0.284829663999915],[-74.7322832559999,-0.301628643999948],[-74.73121249999991,-0.311539111999934],[-74.73775601799991,-0.329176867999934],[-74.72556127999991,-0.349640217999934],[-74.71057369899995,-0.353473151999935],[-74.70217517799995,-0.352441939999949],[-74.69665122999993,-0.338455907999958],[-74.68375415299994,-0.331437348999941],[-74.68107725599992,-0.339747620999958],[-74.6835162079999,-0.350752628999942],[-74.68958383299992,-0.357272350999949],[-74.68768025799994,-0.365124567999942],[-74.67861274499995,-0.366739686999949],[-74.67518808799991,-0.372619868999948],[-74.65164927399991,-0.375653686999954],[-74.63561170399993,-0.361103279999952],[-74.61174748099995,-0.353210100999945],[-74.60885172899992,-0.356486644999961],[-74.61686383299991,-0.370409686999949],[-74.61193851699994,-0.382601577999935],[-74.5913888309999,-0.384235110999953],[-74.57605589099995,-0.395674952999912],[-74.57371450199992,-0.41286417799995],[-74.54963485199994,-0.42317877399995],[-74.54793289499992,-0.438015198999949],[-74.5427584279999,-0.444730938999953],[-74.5379297309999,-0.462985111999956],[-74.53025442799992,-0.469903970999951],[-74.51432908399994,-0.472500183999955],[-74.5088067449999,-0.465485101999946],[-74.50194340399992,-0.475941538999962],[-74.50316403499994,-0.484546545999933],[-74.48962221099993,-0.490796223999951],[-74.48152326099995,-0.477705192999906],[-74.4695952969999,-0.481331662999935],[-74.46869576899991,-0.496603706999906],[-74.45754418999991,-0.505678901999943],[-74.45198455099995,-0.506122327999947],[-74.44232998899992,-0.497432160999949],[-74.42969740399991,-0.499210841999911],[-74.4222624439999,-0.507422313999939],[-74.43042414099995,-0.528571197999952],[-74.42951619599995,-0.540397680999945],[-74.42169863499993,-0.561240123999937],[-74.40845557199992,-0.557171427999947],[-74.39794628099992,-0.542566114999943],[-74.3891327369999,-0.553683589999935],[-74.24868925099992,-0.51384393099994],[-74.06362296799995,-0.46131805899995],[-73.84131793299991,-0.397977578999928],[-73.8589230149999,-0.383711086999938],[-73.87995541499993,-0.370612337999944],[-73.90118044099995,-0.368386320999946],[-73.94494517499993,-0.354835109999954],[-73.99891844599995,-0.344391276999943],[-74.01702699899994,-0.333139080999956],[-74.02544034199991,-0.316468358999941],[-74.03527062499995,-0.30979741799996],[-74.04079128299992,-0.297188628999947],[-74.04009508899992,-0.282596718999912],[-74.04466858299992,-0.274762654999961],[-74.0541128239999,-0.272440365999955],[-74.06980600399993,-0.280723919999957],[-74.08402658699993,-0.278073187999951],[-74.0939116749999,-0.259081555999956],[-74.10930520599993,-0.236367554999958],[-74.12266136799991,-0.232265334999909],[-74.13473474299991,-0.233556725999961],[-74.14605355099991,-0.240849453999942],[-74.15661786399994,-0.261132436999958],[-74.16205092099995,-0.26538652399995],[-74.17570894199991,-0.266146084999946],[-74.1883104719999,-0.258549348999907],[-74.19072490099995,-0.227175218999946],[-74.19457319499992,-0.215856204999909],[-74.20838199799994,-0.207727709999915],[-74.21758792299994,-0.210082579999948],[-74.22324752499992,-0.234087872999908],[-74.23403809799993,-0.23758221199995],[-74.2609765169999,-0.221856896999952],[-74.28995209699991,-0.197167572999945],[-74.28723537699994,-0.176808713999947],[-74.26912535799994,-0.162451314999942],[-74.26399415499992,-0.155462478999937],[-74.26550322499992,-0.144447380999907],[-74.2781046309999,-0.139433514999951],[-74.29900649699994,-0.148093453999934],[-74.30625040199993,-0.146042302999945],[-74.33047199299995,-0.11595959999994],[-74.35109210099995,-0.106496569999933],[-74.37084158899995,-0.111325318999945],[-74.39506332199994,-0.112920349999911],[-74.41152764199995,-0.11793410599995],[-74.4289924919999,-0.132316230999947],[-74.44454451699994,-0.139836552999952],[-74.44720416399991,-0.129100292999908],[-74.42652882699991,-0.112540183999954],[-74.42335948999994,-0.097954902999959],[-74.42766042699992,-0.088003435999951],[-74.43950700399995,-0.075241197999958],[-74.45135363499992,-0.070227422999949],[-74.45754108699992,-0.072734216999947],[-74.46206854299993,-0.082001881999929],[-74.4647098399999,-0.11109638399995],[-74.47482125999994,-0.130315315999951],[-74.48621529299993,-0.138215450999951],[-74.4994201049999,-0.136999798999909],[-74.50832375699991,-0.126896383999906],[-74.50658792399992,-0.103347453999959],[-74.51420883599991,-0.091724806999935],[-74.53050725799994,-0.088762002999943],[-74.53465749199995,-0.102055675999907],[-74.5240184299999,-0.116185168999948],[-74.5302059629999,-0.12598444799994],[-74.5409960419999,-0.120438889999946],[-74.58211908299995,-0.109727305999911],[-74.59871902299994,-0.098332526999911],[-74.63176806899992,-0.088456816999951],[-74.63259798799993,-0.082759585999952],[-74.6179596529999,-0.071365306999951],[-74.61653437599995,-0.056308043999934],[-74.62991311999991,-0.044772678999948],[-74.64536337999994,-0.038416772999938],[-74.66438195099994,-0.052258879999954],[-74.67135002399993,-0.060051574999932],[-74.68126075099991,-0.056029592999948],[-74.67966823499995,-0.047012482999946],[-74.6618507359999,-0.038534840999944],[-74.65677080799992,-0.027785456999936],[-74.6578023969999,-0.008679270999949],[-74.67652032399991,0.009859168000048],[-74.6899853139999,0.018868719000068],[-74.70398440799994,0.037188852000043],[-74.70193244099994,0.044632796000087],[-74.68358207799992,0.042617732000053],[-74.6629011359999,0.053669165000088],[-74.65638520599992,0.066272836000053],[-74.65819586799995,0.076434236000068],[-74.67066497799993,0.082695833000059],[-74.6921589769999,0.078483554000059],[-74.7040281109999,0.082115154000064],[-74.71140200399992,0.089120971000057],[-74.70676120899992,0.097509495000054],[-74.6966269639999,0.089469975000043],[-74.6802643929999,0.092042570000046],[-74.67366919599993,0.104901874000063],[-74.6727941019999,0.11735109500006],[-74.67564492399993,0.131159486000058],[-74.6777860219999,0.160178466000048],[-74.69196475099994,0.176410488000045],[-74.7036144729999,0.184627310000053],[-74.70769120699993,0.193651264000039],[-74.7167354099999,0.201376560000085],[-74.7365441959999,0.209605946000067],[-74.76868524299994,0.21260748800006],[-74.78155822499991,0.208575757000062],[-74.8147966109999,0.216641666000044],[-74.8309707869999,0.212843852000049],[-74.8444661499999,0.214191244000062],[-74.86532836399994,0.225169194000046],[-74.88076614499994,0.24103001900005],[-74.89297919799992,0.249197365000043],[-74.9136436849999,0.252522733000092],[-74.92862609299993,0.250695936000056],[-74.94286359999995,0.243313559000057],[-74.95403732099993,0.241873511000051],[-74.96540780999993,0.244793925000067],[-74.98571828699994,0.265384542000049],[-75.0038880429999,0.27320301900005],[-75.01036065599993,0.281235080000044],[-75.00639060599991,0.296380004000071],[-74.98947690999995,0.299654514000053],[-74.97996241299995,0.311336648000065],[-74.98203044199994,0.318973944000049],[-75.0000672029999,0.333405945000038],[-75.01198207999994,0.353706963000093],[-75.01559407999991,0.386540279000087],[-75.00715179299993,0.392803594000043],[-74.98868897099993,0.396301483000059],[-74.98358197699991,0.412553575000061],[-74.98805210099994,0.42117520100004],[-75.0055183419999,0.438057575000073],[-75.0135506009999,0.463853884000059],[-75.02555983499991,0.479873403000056],[-75.03386136199993,0.48426237700005],[-75.04540233999995,0.479895456000065],[-75.05859950299993,0.479734023000049],[-75.07010161799991,0.476222851000045],[-75.0862449359999,0.476505359000043],[-75.10091782599994,0.47253392500005],[-75.10630300999992,0.478402200000062],[-75.09645558499994,0.487402100000054],[-75.09395337099994,0.501204637000058],[-75.09903851599995,0.51105206200009],[-75.11687688299992,0.511617077000039],[-75.12482746799992,0.506895156000041],[-75.14294834299994,0.487482817000057],[-75.1608539739999,0.480637603000048],[-75.17577757499993,0.486520944000063],[-75.18707889399991,0.484956189000059],[-75.19619986899994,0.479225310000061],[-75.21686331699993,0.486610881000047],[-75.21573328499994,0.495651136000049],[-75.20128501499994,0.498758726000062],[-75.20257647999995,0.512601621000044],[-75.21323106999995,0.520471488000055],[-75.22481390199994,0.535444418000054],[-75.23554920799995,0.566520304000051],[-75.23086764599992,0.580847501000051],[-75.21266605399995,0.587910201000057],[-75.20725804299991,0.601470591000066],[-75.21516569699992,0.615312872000061],[-75.21978109799994,0.631883832000085],[-75.23118058299991,0.646063680000054],[-75.2583725259999,0.658130455000048],[-75.27105097799995,0.66174492500005],[-75.27616684399993,0.667416862000039],[-75.27538834299992,0.676147200000059],[-75.26376642899993,0.687880329000052],[-75.25720477399994,0.702783071000056],[-75.25826130999991,0.713126017000093],[-75.26560146799994,0.725637646000052],[-75.28492265299991,0.729463819000046],[-75.29519873299995,0.728447598000059],[-75.30926411199994,0.747703307000052],[-75.32443226899994,0.746245870000052],[-75.3311256909999,0.752075623000053],[-75.33876002499994,0.76841584400006],[-75.3474967759999,0.766231656000059],[-75.35982833599991,0.750396292000062],[-75.38449145599992,0.753945598000087],[-75.40310255499992,0.738694206000048],[-75.42300293199992,0.738633531000062],[-75.43980904299991,0.747491627000045],[-75.46874952999991,0.758837271000061],[-75.47305723399995,0.772913146000064],[-75.48306927899995,0.782966310000063],[-75.48925882799995,0.781630695000047],[-75.50405110299994,0.76677711800005],[-75.52090652099992,0.775730244000044],[-75.52468953199991,0.78232950000006],[-75.53893887499993,0.789937554000062],[-75.53742566999995,0.804270965000057],[-75.53793007199994,0.826800898000045],[-75.54721946599994,0.832685582000067],[-75.57437156099991,0.834344638000061],[-75.58633245599992,0.839244371000063],[-75.60527905799995,0.837092676000054],[-75.6134574479999,0.846127848000094],[-75.61369111599993,0.857266036000055],[-75.61922126399992,0.867703220000067],[-75.63635693899994,0.87673839100006],[-75.66034688099995,0.873311259000047],[-75.67487325899992,0.860238004000053],[-75.6819271199999,0.856908231000091],[-75.69336226099995,0.85756542300004],[-75.71075594299992,0.862297206000051],[-75.72061382299995,0.861596200000065],[-75.74238878499995,0.853490836000049],[-75.75794232899995,0.837236283000038],[-75.76661726399993,0.844991150000055],[-75.76495237799992,0.85353464700006],[-75.77757046399995,0.873031341000058],[-75.78458051199993,0.877040212000054],[-75.79731543299994,0.894039582000062],[-75.8141761679999,0.89299118200006],[-75.8245330439999,0.875729724000053],[-75.83213887399995,0.873787810000067],[-75.8434220979999,0.877134159000093],[-75.85659685199994,0.885003548000043],[-75.86553631899994,0.90664055700006],[-75.8662181489999,0.91904332200005],[-75.87003036199991,0.925461842000061],[-75.89491347499995,0.935325182000042],[-75.9030825019999,0.95022393000005],[-75.9043662059999,0.965706180000041],[-75.9091796749999,0.97305921800006],[-75.92066282499991,0.97772903300006],[-75.9456942679999,0.980922691000046],[-75.94393800299991,0.988968963000048],[-75.93199987299994,0.993886123000038],[-75.93114864299991,1.006538186000057],[-75.92219501499994,1.019024474000048],[-75.92117128699994,1.029097961000048],[-75.92686321699995,1.034052804000055],[-75.93485915899993,1.029826685000046],[-75.95155554299993,1.033274769000059],[-75.97564386999994,1.061637163000057],[-75.98632608399993,1.070125594000046],[-76.00006893699992,1.069606491000059],[-75.9983287309999,1.061245955000061],[-75.98892263899995,1.055576530000053],[-75.98570137399992,1.044559806000052],[-75.99401223599995,1.02722940700005],[-76.00064804099992,1.031030496000085],[-76.00081223599994,1.047563412000045],[-76.00606692299993,1.055028692000064],[-76.0199165709999,1.047760487000062],[-76.03850852499994,1.052786454000056],[-76.04712184999994,1.046189014000049],[-76.05544195499994,1.047618458000045],[-76.06405527999993,1.054582423000056],[-76.08495151599993,1.057551880000062]]]},"properties":{"DPTO_CCDGO":"86","DPTO_CNMBR":"PUTUMAYO","DPTO_ANO_C":1991,"DPTO_ACT_A":"Articulo 309 Constitucion Politica de 1991","DPTO_NAREA":25976.2831055,"DPTO_CSMBL":"3","DPTO_VGNC":2021,"Shape_Leng":12.7079224606,"Shape_Area":2.10796483335}},
{"type":"Feature","geometry":{"type":"MultiPolygon","coordinates":[[[[-81.70419639099993,12.59480800700004],[-81.70841752599995,12.593409036000082],[-81.72266066299994,12.578023382000083],[-81.72293046899995,12.56706338500004],[-81.73108745299993,12.558414582000069],[-81.73562045699992,12.530963740000061],[-81.72873370299993,12.522923603000038],[-81.72999993199994,12.504198750000057],[-81.7349196799999,12.496970187000045],[-81.73331668199995,12.482642400000088],[-81.7276181929999,12.481390133000048],[-81.71559184099993,12.504617115000087],[-81.71311303199991,12.52395319100009],[-81.70672702799993,12.531380255000045],[-81.70373585899995,12.543481119000091],[-81.70298421699994,12.575328939000087],[-81.68836152799992,12.582838301000038],[-81.69934640999992,12.587968727000089],[-81.70419639099993,12.59480800700004]]],[[[-81.36433788799991,13.385610348000057],[-81.36991585099992,13.381689623000057],[-81.37473097599991,13.36957121100005],[-81.38455087499995,13.37053676100004],[-81.39328693599992,13.355817805000072],[-81.39547137999995,13.338409268000078],[-81.39050056299993,13.32141930000006],[-81.37694204799993,13.323788622000052],[-81.36868773399993,13.332109949000085],[-81.35954739399995,13.334432544000038],[-81.35532063199992,13.344691244000046],[-81.35488155399992,13.363035621000051],[-81.36433788799991,13.385610348000057]]]]},"properties":{"DPTO_CCDGO":"88","DPTO_CNMBR":"ARCHIPIÉLAGO DE SAN ANDRÉS, PROVIDENCIA Y SANTA CATALINA","DPTO_ANO_C":1991,"DPTO_ACT_A":"Artículo 310 Constitucion Politica de 1991","DPTO_NAREA":49.4175368999,"DPTO_CSMBL":"3","DPTO_VGNC":2021,"Shape_Leng":0.68334776266,"Shape_Area":0.00404933513}},
{"type":"Feature","geometry":{"type":"Polygon","coordinates":[[[-69.43297404499992,-1.069490934999919],[-69.45214878299993,-1.070840261999933],[-69.46263916399994,-1.077594497999939],[-69.47071934799993,-1.093386995999936],[-69.46793562999994,-1.110475531999953],[-69.45971907299992,-1.126427535999937],[-69.46229162399993,-1.141766878999931],[-69.46817869699993,-1.145864973999949],[-69.48334379499994,-1.145174080999936],[-69.48757452899991,-1.155227577999938],[-69.47572996199995,-1.158771611999953],[-69.46622931699994,-1.171306926999932],[-69.46503098199992,-1.189306100999943],[-69.4678279229999,-1.199784860999955],[-69.48149175599991,-1.213751334999927],[-69.4903966299999,-1.216860331999953],[-69.5109939109999,-1.215254666999954],[-69.52931928299995,-1.198082154999952],[-69.53904901599992,-1.191925760999936],[-69.54929915299994,-1.191232907999961],[-69.56168541099993,-1.194583308999938],[-69.56647203799992,-1.191216854999936],[-69.57730682599993,-1.162280383999928],[-69.57784512299992,-1.155323085999953],[-69.59200835699994,-1.14586529099995],[-69.61906456199995,-1.164364717999945],[-69.63036942699995,-1.164897112999938],[-69.63643912899994,-1.170680359999949],[-69.6347273259999,-1.197515866999936],[-69.63713930299991,-1.211928031999946],[-69.64988060299993,-1.226812966999944],[-69.66469821399994,-1.226138501999912],[-69.67215927099994,-1.219955162999952],[-69.68002021099994,-1.202849246999961],[-69.6814235949999,-1.189388015999953],[-69.67801842299991,-1.153741054999955],[-69.6810939849999,-1.124146315999951],[-69.67991491999993,-1.118144528999949],[-69.6692609779999,-1.115168728999947],[-69.6597536459999,-1.118499244999953],[-69.65855471299994,-1.126645080999936],[-69.64904733299994,-1.130030173999955],[-69.64967236399991,-1.115785587999937],[-69.66026450699991,-1.102870573999951],[-69.68132391799992,-1.082718568999951],[-69.69883391499991,-1.054135469999949],[-69.70471089199992,-1.047776509999949],[-69.72392706799991,-1.038543860999937],[-69.73515209999994,-1.042731370999945],[-69.74098552999993,-1.039651878999962],[-69.74952003999994,-1.027621015999955],[-69.7723930009999,-1.036741570999936],[-69.76438958599994,-1.064422535999938],[-69.75402977399995,-1.076104406999946],[-69.73971717699993,-1.077148625999939],[-69.73421309299994,-1.086757446999911],[-69.73869924199994,-1.094106231999945],[-69.75656554799991,-1.098934551999946],[-69.76916881199992,-1.096025354999938],[-69.78444827499993,-1.086115311999947],[-69.79229815799994,-1.074504363999949],[-69.81479474299994,-1.035480271999916],[-69.82180437199992,-1.028882973999941],[-69.83980949499994,-1.028470642999935],[-69.85341641899993,-1.03877892099996],[-69.86927718299995,-1.073575828999935],[-69.8763981269999,-1.078556456999934],[-69.88903788099992,-1.081217749999951],[-69.91042414499992,-1.080888409999943],[-69.93653298699991,-1.095948189999945],[-69.94656968299995,-1.097563524999941],[-69.9638974479999,-1.09100178999995],[-69.97093823599994,-1.078928934999908],[-69.96717593099993,-1.060289484999942],[-69.95473509999994,-1.045418793999943],[-69.94399869599994,-1.03952163799994],[-69.9412459529999,-1.033663240999942],[-69.94407902299992,-1.02076031699994],[-69.95473682399995,-1.005835015999935],[-69.95075781799994,-0.991654702999938],[-69.92054857199992,-0.972782175999953],[-69.90612157399994,-0.980190842999946],[-69.90180814299993,-0.97468091099995],[-69.90822875299995,-0.963712567999949],[-69.93310842999995,-0.948731321999958],[-69.94190540699992,-0.946642676999943],[-69.96017708499994,-0.968579930999908],[-69.9881928879999,-0.976544358999945],[-69.99788778499993,-0.976317335999909],[-70.00682630099993,-0.969694156999935],[-70.00781406099992,-0.961728299999947],[-70.00038961099995,-0.94699228199994],[-70.0096097309999,-0.938056076999942],[-70.02363374299995,-0.939319807999937],[-70.0262983529999,-0.948649432999957],[-70.02266753399994,-0.967415990999939],[-70.02744115299993,-0.977159856999947],[-70.04451462299994,-0.979666236999947],[-70.05373802199995,-0.972265394999908],[-70.06243498899994,-0.957901927999956],[-70.07034973999993,-0.949764930999947],[-70.08004171699992,-0.946878743999946],[-70.10068320599993,-0.952993405999962],[-70.12262773599991,-0.972789839999962],[-70.13694860599992,-0.991112777999945],[-70.14001251699995,-0.999230924999949],[-70.13677630899991,-1.012834902999941],[-70.13167960099992,-1.019265570999949],[-70.12190300199995,-1.020933753999941],[-70.10955455299995,-1.012225052999952],[-70.1011901789999,-1.010176096999942],[-70.08742363199991,-1.012571624999907],[-70.0799786199999,-1.023351863999949],[-70.0786968569999,-1.035758264999913],[-70.08791234299991,-1.051514004999945],[-70.11333546399993,-1.07806407299995],[-70.1200946479999,-1.098482626999953],[-70.12668290099992,-1.109594318999939],[-70.13705515499993,-1.115196635999951],[-70.14983590899993,-1.117039304999935],[-70.1695188139999,-1.112295644999961],[-70.17798579499993,-1.099918978999938],[-70.17722822799993,-1.075291052999944],[-70.1969916939999,-1.072305395999933],[-70.21770685199994,-1.064851335999947],[-70.2274692659999,-1.050192894999952],[-70.2272895669999,-1.037777613999936],[-70.21709548699994,-1.023613062999914],[-70.2005749029999,-1.010481314999936],[-70.1945032349999,-0.991136697999934],[-70.20452854599995,-0.982099795999943],[-70.21991951899992,-0.985347434999937],[-70.22825041199991,-0.998902783999938],[-70.2305096369999,-1.012175735999961],[-70.23855812699992,-1.020224223999946],[-70.25476672399992,-1.02043182999995],[-70.2669683869999,-1.014748727999915],[-70.28580666999994,-0.997749360999933],[-70.30245438199995,-0.977798585999949],[-70.30702288099991,-0.965672147999953],[-70.3034948589999,-0.949972424999942],[-70.29588596799994,-0.936491687999933],[-70.28331902799994,-0.933950060999962],[-70.27004607899994,-0.939880526999957],[-70.26058557399995,-0.938044904999913],[-70.25479630899991,-0.92816079499994],[-70.25047827299994,-0.909918026999947],[-70.22482814799992,-0.895330279999939],[-70.22124424599991,-0.886906156999942],[-70.2239098359999,-0.879838246999952],[-70.23529840799995,-0.869859069999961],[-70.25240896899993,-0.839797775999955],[-70.2626023599999,-0.828690913999935],[-70.27809067099992,-0.819841655999937],[-70.29055518199993,-0.807889616999944],[-70.29694482699995,-0.792375010999933],[-70.2948627159999,-0.76499277399995],[-70.29023166699994,-0.752465437999945],[-70.27540654499995,-0.744733638999946],[-70.26574240899993,-0.747263793999934],[-70.25224017199992,-0.745129114999941],[-70.24946276399993,-0.731402897999942],[-70.2617771429999,-0.713415128999941],[-70.26061992099994,-0.696997929999952],[-70.25355171599995,-0.678846499999906],[-70.25418537899992,-0.66510692199995],[-70.26072694699991,-0.652795050999941],[-70.25634102899994,-0.645923882999909],[-70.25476280599992,-0.626418638999951],[-70.26035577199991,-0.616672842999947],[-70.25604278999992,-0.603319842999952],[-70.26138438799995,-0.596495674999915],[-70.26461474699994,-0.581255790999933],[-70.28132574699993,-0.55879267399996],[-70.29644709599995,-0.556733455999961],[-70.30233017299992,-0.563593447999949],[-70.30066916999994,-0.577426731999935],[-70.30285238199991,-0.586147100999938],[-70.31025447099995,-0.590287427999954],[-70.32490599399995,-0.579097149999939],[-70.3261252769999,-0.568365298999936],[-70.31986489099995,-0.549544462999961],[-70.2918994389999,-0.51240323199994],[-70.27843102499992,-0.503523195999946],[-70.26918453099995,-0.50062801699994],[-70.25705187599993,-0.491756172999942],[-70.24493242599993,-0.470170698999937],[-70.23179213999992,-0.468079805999935],[-70.20868817099995,-0.477626418999932],[-70.20007779299993,-0.469103526999959],[-70.20072953899995,-0.45675302099994],[-70.20978540899995,-0.442094357999906],[-70.22299010499995,-0.435791407999943],[-70.24094645699995,-0.445743922999952],[-70.2487935819999,-0.444529493999937],[-70.25777400499993,-0.429414790999942],[-70.26811211299992,-0.418098074999932],[-70.28169402999993,-0.412858318999952],[-70.29474708999993,-0.414986471999953],[-70.3011590939999,-0.429723173999946],[-70.30975953699993,-0.441497733999938],[-70.32145464999991,-0.442714291999948],[-70.33398036299991,-0.43815798299994],[-70.34612742699994,-0.447958012999948],[-70.36076519599993,-0.450921912999945],[-70.36649880899995,-0.460037709999938],[-70.36151808299991,-0.467481302999943],[-70.34259667999993,-0.473604958999942],[-70.32323406199993,-0.467558041999951],[-70.31939375299993,-0.481017038999937],[-70.32402560899993,-0.492211535999957],[-70.33461479499994,-0.499275617999956],[-70.34280088499992,-0.500661314999945],[-70.3608237119999,-0.497379947999946],[-70.3793103129999,-0.496549933999916],[-70.38767206499995,-0.468109125999945],[-70.40339580799991,-0.462851864999948],[-70.43686763699992,-0.477961768999933],[-70.44925691399993,-0.492717227999947],[-70.45576657399994,-0.495765693999942],[-70.46258289999992,-0.490994348999948],[-70.46455468399995,-0.480608521999955],[-70.46055436099994,-0.472422009999946],[-70.44844277999994,-0.460273330999939],[-70.44919830799995,-0.448955123999951],[-70.45674531499992,-0.431332666999936],[-70.46957389499994,-0.41644518399994],[-70.47757335699993,-0.400493788999938],[-70.49681548599995,-0.386138307999943],[-70.51168117499992,-0.371630487999937],[-70.5171147069999,-0.359780686999954],[-70.52979124699993,-0.359705495999947],[-70.53001675199994,-0.37391053999994],[-70.54352390999992,-0.364719864999927],[-70.55514423799991,-0.362745511999947],[-70.56434945399991,-0.370266397999956],[-70.56698953999995,-0.385383209999929],[-70.57295018499991,-0.392296223999949],[-70.58532523299993,-0.389334388999941],[-70.5986066989999,-0.369356753999909],[-70.60653087199995,-0.345276721999937],[-70.6153595959999,-0.33882024199994],[-70.62599967299991,-0.323172199999931],[-70.63746921899991,-0.319906258999936],[-70.65550279999991,-0.333580567999945],[-70.6656133379999,-0.349913302999937],[-70.67798822399993,-0.352116796999951],[-70.68885483899993,-0.332974222999951],[-70.70100391499994,-0.320668441999942],[-70.7154920879999,-0.309806023999954],[-70.7299050709999,-0.290055664999954],[-70.73896003499993,-0.286561548999941],[-70.74733566599991,-0.291499515999931],[-70.75978610999994,-0.292791285999954],[-70.77193457499993,-0.300008304999949],[-70.78008365999995,-0.312314902999958],[-70.77857435599992,-0.317404522999936],[-70.76159636799991,-0.317631903999938],[-70.75895502399993,-0.32773517399994],[-70.77125441599992,-0.335484006999934],[-70.8060402559999,-0.346196156999952],[-70.81177452599991,-0.365415557999938],[-70.82769627499994,-0.364656373999935],[-70.83222425999992,-0.347032494999951],[-70.83992119599992,-0.339664039999946],[-70.84271344699994,-0.327737510999953],[-70.85810717499993,-0.317026709999936],[-70.86663419999991,-0.305252203999942],[-70.8683700229999,-0.289755232999937],[-70.8781797609999,-0.279955824999945],[-70.8725961749999,-0.261116221999941],[-70.87425656699992,-0.241137259999959],[-70.88225524699993,-0.230881993999958],[-70.88527381999995,-0.210675126999945],[-70.89855445899991,-0.205509616999962],[-70.91364605699994,-0.203002902999913],[-70.91734367499993,-0.183783554999934],[-70.93492542999991,-0.172996532999946],[-70.94473504199993,-0.159474649999936],[-70.94714975799991,-0.148687483999936],[-70.94450877399993,-0.141546656999935],[-70.93454841599993,-0.131746980999935],[-70.92021151099993,-0.123314665999942],[-70.91206209299992,-0.123694456999942],[-70.9015734269999,-0.132506426999953],[-70.89214134999992,-0.116173705999927],[-70.8965300779999,-0.103624110999931],[-70.91714739299994,-0.098855893999939],[-70.92711979899991,-0.086390386999938],[-70.93048885499991,-0.076283219999937],[-70.92617646299993,-0.070488442999931],[-70.92725456099993,-0.051756490999935],[-70.93581196299994,-0.05101529999996],[-70.94255007499993,-0.043266469999935],[-70.95939535499991,-0.040773370999943],[-70.9728715789999,-0.026758097999959],[-70.96815490099993,-0.01274282199995],[-70.98190064899995,-0.00378113499994],[-70.9984090239999,-0.002366131999906],[-71.01572597199993,-0.012473300999943],[-71.01747788099993,-0.028442624999911],[-71.01161572299992,-0.040234321999947],[-71.02138598599993,-0.047915767999939],[-71.02852838399991,-0.048320052999941],[-71.05015772399992,-0.034304780999946],[-71.05244868199992,-0.02406285099994],[-71.04072436699994,-0.01887450299995],[-71.03506435299994,-0.010788772999945],[-71.0471255729999,-0.003309466999951],[-71.06167989499994,-0.00991281599994],[-71.0687549129999,-0.007621857999936],[-71.07690802799993,0.001407212000061],[-71.08890186799994,-0.006543758999953],[-71.0992785599999,-0.001557557999945],[-71.09766141299991,0.010099375000038],[-71.10049141999991,0.023912505000055],[-71.11221573499995,0.024721081000052],[-71.1163259839999,0.010773187000041],[-71.1231314769999,0.00396769300005],[-71.13674052199991,0.007482172000039],[-71.1419064879999,0.025806641000088],[-71.14945226399993,0.038720884000043],[-71.14537755999993,0.051483222000059],[-71.14543462699993,0.062926173000051],[-71.15978680599994,0.074549418000061],[-71.1690180189999,0.088362545000052],[-71.1843135339999,0.097054710000066],[-71.19179283799991,0.09557232800006],[-71.18923235499994,0.080142050000063],[-71.19880047399994,0.078053234000038],[-71.22763959399992,0.054941510000049],[-71.23491675499992,0.066396300000065],[-71.24825821599995,0.058512710000059],[-71.25384590399995,0.059518811000089],[-71.26223935599995,0.052285407000056],[-71.26182936399994,0.04490555600006],[-71.27136166899993,0.035168254000041],[-71.28568810599995,0.03787420000009],[-71.30368895299995,0.032473945000049],[-71.31515226999994,0.020539898000038],[-71.3422487059999,0.018880933000048],[-71.3641505359999,0.032138773000042],[-71.38593479699995,0.025931534000051],[-71.38579654999995,0.014595272000065],[-71.40045074499994,0.005609208000067],[-71.4202958969999,0.003711657000053],[-71.43114160599993,0.006931474000055],[-71.44837899799995,0.003348824000057],[-71.45182007099993,-0.011260643999947],[-71.46588177099994,-0.007981373999939],[-71.47486337399994,-0.012217980999935],[-71.48570908399995,-0.008659232999946],[-71.50062193499991,0.001169693000065],[-71.5148569289999,0.005575762000092],[-71.54993602099995,0.022013791000063],[-71.56772976399992,0.019980219000047],[-71.58213422199992,0.009303973000044],[-71.57823654499992,-0.00103334299996],[-71.59348832499995,-0.014421016999961],[-71.62602545399994,-0.034587256999941],[-71.64754740899991,-0.038484933999939],[-71.67178079199994,-0.059837425999945],[-71.70482631399994,-0.067293848999952],[-71.70092863699995,-0.087460092999947],[-71.70347059999995,-0.101695086999939],[-71.7143163099999,-0.108982046999927],[-71.71872237899993,-0.119488826999941],[-71.72550094799993,-0.121522399999947],[-71.73645800999992,-0.154534415999933],[-71.73624889799993,-0.16373535799994],[-71.72286570999995,-0.18255546599994],[-71.71449187199994,-0.203624380999941],[-71.71064768399992,-0.232342722999931],[-71.72285863299993,-0.234717073999946],[-71.73801456199993,-0.242238396999937],[-71.73982652299992,-0.250090225999941],[-71.77259281799991,-0.256734083999959],[-71.77319680499994,-0.263528935999943],[-71.78965545199992,-0.270474788999934],[-71.79826226599994,-0.265491894999911],[-71.81139898399994,-0.263679931999945],[-71.82043107899995,-0.274607806999938],[-71.84814241099991,-0.27676712899995],[-71.87205882899991,-0.269963140999948],[-71.90998811299994,-0.273316646999945],[-71.91345725499991,-0.268228571999941],[-71.92779534199991,-0.265253990999952],[-71.96860886699994,-0.269167615999947],[-71.98668608999992,-0.279231223999943],[-71.99805423999993,-0.275690324999914],[-72.01967236299993,-0.263763083999947],[-72.0418495749999,-0.269167615999947],[-72.04613592699991,-0.28258576199994],[-72.0614177029999,-0.296190268999908],[-72.05675862499993,-0.309422050999956],[-72.06272224499992,-0.324703826999951],[-72.07259949099995,-0.325822005999953],[-72.08284946299995,-0.338308336999944],[-72.08955853499992,-0.330853809999951],[-72.09719942399994,-0.32917654299996],[-72.11210847399991,-0.332903804999944],[-72.12068117799993,-0.338867424999933],[-72.14360384199995,-0.347253764999948],[-72.14397656799991,-0.356199192999952],[-72.15344433999991,-0.35532606299995],[-72.15723459899993,-0.363177312999937],[-72.15885899499995,-0.38239933899996],[-72.14802968499993,-0.392957915999943],[-72.1552367779999,-0.40572809799994],[-72.16298066799993,-0.411406950999947],[-72.1676270019999,-0.434638623999945],[-72.1831147819999,-0.460967851999953],[-72.19498874699991,-0.467679221999958],[-72.2073789719999,-0.483683261999943],[-72.23061064299992,-0.492975929999943],[-72.23009438299994,-0.503817376999962],[-72.23474071699991,-0.512077523999949],[-72.23319193899994,-0.523435230999951],[-72.23732201399991,-0.530146601999945],[-72.23990331099992,-0.56215468299996],[-72.24661468199992,-0.585386352999933],[-72.24282988999994,-0.605261492999944],[-72.24907264399991,-0.613720717999911],[-72.2634093609999,-0.62270495599995],[-72.2853859889999,-0.630514766999909],[-72.29391367799991,-0.645301412999913],[-72.3097710529999,-0.652143710999951],[-72.31902290999994,-0.651517870999953],[-72.33308721299994,-0.643400065999913],[-72.35755323399991,-0.636099062999961],[-72.37008829799993,-0.623838388999957],[-72.39338950099994,-0.614781034999908],[-72.40568990699995,-0.602375938999955],[-72.40917316999992,-0.594837286999962],[-72.4038005889999,-0.58232107699996],[-72.40795951899992,-0.567665986999941],[-72.42496999899993,-0.562289795999959],[-72.43352091899993,-0.566717921999953],[-72.46936330299991,-0.601770121999948],[-72.47552670699991,-0.611641197999916],[-72.49949778599995,-0.63468546699994],[-72.51388719499994,-0.656943274999946],[-72.52797143999993,-0.66516622599994],[-72.53848097299993,-0.676869377999935],[-72.54457503799995,-0.68920935899996],[-72.5563722039999,-0.705840043999956],[-72.56280569099994,-0.705686957999944],[-72.59207259599992,-0.693283352999913],[-72.6041518369999,-0.685348119999958],[-72.63778551299993,-0.657336750999946],[-72.66363752099994,-0.641907615999912],[-72.67695443399992,-0.631516782999938],[-72.67696935499993,-0.617856371999949],[-72.69454867499991,-0.610646313999951],[-72.70254693299995,-0.604269057999943],[-72.71435669899995,-0.588890481999954],[-72.72798029699993,-0.583391799999958],[-72.73667970299994,-0.583473867999942],[-72.74357357199995,-0.57567722899995],[-72.74521496999995,-0.560330166999961],[-72.75416058499991,-0.555077696999945],[-72.76306077399994,-0.560615046999942],[-72.77656100699994,-0.577706061999947],[-72.79640263499994,-0.576419487999942],[-72.80749067599993,-0.585611631999939],[-72.81110935899994,-0.597080547999951],[-72.83087538599995,-0.597996463999948],[-72.85410913399994,-0.61182440999994],[-72.87772216799993,-0.617601932999946],[-72.91727826999994,-0.615509517999953],[-72.93717638399994,-0.605842654999947],[-72.9450273089999,-0.584046263999937],[-72.9558203329999,-0.563009829999942],[-72.96796941899993,-0.55169531599995],[-72.98947458399994,-0.536812612999938],[-73.01565665599992,-0.526867363999941],[-73.02637028799995,-0.52686918899991],[-73.04417480699993,-0.534847339999942],[-73.05745027199993,-0.555964845999938],[-73.06099295799993,-0.575713569999948],[-73.07042119899995,-0.592501206999941],[-73.0747920149999,-0.621288799999945],[-73.08490213099992,-0.62280981899994],[-73.09924016799994,-0.609976081999946],[-73.11236962999993,-0.604585632999942],[-73.1368909329999,-0.607172465999952],[-73.1542436709999,-0.614391328999943],[-73.16148606899992,-0.620393151999906],[-73.19687245999995,-0.62662768499996],[-73.20902085299991,-0.624275049999937],[-73.22049275299992,-0.605895157999953],[-73.23935906199995,-0.58690858999995],[-73.2526395669999,-0.582504989999961],[-73.2575448799999,-0.576884777999908],[-73.2597347489999,-0.564807683999959],[-73.26773442599995,-0.553339045999962],[-73.27965716299991,-0.545668813999953],[-73.29927570399991,-0.54194939599995],[-73.31549975399992,-0.53093733299994],[-73.32515914899994,-0.520759908999935],[-73.32855589499991,-0.509594224999944],[-73.33564900099992,-0.506176846999949],[-73.35428545899993,-0.513623069999937],[-73.36643278399993,-0.521904135999932],[-73.37163790099993,-0.533374770999956],[-73.37850401199995,-0.536262060999945],[-73.39555762099991,-0.530566931999942],[-73.40763183199994,-0.518490439999937],[-73.42498739099995,-0.511579772999937],[-73.43502309899992,-0.511049054999944],[-73.45305674299993,-0.515152784999941],[-73.48874653899992,-0.528145765999909],[-73.50715836499995,-0.525108993999936],[-73.51711909099993,-0.521083872999952],[-73.52881666499991,-0.501486488999944],[-73.52919471199993,-0.492295010999953],[-73.53613715299991,-0.487509917999944],[-73.545643,-0.509615939999946],[-73.56020566099994,-0.517973088999952],[-73.57084542399991,-0.515543130999959],[-73.56933788899994,-0.494577117999938],[-73.57937485499991,-0.479840964999937],[-73.57986080799992,-0.454977778999933],[-73.5933816029999,-0.441906780999943],[-73.60922937599992,-0.439300381999942],[-73.65034655099993,-0.457588966999936],[-73.65268951899992,-0.451441633999934],[-73.6407497319999,-0.440700432999961],[-73.63569968199994,-0.429933870999946],[-73.64167816799994,-0.416706099999942],[-73.65158132099992,-0.41633264099994],[-73.66455269699992,-0.421671294999953],[-73.67666008299994,-0.421323141999949],[-73.69022399699992,-0.414804176999951],[-73.70781142899995,-0.386450066999942],[-73.71881101199995,-0.380974691999938],[-73.7301399179999,-0.380509634999953],[-73.73840191199992,-0.384014619999959],[-73.75260993599994,-0.40169285099995],[-73.76447615099994,-0.407716170999947],[-73.78839560999995,-0.408802245999937],[-73.8104486119999,-0.411891737999952],[-73.83073347899995,-0.405581343999927],[-73.84131793299991,-0.397977578999928],[-74.06362296799995,-0.46131805899995],[-74.24868925099992,-0.51384393099994],[-74.3891327369999,-0.553683589999935],[-74.39093583699992,-0.567630837999957],[-74.39634396499991,-0.580790804999936],[-74.39524610699993,-0.587625924999941],[-74.38315326499992,-0.59915611699995],[-74.37944422899994,-0.607626976999939],[-74.3669560649999,-0.613925380999945],[-74.3636044779999,-0.621290416999955],[-74.37144862999992,-0.627810317999945],[-74.37828290499993,-0.639474725999946],[-74.37604118599995,-0.652229868999939],[-74.3689233849999,-0.663823632999936],[-74.34878422499992,-0.675057442999957],[-74.34819631399995,-0.687424583999928],[-74.34185673199994,-0.694143058999941],[-74.3510270939999,-0.703945320999935],[-74.37043888799991,-0.707708722999939],[-74.38170746199995,-0.719651042999942],[-74.3759498359999,-0.73453378399995],[-74.3609329869999,-0.746878513999945],[-74.3548916009999,-0.755088565999927],[-74.34143641999992,-0.761557477999929],[-74.32700843499993,-0.760648509999953],[-74.31424494299995,-0.768101721999926],[-74.32161175499994,-0.786318875999939],[-74.3201840779999,-0.792829080999923],[-74.30288063799992,-0.795170470999949],[-74.2902837709999,-0.783292200999938],[-74.28662891899995,-0.793228828999929],[-74.29376730199994,-0.809846986999958],[-74.29336755199995,-0.818527259999939],[-74.28051846299991,-0.829491816999962],[-74.26675566099993,-0.82772149799996],[-74.25756142299991,-0.832632704999924],[-74.26812773699993,-0.839139467999928],[-74.27360612599995,-0.855434360999936],[-74.2683277399999,-0.871072857999934],[-74.2714006249999,-0.879123800999935],[-74.27904543299991,-0.878430388999959],[-74.2847545809999,-0.870446093999931],[-74.30024510899995,-0.863390617999926],[-74.30974945299994,-0.864538310999933],[-74.32179904299994,-0.879271932999927],[-74.31825840499994,-0.893434485999933],[-74.30952102399993,-0.898174370999925],[-74.29730011299995,-0.896118516999934],[-74.27736974699991,-0.907197285999928],[-74.2718085329999,-0.93276285099995],[-74.26417248899992,-0.941704844999947],[-74.2655935329999,-0.951496833999954],[-74.27707517999994,-0.960921423999935],[-74.27429714399995,-0.979859782999938],[-74.26412848899992,-0.984717660999934],[-74.24061252799993,-1.00428950099996],[-74.23509345199994,-1.003420095999957],[-74.22132869899991,-1.011503613999935],[-74.18612093899992,-1.011521888999937],[-74.17492753399995,-1.007021230999953],[-74.15550905999993,-1.015062923999949],[-74.14689191799994,-1.023978403999934],[-74.1186338139999,-1.038456053999937],[-74.1129271229999,-1.043451694999931],[-74.08651618999994,-1.054374419999931],[-74.07572737599992,-1.052240777999941],[-74.05987238099993,-1.05695008899994],[-74.04714434999994,-1.050788526999952],[-74.03587679899994,-1.035501678999935],[-74.03449721999993,-1.013781601999938],[-74.02815598599994,-1.005885858999932],[-74.01529032299993,-1.017559628999948],[-74.02647365699994,-1.043409574999941],[-74.02739870599993,-1.064550203999943],[-74.01137282399992,-1.098470167999949],[-73.99434497099992,-1.107485165999947],[-73.98285389199992,-1.11004199599995],[-73.97395665399995,-1.10128941399995],[-73.97286348499995,-1.091220646999943],[-73.96450827299992,-1.084749776999956],[-73.95219345699991,-1.094243693999942],[-73.95406913999994,-1.099993224999935],[-73.96807837499995,-1.115533512999946],[-73.96981205199995,-1.125560597999936],[-73.95253712599992,-1.133727963999945],[-73.93573380599992,-1.133965416999956],[-73.92326798399995,-1.123163820999935],[-73.9048168569999,-1.128274568999927],[-73.89773621899991,-1.151850754999941],[-73.89920607899995,-1.161769009999944],[-73.88971243499992,-1.18272980699993],[-73.8770917729999,-1.193922793999945],[-73.86892546299993,-1.210940698999934],[-73.86932521299991,-1.224532178999937],[-73.84711323399995,-1.237858974999938],[-73.83674992699991,-1.238174687999958],[-73.81381561499995,-1.249764984999956],[-73.79623292999992,-1.250868054999955],[-73.79029379499991,-1.242244887999959],[-73.78298409099995,-1.245728417999942],[-73.7851079209999,-1.258354795999935],[-73.77373274599995,-1.262803430999952],[-73.76208290499994,-1.259548327999937],[-73.75690698199992,-1.24486169499994],[-73.7513955039999,-1.239183583999932],[-73.75171089299994,-1.217360020999934],[-73.7416434559999,-1.239857572999938],[-73.72810586199995,-1.253853998999944],[-73.70796409799993,-1.255292273999942],[-73.69680579999994,-1.253184133999923],[-73.68273354799993,-1.241409942999951],[-73.6683853049999,-1.245976364999933],[-73.65680609299994,-1.263183281999943],[-73.64787571699992,-1.269072553999933],[-73.63129382299991,-1.272038871999939],[-73.61962572199991,-1.265457319999939],[-73.6210336609999,-1.291068639999935],[-73.61313914899995,-1.319699249999928],[-73.59795687499991,-1.330244520999941],[-73.58497962299992,-1.329775739999945],[-73.57399957199993,-1.319804905999945],[-73.57042851599994,-1.332159728999954],[-73.58004215099993,-1.33664558299995],[-73.57932602299991,-1.35370359999996],[-73.58258112599992,-1.376489317999926],[-73.57477901199991,-1.382877575999942],[-73.56310164899992,-1.380651326999953],[-73.5587230719999,-1.385252228999946],[-73.55235171699991,-1.402155493999942],[-73.55925631199995,-1.41752540899995],[-73.57376562199994,-1.412354256999947],[-73.58760034199992,-1.416780819999929],[-73.58727892499991,-1.424032318999934],[-73.57572827799993,-1.430912350999961],[-73.56008094299995,-1.431426314999953],[-73.53488604299991,-1.436774281999931],[-73.53139182099994,-1.451906494999946],[-73.53428653399993,-1.473423910999941],[-73.52771930999995,-1.480411817999936],[-73.5068516259999,-1.486312311999939],[-73.4907109749999,-1.485153105999927],[-73.4891772549999,-1.499003797999933],[-73.49668708099995,-1.512167179999949],[-73.49340581299992,-1.519895711999936],[-73.48185022699994,-1.522840748999954],[-73.47897329099993,-1.529241881999951],[-73.4831264359999,-1.540433145999941],[-73.49949503499994,-1.554010005999942],[-73.49591454699993,-1.568986853999945],[-73.47974473799991,-1.579237159999934],[-73.46368329199993,-1.569421895999938],[-73.45870399299992,-1.577789891999942],[-73.46462324399994,-1.58961131999996],[-73.48566001799992,-1.603303825999944],[-73.5051023449999,-1.619381953999948],[-73.51761893199995,-1.64154610199995],[-73.51634468999993,-1.655819858999962],[-73.52237499899991,-1.670781839999961],[-73.53783859799995,-1.681672698999932],[-73.5409385179999,-1.699057543999913],[-73.53434330699992,-1.707743363999953],[-73.5064566989999,-1.731476718999943],[-73.47799220499991,-1.736365556999942],[-73.45198598699994,-1.74873515999991],[-73.4377368019999,-1.763555160999942],[-73.43724743599995,-1.779677198999934],[-73.42873755999995,-1.791473983999936],[-73.39950354199993,-1.788080083999944],[-73.39185831299994,-1.783065077999936],[-73.38045676099995,-1.781138551999959],[-73.36696679599993,-1.788487974999953],[-73.35223023099991,-1.800537220999956],[-73.33493267599994,-1.804036676999942],[-73.32852787699994,-1.810414401999935],[-73.32627993199992,-1.822129635999943],[-73.31515762099991,-1.828705887999945],[-73.30328077899992,-1.829084339999952],[-73.29771734199994,-1.82450522399995],[-73.29732301799993,-1.81424672299994],[-73.30567833799995,-1.800203350999936],[-73.29642193599994,-1.788841100999946],[-73.28199545899992,-1.779864029999942],[-73.27300572199994,-1.783972366999933],[-73.25906580899994,-1.784280075999959],[-73.2509629779999,-1.781361261999962],[-73.2447363149999,-1.791470774999937],[-73.25752854899991,-1.795303067999953],[-73.25871457699992,-1.805301073999942],[-73.24545069999994,-1.808153880999953],[-73.23263952899993,-1.803018376999944],[-73.22564418699994,-1.787836271999936],[-73.22801947599993,-1.765269201999956],[-73.22719008799993,-1.755313981999961],[-73.2157726179999,-1.750893775999941],[-73.20905136899995,-1.758525179999936],[-73.19699402899994,-1.78940601499994],[-73.18535983999993,-1.808146937999936],[-73.1706115149999,-1.803110812999932],[-73.14702163899995,-1.804904892999957],[-73.14927773999995,-1.834544552999944],[-73.15711384299993,-1.853175451999959],[-73.15398742699995,-1.860960331999934],[-73.13945966599994,-1.872644718999936],[-73.11331245699995,-1.873832918999938],[-73.1087517279999,-1.884037143999933],[-73.11151578099992,-1.895767272999933],[-73.11854874499994,-1.904650613999934],[-73.12028394899994,-1.916476233999958],[-73.11456740299991,-1.93106906099996],[-73.1147263599999,-1.951484524999955],[-73.11782374199993,-1.972054219999961],[-73.12929441999995,-1.986529564999955],[-73.12130149799992,-2.016025710999941],[-73.11386464199995,-2.022621114999936],[-73.09839318299993,-2.027288778999946],[-73.0938603379999,-2.034076538999955],[-73.0948971819999,-2.044132486999956],[-73.10659395699992,-2.056129762999944],[-73.11408906799994,-2.069058337999934],[-73.11036273999991,-2.08123129899991],[-73.09941484599995,-2.084317853999949],[-73.06988149099993,-2.085164023999937],[-73.07111082599994,-2.095815268999957],[-73.07617631799991,-2.104938397999945],[-73.09572813299991,-2.115831528999934],[-73.11011090599993,-2.121349763999945],[-73.1186437689999,-2.131252914999948],[-73.12595336099992,-2.168140913999935],[-73.13782477699993,-2.183181918999935],[-73.15360293899994,-2.185059287999934],[-73.16883559099995,-2.183295256999941],[-73.17481564799994,-2.19753069099994],[-73.1705590709999,-2.203770872999939],[-73.17275446399992,-2.220625917999939],[-73.1564901509999,-2.259440127999937],[-73.13913829599994,-2.277970009999933],[-73.1327690899999,-2.291071561999956],[-73.12535112099994,-2.296544320999942],[-73.12683828399992,-2.323134798999945],[-73.1194619549999,-2.328548071999933],[-73.09757091299991,-2.326822961999937],[-73.0941206949999,-2.330987019999952],[-73.07214637299995,-2.342753452999943],[-73.07036772599992,-2.357375241999932],[-73.06578726299995,-2.363026461999937],[-73.05353303899994,-2.366060274999938],[-73.0446415749999,-2.360607152999933],[-73.03855232699993,-2.348162870999943],[-73.04080530199991,-2.329495096999949],[-73.02161732799993,-2.331493845999944],[-73.0172200849999,-2.348797283999943],[-73.0015156419999,-2.363016942999934],[-72.9911221559999,-2.359876055999962],[-72.9823847749999,-2.344856897999932],[-72.97204839699992,-2.34856885499994],[-72.96999254199994,-2.363016942999934],[-72.9582855939999,-2.37752213899995],[-72.95721188099992,-2.392361628999936],[-72.95216284399993,-2.403508294999938],[-72.93548353499995,-2.414188372999945],[-72.93252554899993,-2.433068275999915],[-72.9380561019999,-2.440419243999941],[-72.93908829799994,-2.450677858999939],[-72.93226487499993,-2.458139049999943],[-72.92470901999991,-2.455887307999944],[-72.91550050599994,-2.447392631999946],[-72.90583642799993,-2.444233811999936],[-72.88662455699995,-2.443404654999938],[-72.87932555999993,-2.439181109999936],[-72.86956976999994,-2.441620059999934],[-72.85767246499995,-2.440311355999938],[-72.83126044799991,-2.431150430999935],[-72.82001749499995,-2.420740287999934],[-72.80418416499992,-2.414851122999949],[-72.7930006979999,-2.407772226999953],[-72.78580282799993,-2.396529272999942],[-72.77200195499995,-2.394149812999956],[-72.7621774079999,-2.399744374999955],[-72.7571303229999,-2.424606911999945],[-72.75118167099993,-2.429365834999942],[-72.73868949999991,-2.428235588999939],[-72.7299449809999,-2.421097206999946],[-72.72887422399992,-2.399146680999934],[-72.70377090999995,-2.397600027999943],[-72.69913096099992,-2.40354868299994],[-72.7049606409999,-2.415148552999938],[-72.69615663499991,-2.423952561999954],[-72.69263065899992,-2.432250741999951],[-72.69277185199991,-2.45206589299994],[-72.67980378899995,-2.45248229799995],[-72.66302858899991,-2.441596263999941],[-72.66004536799994,-2.434345957999938],[-72.66013754399995,-2.418467902999907],[-72.65448632399995,-2.40651110899995],[-72.6350937169999,-2.389973857999962],[-72.63405865099992,-2.376636979999944],[-72.6394124389999,-2.364918133999936],[-72.63114381199995,-2.359683318999942],[-72.6209716159999,-2.363966349999941],[-72.60841995899995,-2.363490456999955],[-72.59705803299994,-2.368011432999936],[-72.58498226799992,-2.384310738999943],[-72.57955474199991,-2.395323807999944],[-72.56791492499991,-2.405128633999936],[-72.55635074399993,-2.406984614999942],[-72.54488174199992,-2.404652741999939],[-72.53243884599993,-2.411117373999957],[-72.52532257299993,-2.422927001999938],[-72.51061750399992,-2.42673414099994],[-72.4999099289999,-2.418596384999944],[-72.48672771499992,-2.42207039799996],[-72.47668638999994,-2.420642719999933],[-72.46331381899995,-2.425877533999937],[-72.4441254489999,-2.440749165999932],[-72.43648737899991,-2.442319609999913],[-72.42285306799994,-2.437893813999949],[-72.41492946199992,-2.430184359999942],[-72.4095042909999,-2.416335896999954],[-72.40079546399994,-2.434467388999906],[-72.4062206349999,-2.449457992999953],[-72.39836841399995,-2.470373456999937],[-72.3826811539999,-2.476802303999932],[-72.37859509299994,-2.489076016999945],[-72.36546046799992,-2.492787978999957],[-72.34483054099991,-2.482580089999942],[-72.32884056299991,-2.482865623999942],[-72.31299335299991,-2.475870009999937],[-72.29588502799993,-2.477345275999937],[-72.28886561799993,-2.47312173399996],[-72.28392823699994,-2.454264502999933],[-72.25894389599995,-2.460629562999941],[-72.25263832499991,-2.455037828999934],[-72.25335216299993,-2.446531256999947],[-72.26043105899993,-2.43826262999994],[-72.2566834079999,-2.432195003999936],[-72.23901590999992,-2.435347788999934],[-72.22795141699993,-2.448375338999938],[-72.20546550999995,-2.448375338999938],[-72.18728512099995,-2.435526417999938],[-72.1853726839999,-2.441654362999941],[-72.17585483999994,-2.444747661999941],[-72.16984670099993,-2.453135264999958],[-72.17151837099993,-2.47208676799994],[-72.16828230399994,-2.479415506999942],[-72.15656318299995,-2.481128576999936],[-72.14181888799993,-2.469744069999933],[-72.13039818199991,-2.438172380999958],[-72.13224961899994,-2.422585609999942],[-72.1207092329999,-2.404442221999943],[-72.11511749899995,-2.403133516999958],[-72.09631975799994,-2.390641345999938],[-72.0803773689999,-2.37398511799995],[-72.0641970339999,-2.350249996999935],[-72.04881610699994,-2.338813383999934],[-72.04212753299993,-2.338650124999958],[-72.02811298699993,-2.346534549999944],[-72.02206148399995,-2.361440887999947],[-72.01560616899991,-2.368695774999935],[-71.98786696199994,-2.373476659999938],[-71.9594284019999,-2.364234192999959],[-71.93370826099994,-2.382186175999948],[-71.9234083309999,-2.382992720999937],[-71.91812488999994,-2.378901390999943],[-71.9156202339999,-2.367944736999959],[-71.93232066099995,-2.326695043999962],[-71.92406131599995,-2.312916405999943],[-71.91860868599991,-2.311190525999962],[-71.89765517699993,-2.315703712999948],[-71.88298168199992,-2.313744299999939],[-71.86811174299993,-2.293417910999949],[-71.85987010999992,-2.271000941999944],[-71.85918185699995,-2.260055392999959],[-71.84548581899992,-2.234075908999955],[-71.83368629499995,-2.196942265999951],[-71.81437229199992,-2.197816362999959],[-71.81024700299992,-2.205470331999948],[-71.79984288599991,-2.207927853999934],[-71.79413327499992,-2.204700629999934],[-71.78907130499994,-2.187895087999948],[-71.77308848799993,-2.18282649799994],[-71.7632320109999,-2.174561819999951],[-71.7484783239999,-2.174280961999955],[-71.74320449399994,-2.161322519999942],[-71.74769748999995,-2.149681271999953],[-71.7415485219999,-2.146347470999956],[-71.72289937099993,-2.155111254999952],[-71.71957389699992,-2.164128955999956],[-71.72382659399995,-2.180281589999936],[-71.7331429589999,-2.196998005999944],[-71.73469000099993,-2.214800898999954],[-71.7316704669999,-2.224942456999941],[-71.7209630609999,-2.231031336999934],[-71.7096238609999,-2.233191083999941],[-71.68641848199991,-2.220411705999936],[-71.67364525599993,-2.209035664999931],[-71.65821732899991,-2.203512309999951],[-71.6485621459999,-2.203516066999953],[-71.62904538399994,-2.210906236999961],[-71.61298446799992,-2.233371158999944],[-71.60798265799991,-2.237179389999937],[-71.58655998499995,-2.242014813999958],[-71.57126322099992,-2.250130902999956],[-71.55579242599993,-2.248511607999944],[-71.53074259899995,-2.252516622999906],[-71.51965003999993,-2.25185270399993],[-71.5167002689999,-2.258813271999941],[-71.52371477699995,-2.299172521999935],[-71.52176535199993,-2.309694723999939],[-71.52575573099995,-2.320667930999946],[-71.51678386999993,-2.33124797499994],[-71.50675761199994,-2.347799343999952],[-71.49856705999991,-2.355850170999929],[-71.48363567699994,-2.354068497999947],[-71.47917832599995,-2.348529907999932],[-71.47789413999993,-2.329576335999946],[-71.48775110199995,-2.301921445999938],[-71.4826890679999,-2.288504560999911],[-71.47043510099991,-2.275029328999949],[-71.46322557299993,-2.274399555999935],[-71.4499541589999,-2.284518563999939],[-71.43411986099994,-2.31472995799993],[-71.43212318499991,-2.322375871999952],[-71.4234545679999,-2.331847013999948],[-71.41306372799994,-2.337082908999946],[-71.41019463499993,-2.345920947999957],[-71.39895795099994,-2.359017568999946],[-71.40004003399991,-2.366438010999957],[-71.40883765799992,-2.38299083499993],[-71.40941791599994,-2.392373970999927],[-71.40405742599995,-2.404271582999911],[-71.39513443299995,-2.411403290999942],[-71.38442126899992,-2.408784028999946],[-71.3696939109999,-2.392756463999945],[-71.35169224799995,-2.391549148999957],[-71.33775167899995,-2.383660878999933],[-71.33001139899994,-2.384910805999937],[-71.31704310399994,-2.380309075999946],[-71.30919483799994,-2.369335454999941],[-71.30650667499992,-2.355371735999938],[-71.30126176199991,-2.348999960999947],[-71.2850158199999,-2.34754105199994],[-71.27721564099994,-2.351614066999957],[-71.27940857199991,-2.360249005999947],[-71.2931853419999,-2.377657322999937],[-71.29093934699995,-2.384236546999944],[-71.28129020099993,-2.389049101999944],[-71.27117891699993,-2.385830805999944],[-71.25932698499992,-2.361730872999942],[-71.25269892799992,-2.355820730999937],[-71.22942356099992,-2.348476907999952],[-71.21702876799992,-2.353551427999946],[-71.21125862899993,-2.370660442999906],[-71.1933706019999,-2.383158830999946],[-71.17829244299992,-2.383363195999948],[-71.17024727499995,-2.378788552999936],[-71.16752505599993,-2.345588758999952],[-71.1516933719999,-2.337719461999939],[-71.14115985299992,-2.345602809999946],[-71.13128612899993,-2.344064202999959],[-71.12745254999993,-2.338488593999955],[-71.13094180399992,-2.31630582799994],[-71.14024802699993,-2.300915613999962],[-71.13199428799993,-2.288172211999949],[-71.11102840899991,-2.283442867999952],[-71.09321619199994,-2.284489891999954],[-71.06427163799992,-2.272882524999943],[-71.03662359499992,-2.27613662899995],[-71.02598681499995,-2.282892273999948],[-71.01981403199994,-2.298727066999959],[-71.00479751599994,-2.309206038999946],[-70.9963270849999,-2.309618967999938],[-70.98889112799992,-2.304651964999948],[-70.98698058199994,-2.291380886999946],[-70.99253452399995,-2.27683260799995],[-71.00198628299995,-2.262755701999936],[-71.0017724299999,-2.254110899999944],[-71.01028104799991,-2.239171547999945],[-71.01415110699992,-2.226458094999941],[-71.00248285399994,-2.211711960999935],[-70.98149392399995,-2.214004794999937],[-70.97587247299992,-2.219160235999937],[-70.97324922199994,-2.229799808999928],[-70.9642171019999,-2.24095998599995],[-70.95014508299994,-2.251975818999938],[-70.93661249299993,-2.257129533999944],[-70.91685798299994,-2.251110750999942],[-70.90059794599995,-2.22923678099994],[-70.8866503349999,-2.223490259999949],[-70.86918551399992,-2.22771950099991],[-70.85486935999995,-2.243790873999956],[-70.84022911999995,-2.291291574999946],[-70.83285704199994,-2.295531918999927],[-70.81479577599993,-2.299093765999942],[-70.7940855029999,-2.295262657999956],[-70.77066008999992,-2.299056343999951],[-70.76519332099991,-2.315735028999939],[-70.75677380699995,-2.328072023999937],[-70.7451785149999,-2.334432681999942],[-70.71355161899993,-2.338919998999927],[-70.7057204379999,-2.343268924999961],[-70.68764396299991,-2.344219446999944],[-70.68195113299993,-2.350104367999961],[-70.66370836199991,-2.35970333399996],[-70.66422004199995,-2.366895924999938],[-70.67988479199994,-2.389123922999943],[-70.68302803299991,-2.404154236999943],[-70.67810357699994,-2.411074900999949],[-70.66675471999991,-2.414290697999945],[-70.64316510399993,-2.413932235999937],[-70.6281674249999,-2.402965214999938],[-70.63242960699995,-2.421416226999952],[-70.64457623999994,-2.44765502599995],[-70.64348239799995,-2.462925812999913],[-70.62897333899991,-2.479614218999927],[-70.61039699699995,-2.487190644999941],[-70.59829866599995,-2.48800549799995],[-70.56818950999991,-2.484908313999938],[-70.55873919699991,-2.478440201999945],[-70.54798381199993,-2.466622927999936],[-70.5447448999999,-2.453463488999944],[-70.54761820599992,-2.447748729999944],[-70.56360539799994,-2.43712695399995],[-70.58160295599993,-2.432221602999959],[-70.5841188039999,-2.425119019999954],[-70.56517178099995,-2.419795431999944],[-70.54978690999991,-2.427148509999938],[-70.53650415999994,-2.444148965999943],[-70.52703721899991,-2.465549655999951],[-70.51732461699993,-2.474918806999938],[-70.5025792109999,-2.478381936999938],[-70.48719781699992,-2.472930743999939],[-70.47330646699993,-2.457067621999954],[-70.46926625799995,-2.456963156999961],[-70.45690194499991,-2.476683376999915],[-70.45041725899995,-2.510946927999953],[-70.43875829399991,-2.526310990999946],[-70.42500362299995,-2.531604414999947],[-70.40832244699993,-2.52936802399995],[-70.39719038099992,-2.521748198999944],[-70.38485825499993,-2.50566559799995],[-70.37372673599992,-2.497491690999937],[-70.35813690499992,-2.494211978999942],[-70.34090748799991,-2.498195969999927],[-70.3288491859999,-2.508427079999933],[-70.31600064499992,-2.510604945999944],[-70.30435990799992,-2.50488250099994],[-70.2994525009999,-2.506917319999957],[-70.29931168999991,-2.520677604999946],[-70.30511337899992,-2.527986970999962],[-70.31959851499994,-2.533807918999912],[-70.33919773299993,-2.534152943999914],[-70.34907304799992,-2.53708284399994],[-70.35998579099993,-2.545507442999906],[-70.36246843799995,-2.559132448999947],[-70.3581172499999,-2.567447892999951],[-70.34310799199994,-2.577257164999935],[-70.32804713399992,-2.582710810999913],[-70.30586572699991,-2.578415884999913],[-70.27961162699995,-2.560246118999942],[-70.26082972299992,-2.554505731999939],[-70.24927037299994,-2.555636514999946],[-70.24194275199994,-2.562359538999942],[-70.2373696439999,-2.577886121999938],[-70.2298596569999,-2.593398749999949],[-70.22856218399994,-2.616278319999935],[-70.23017816299995,-2.627446560999942],[-70.22662145499993,-2.642683981999937],[-70.2192549639999,-2.656488409999952],[-70.20073279899992,-2.664130155999942],[-70.1870338949999,-2.658042335999937],[-70.17938217999995,-2.634744886999954],[-70.17342239699991,-2.634089027999948],[-70.16543734499993,-2.642969567999955],[-70.15837623599992,-2.663400389999936],[-70.16880450899993,-2.694628335999937],[-70.16258723299995,-2.713386030999914],[-70.14716799199994,-2.717750782999929],[-70.13184813299995,-2.706109270999946],[-70.12197048199994,-2.704475714999944],[-70.11253625799992,-2.698385576999954],[-70.10325570899994,-2.677492092999955],[-70.10081551699994,-2.661971708999943],[-70.07981361499992,-2.661632003999955],[-70.07573356599994,-2.663980199999912],[-70.07092191099991,-2.682241034999947],[-70.07180752399995,-2.703278903999944],[-70.07485234499995,-2.720299366999939],[-70.06976700999991,-2.750043717999915],[-70.06062618599992,-2.759344623999937],[-70.07352527299992,-2.79090369499994],[-70.08030928699992,-2.794916533999924],[-70.11064410099993,-2.84205264499991],[-70.21161665099993,-3.000032491999946],[-70.28297578199994,-3.113244878999922],[-70.37662005599992,-3.261812994999957],[-70.43970872299991,-3.361904157999959],[-70.53751653199993,-3.516961480999953],[-70.60445912499995,-3.623062512999923],[-70.71324730499992,-3.795462915999906],[-70.70198876499995,-3.79212061699991],[-70.68805059499994,-3.793095602999927],[-70.67321227699995,-3.804450459999941],[-70.65302348499995,-3.829780041999925],[-70.6274846149999,-3.832590932999949],[-70.62182037799994,-3.839645006999945],[-70.61133623899991,-3.836863111999946],[-70.60422887699991,-3.827979026999913],[-70.59199116399992,-3.819657714999948],[-70.57985158199995,-3.816387678999945],[-70.5640423019999,-3.824326932999952],[-70.55461034299992,-3.836660389999906],[-70.5425810019999,-3.864074897999956],[-70.53120071299992,-3.878027828999961],[-70.52003428599994,-3.880354705999935],[-70.48625054799993,-3.876668196999958],[-70.46986939899995,-3.870682774999921],[-70.44844789699994,-3.859026959999937],[-70.42857065299995,-3.841990929999952],[-70.41883904199995,-3.82967931099995],[-70.40796555599991,-3.825399585999946],[-70.3839459429999,-3.825095460999933],[-70.37600316499993,-3.821569231999945],[-70.35444766799992,-3.800233766999952],[-70.34760652999995,-3.800345034999907],[-70.30765035999991,-3.812138460999961],[-70.28810165099992,-3.82059425999995],[-70.27836092099994,-3.827310078999915],[-70.27035939299992,-3.839959011999952],[-70.26201769099993,-3.86845201999995],[-70.25596939799993,-3.882968637999909],[-70.24808859399991,-3.895076908999954],[-70.2214957839999,-3.91520817199995],[-70.1920116579999,-3.923337907999951],[-70.18321948699992,-3.928627365999944],[-70.17477015799994,-3.953363474999946],[-70.1721913099999,-3.988298759999907],[-70.17646674299993,-4.009863383999914],[-70.17658382999991,-4.035124307999922],[-70.16744818899991,-4.051505458999941],[-70.1451726809999,-4.061329455999953],[-70.12337497099992,-4.06446479899995],[-70.1018100419999,-4.063122645999954],[-70.08900768699993,-4.065051405999952],[-70.0649341269999,-4.080909565999946],[-70.05602951399993,-4.090726140999948],[-70.04514252599995,-4.118415378999941],[-70.03387882099992,-4.132151113999953],[-70.01705419199993,-4.143195649999939],[-69.99663014999993,-4.167989591999913],[-69.98284524199994,-4.190115176999939],[-69.9690980979999,-4.197471805999953],[-69.95693447699995,-4.21074615699996],[-69.94983768299994,-4.229406465999944],[-69.93320689699993,-4.219604294999954],[-69.90899393399991,-4.084725787999957],[-69.88327831999993,-3.941437484999938],[-69.84898517499994,-3.751266616999942],[-69.82492335499995,-3.617619561999959],[-69.80103116899994,-3.484919625999908],[-69.76750458899994,-3.298592863999943],[-69.73966430199994,-3.143935577999912],[-69.71422907499993,-3.002638793999949],[-69.69058823699993,-2.870207165999943],[-69.66834597799993,-2.746312142999955],[-69.6414603849999,-2.596564224999952],[-69.59775603299994,-2.353188609999961],[-69.56955454299992,-2.196162710999943],[-69.53490690699994,-2.002585409999938],[-69.49111433799993,-1.758616458999938],[-69.45168061399994,-1.538911643999938],[-69.45089937699993,-1.527323249999938],[-69.45558681299991,-1.515083822999941],[-69.45623784899993,-1.48865187499996],[-69.45083426699995,-1.478416180999943],[-69.4377146409999,-1.464732603999948],[-69.4326689749999,-1.452762757999949],[-69.4356605719999,-1.411521310999944],[-69.42825449199995,-1.387875414999939],[-69.41710077599993,-1.37484786899995],[-69.39885777099994,-1.366101635999939],[-69.39816216999992,-1.353966628999956],[-69.40779396899995,-1.327610299999947],[-69.40942700699992,-1.31354700299994],[-69.40710703699995,-1.290168797999911],[-69.41406695899991,-1.268664423999951],[-69.42185766099993,-1.25701078599991],[-69.42974485099995,-1.235145217999957],[-69.42994986499991,-1.218428055999937],[-69.41547569399995,-1.185148813999945],[-69.41350587699992,-1.158922212999926],[-69.40821553899991,-1.146709391999934],[-69.39613203999994,-1.136722299999917],[-69.39549619399992,-1.12200235399996],[-69.40714621099994,-1.100053042999946],[-69.42560613899991,-1.076471609999942],[-69.43297404499992,-1.069490934999919]]]},"properties":{"DPTO_CCDGO":"91","DPTO_CNMBR":"AMAZONAS","DPTO_ANO_C":1991,"DPTO_ACT_A":"Dcto. 2274 del 4 de Octubre de la Constitución Política 1991","DPTO_NAREA":109497.053788,"DPTO_CSMBL":"3","DPTO_VGNC":2021,"Shape_Leng":25.3559773719,"Shape_Area":8.87747998889}},
{"type":"Feature","geometry":{"type":"Polygon","coordinates":[[[-69.84571911099994,1.713921054000082],[-69.82808689399991,1.707401046000086],[-69.80945032499994,1.694793563000076],[-69.80591760199991,1.699741907000089],[-69.78066614799991,1.695380704000058],[-69.77093653199995,1.711227914000062],[-69.74871502199994,1.714912665000043],[-69.75188509599991,1.723789909000061],[-69.74514614899994,1.729769864000048],[-69.71316682499992,1.731786776000092],[-69.70470482999991,1.735014196000066],[-69.69565095799993,1.729587709000043],[-69.6853112359999,1.731213757000091],[-69.66510115499995,1.729789480000079],[-69.65389857899993,1.718110505000084],[-69.6447424129999,1.729712757000073],[-69.63707366099993,1.723113760000047],[-69.62908892799993,1.723363025000083],[-69.62483618099992,1.731880224000065],[-69.61713114699995,1.730626470000061],[-69.60359784499991,1.747661762000064],[-69.5790002089999,1.755584681000073],[-69.56264624899995,1.764100728000074],[-69.55907885899995,1.77203099500008],[-69.53453336799993,1.777045324000085],[-69.52718964699994,1.769422045000056],[-69.51378262199995,1.766411620000042],[-69.50791864599995,1.758390021000082],[-69.49616091099995,1.761023926000064],[-69.47498731499991,1.743621384000051],[-69.4673928919999,1.753204870000047],[-69.44741409799991,1.742358736000085],[-69.43760279899993,1.744738664000067],[-69.43174933699993,1.738624455000092],[-69.40848953699992,1.741170814000043],[-69.40634911099994,1.73226390700006],[-69.39327093399993,1.726748056000076],[-69.27553094299992,1.726843613000085],[-69.08219708799993,1.727007934000085],[-68.95132606899995,1.72711916600008],[-68.81403914999993,1.727235851000046],[-68.59296534599991,1.727423749000081],[-68.4495500079999,1.727545643000042],[-68.26556624799991,1.72770201700007],[-68.16329212999995,1.727788333000092],[-68.16676924099994,1.739860210000074],[-68.1838249509999,1.730974291000052],[-68.19321000999992,1.738609980000092],[-68.17896419399995,1.767986560000054],[-68.19155471199991,1.779542551000077],[-68.20773358499991,1.78108201200007],[-68.21183948799995,1.773757275000094],[-68.22540607899992,1.773552935000055],[-68.23097612099991,1.780961351000087],[-68.24017218199992,1.772009890000049],[-68.24492318199992,1.78452898200004],[-68.23802077199991,1.809083774000044],[-68.23177914199994,1.820198708000078],[-68.24649152199993,1.824707621000073],[-68.27557418499993,1.820246986000086],[-68.27646080399995,1.832085865000067],[-68.2844486649999,1.836745315000087],[-68.27679536699992,1.847430802000076],[-68.2643987479999,1.870051050000086],[-68.25373975699995,1.880501363000064],[-68.25185049399994,1.893483574000072],[-68.24745279899992,1.899201558000073],[-68.2480530389999,1.90899274800006],[-68.24415852299995,1.917365465000046],[-68.24514876599994,1.927101583000081],[-68.23436261199993,1.938166828000078],[-68.22983795899995,1.948737945000062],[-68.22240670799994,1.954397530000051],[-68.21268895799994,1.974142438000058],[-68.21538375499995,1.980690646000085],[-68.20503071999991,1.987377725000044],[-68.2015805019999,2.000821679000069],[-68.20086666299994,2.031873645000076],[-68.19379966399993,2.039071515000046],[-68.18842640899993,2.002722004000077],[-68.18827931499993,1.992529258000047],[-68.18190235899993,1.977586243000076],[-68.16657862999995,1.963499833000071],[-68.14516348099994,1.973208034000038],[-68.12979046999993,1.960797809000042],[-68.13126742899993,1.952744670000072],[-68.12146404999993,1.946177357000067],[-68.11917976699993,1.938277547000041],[-68.1081390679999,1.926475420000088],[-68.10338014599995,1.908867409000038],[-68.09313868899994,1.89589901800008],[-68.08566718299994,1.898801960000071],[-68.0723810259999,1.890730762000089],[-68.06310648699991,1.892525299000056],[-68.0624235329999,1.882910758000094],[-68.04867070099993,1.859234725000078],[-68.04249841299992,1.854268847000071],[-68.04691857499995,1.841472707000094],[-68.03614962099994,1.827510172000075],[-68.04017029699992,1.819097531000068],[-68.0309802619999,1.811007583000048],[-68.02424843299991,1.812700826000082],[-68.01544731299992,1.831040874000053],[-67.99819629699994,1.845702698000082],[-67.9867527909999,1.842827745000079],[-67.97213456399993,1.828268519000062],[-67.96023336499991,1.833023251000043],[-67.9485123039999,1.827364855000042],[-67.94177967199994,1.820312828000056],[-67.9290957369999,1.816929057000038],[-67.90770917399993,1.804787934000046],[-67.90925727299992,1.814988926000069],[-67.9218969069999,1.820376793000094],[-67.91439372199994,1.827518394000037],[-67.91463066699993,1.836364390000085],[-67.9224702379999,1.858408896000071],[-67.90899647399993,1.864217888000042],[-67.9217053719999,1.89271040400007],[-67.9157694779999,1.897538083000086],[-67.88489805599994,1.894539896000083],[-67.87203972299994,1.912563786000078],[-67.86930241999994,1.923736399000063],[-67.85597159699995,1.930782682000086],[-67.84700884599994,1.938728561000062],[-67.83237977599993,1.939420644000052],[-67.8263794209999,1.960985635000043],[-67.81555771399991,1.967736881000064],[-67.80792811599991,1.976775455000052],[-67.80871656699992,1.985908659000074],[-67.80144078899991,1.993414039000072],[-67.78340562299991,1.999891911000077],[-67.7830303369999,2.007757066000067],[-67.77515340999992,2.012320437000085],[-67.7779162519999,2.025297383000066],[-67.77549773699991,2.034927122000056],[-67.75931958899992,2.034459560000073],[-67.75172247299992,2.03028177300007],[-67.73123312199994,2.02604798200008],[-67.7306946839999,2.011656129000073],[-67.71121207199991,2.008418471000084],[-67.70124478199995,2.009606418000089],[-67.69683499699994,2.001449807000085],[-67.68412283399994,2.002357073000042],[-67.67716859199993,2.009065329000066],[-67.65835077299994,1.990465665000045],[-67.64802543299993,2.001469980000081],[-67.63705177599991,2.007361571000047],[-67.63624045599994,2.014167152000084],[-67.62737476299992,2.021176339000078],[-67.63115458599992,2.030782357000078],[-67.6247542669999,2.04037896300008],[-67.60166221299994,2.043769897000061],[-67.59821908299995,2.064986713000053],[-67.59368280599995,2.065008068000054],[-67.57393823399991,2.103512692000038],[-67.5802177999999,2.106663516000083],[-67.57982561599994,2.115226541000084],[-67.58655757399993,2.121649911000077],[-67.58605448899993,2.135911337000039],[-67.58062577699991,2.144507536000049],[-67.57984665499993,2.155530265000039],[-67.57295363399993,2.163131941000074],[-67.55853083699992,2.157174035000082],[-67.55091059599994,2.149423576000061],[-67.53482663099993,2.150731719000078],[-67.52967810299992,2.159241890000089],[-67.52115509499993,2.156028284000058],[-67.51067761699994,2.164153079000073],[-67.4905679119999,2.16404945000005],[-67.48458599599991,2.158898772000043],[-67.47752925099991,2.166219169000044],[-67.46317032299993,2.170711200000085],[-67.45037608099994,2.168786540000042],[-67.44733300999991,2.182314542000086],[-67.43823670299992,2.196852001000082],[-67.42474862999995,2.193594696000048],[-67.42524726899995,2.203157336000061],[-67.41902396799992,2.212103073000094],[-67.4181975589999,2.220675934000042],[-67.3945699109999,2.232695420000084],[-67.38091437699995,2.220718293000061],[-67.36856747899992,2.216170815000055],[-67.36481517199991,2.207706725000094],[-67.36714505999993,2.197627625000052],[-67.36173908199993,2.18846820400006],[-67.3616561199999,2.170969912000089],[-67.3508641809999,2.175154595000038],[-67.33076992199994,2.164918477000072],[-67.32725679899994,2.154866180000056],[-67.32946817699991,2.146669849000091],[-67.33833983799991,2.137384599000086],[-67.35665229099993,2.111192844000072],[-67.35850957899993,2.09447272500006],[-67.35378858199994,2.086925204000067],[-67.3450396309999,2.085994055000072],[-67.35005628399995,2.075965780000047],[-67.34919118099992,2.065707678000081],[-67.35809804999991,2.049860614000067],[-67.35421909699994,2.029053139000041],[-67.34148266499994,2.026671423000039],[-67.34876931199994,1.99758115700007],[-67.34727758399993,1.984991772000058],[-67.33417629799993,1.975296028000059],[-67.32907228599993,1.965794282000047],[-67.32490913499993,1.941209135000065],[-67.31888378899993,1.938771305000046],[-67.31142502199992,1.91592823600007],[-67.3031146749999,1.900630401000058],[-67.29402949299993,1.900364598000067],[-67.27699989699994,1.911489396000093],[-67.27547160599994,1.923407032000057],[-67.26317839299992,1.912896455000066],[-67.24523926899991,1.914614117000042],[-67.24046771999991,1.910745496000061],[-67.22654125199995,1.912346281000055],[-67.22022634799993,1.917907687000081],[-67.21567163599991,1.892257419000089],[-67.20881698699992,1.885587391000058],[-67.21248983399994,1.870775698000045],[-67.2085023489999,1.858331643000042],[-67.1996410399999,1.85154237900008],[-67.18903001699994,1.850639189000049],[-67.17710990699993,1.845469619000085],[-67.16936377099995,1.829416225000045],[-67.1626567639999,1.830520972000045],[-67.1516815089999,1.816095548000078],[-67.16254585599995,1.810937816000092],[-67.16314655299993,1.80133881800009],[-67.15663039799995,1.795873042000039],[-67.14267741999993,1.798419467000087],[-67.13393610999992,1.795508320000067],[-67.1358425759999,1.78368682100006],[-67.1275575489999,1.77677798600007],[-67.1424092659999,1.763363472000094],[-67.14582176699992,1.754658110000094],[-67.14077301799995,1.749946142000056],[-67.13916250999995,1.731129220000071],[-67.14903093499993,1.731527749000065],[-67.14751581099995,1.721761398000069],[-67.14041970699992,1.71128032300004],[-67.13988828499993,1.698018678000039],[-67.13241366099993,1.694001673000059],[-67.13023299399993,1.684184094000045],[-67.13727893499993,1.680885450000062],[-67.1366780809999,1.655744128000038],[-67.13221770599995,1.644127792000063],[-67.13382221099994,1.631867411000087],[-67.14067871799995,1.629093185000045],[-67.14314347599992,1.604233157000067],[-67.13686697799994,1.608369644000049],[-67.13061525299992,1.600591123000072],[-67.11321600199994,1.594253128000048],[-67.1149944629999,1.585325168000054],[-67.10382931099991,1.578816890000041],[-67.10206873599992,1.556471128000055],[-67.09543429399992,1.541128607000076],[-67.10032421499994,1.530181062000054],[-67.10016231899993,1.50445970800007],[-67.09169421399992,1.491937849000067],[-67.08955071799994,1.476213039000072],[-67.07901463799993,1.473357991000057],[-67.07667893799993,1.456482425000047],[-67.08251467299993,1.451077348000069],[-67.08707472199995,1.418419571000072],[-67.0803224739999,1.40691227700006],[-67.08197840499992,1.390925025000058],[-67.07569329799992,1.372612496000045],[-67.07615697699993,1.366797710000071],[-67.08546912999992,1.36302031300005],[-67.09886826699994,1.34786670200009],[-67.10303692299993,1.339813427000081],[-67.1115142939999,1.337636857000064],[-67.12292415899992,1.340198825000073],[-67.1361574739999,1.349280583000052],[-67.1383327769999,1.344237663000058],[-67.15140938199994,1.345551768000064],[-67.15275333999995,1.32868460800006],[-67.15614968599994,1.317168097000092],[-67.14501114199993,1.313801582000053],[-67.1438344629999,1.300335432000054],[-67.13645404699992,1.290484800000058],[-67.12545643999994,1.28439211500006],[-67.12665434099995,1.270586398000091],[-67.10983479799995,1.265847762000078],[-67.10061086699994,1.259699642000044],[-67.09843673999995,1.248742379000078],[-67.1006035339999,1.235039541000049],[-67.09072891699992,1.227278255000044],[-67.09133979899991,1.213859064000076],[-67.08698449199994,1.210527725000077],[-67.08542679599992,1.191769431000068],[-67.09299007899995,1.170863703000066],[-67.089195,1.165633333000073],[-66.85688694399994,1.22795444400009],[-66.85580432799992,1.243396732000065],[-66.87592526799995,1.263489724000067],[-66.88092012899995,1.281620691000057],[-66.88103377399995,1.290329600000064],[-66.8732569309999,1.305077573000062],[-66.86678004499993,1.30987315200008],[-66.85400022399995,1.31203077400005],[-66.84721542699992,1.322718086000066],[-66.84774271099991,1.335268315000064],[-66.85606050699994,1.369699738000065],[-66.8748391339999,1.398093044000063],[-66.90157990799992,1.409059769000066],[-66.90924158999991,1.418223742000066],[-66.91209594999992,1.427237493000064],[-66.91119457999991,1.461639966000064],[-66.90818998399993,1.481920898000055],[-66.9102931939999,1.496342894000065],[-66.9187060349999,1.514971307000053],[-66.92080923099991,1.53104582800006],[-66.93087457599995,1.549674234000065],[-66.94229199299991,1.575213185000052],[-66.9484513779999,1.581372584000064],[-66.95896740499995,1.584677619000047],[-66.9634742849999,1.597747561000062],[-66.95971856199992,1.609014741000067],[-66.95911764499994,1.628844990000061],[-66.96437565899993,1.644619055000078],[-66.9622201709999,1.666721330000087],[-66.96891739599994,1.678997865000042],[-66.98959407799993,1.690636429000051],[-66.99214894899995,1.702003920000038],[-67.00348937899992,1.728926214000069],[-67.0120208859999,1.739002959000061],[-67.0144825129999,1.758792663000065],[-67.02130508899995,1.771593838000058],[-67.03307243499995,1.786412273000053],[-67.03765217199992,1.808987946000059],[-67.03539360099995,1.845482650000065],[-67.0468671619999,1.859708683000065],[-67.0585651689999,1.893190205000053],[-67.0602064169999,1.905929331000038],[-67.07155450099992,1.933960083000045],[-67.08419845899994,1.940466023000056],[-67.09127861999991,1.950970062000067],[-67.1035677509999,1.958302355000058],[-67.11386694799995,1.974938360000067],[-67.12317089499993,1.97961140600006],[-67.12051057899993,1.997502818000044],[-67.11603037499992,2.005617165000046],[-67.1150797599999,2.019895404000067],[-67.09715861399991,2.05128589800006],[-67.0991918599999,2.073661926000057],[-67.10595188099995,2.093867740000064],[-67.10802184999994,2.119304337000074],[-67.11471287899991,2.133488763000059],[-67.1217266619999,2.136990542000092],[-67.13367444499994,2.134454471000083],[-67.14628435899994,2.125855471000079],[-67.15378276699994,2.126366701000052],[-67.16157905699993,2.132835812000053],[-67.17517053899991,2.15088453900006],[-67.18593319999991,2.168194841000059],[-67.19375568299995,2.18536236500006],[-67.19545533099995,2.19731825100007],[-67.20126298499991,2.210548394000057],[-67.20251968399992,2.223267110000052],[-67.2207089769999,2.250621663000061],[-67.22051166199992,2.263657530000046],[-67.21589401599994,2.268678378000061],[-67.21399037799995,2.280695741000045],[-67.21802902299993,2.292589519000046],[-67.21365686699994,2.309628992000057],[-67.19847824499993,2.320493413000065],[-67.1863027199999,2.340225040000064],[-67.18790226999994,2.350310217000072],[-67.20072698799993,2.363799432000064],[-67.2128546209999,2.38034050400006],[-67.21619771899992,2.392424701000039],[-67.22567506199994,2.401524069000061],[-67.23938961899995,2.408654753000064],[-67.26270546799992,2.430035516000089],[-67.27655143499993,2.429662350000058],[-67.2977236129999,2.442711071000076],[-67.30182416999992,2.458229738000057],[-67.3128192339999,2.468728731000056],[-67.31622873399994,2.476870431000066],[-67.32848930099993,2.486034673000063],[-67.33654943999994,2.500632904000042],[-67.33616330199993,2.512587926000037],[-67.34462897999992,2.524738801000069],[-67.35189758199994,2.529512313000055],[-67.3832513449999,2.543965126000046],[-67.38646579599992,2.563044590000061],[-67.39069744499994,2.57194983100004],[-67.41465625799992,2.583311902000048],[-67.43045755199995,2.596581313000058],[-67.43481699499995,2.603705987000069],[-67.44979587199992,2.618658004000054],[-67.46490902999994,2.618411202000061],[-67.47053408199992,2.624200977000044],[-67.48300795299991,2.661898644000075],[-67.48673712099992,2.666971574000058],[-67.5055467919999,2.66644393100006],[-67.51964588499993,2.672809868000058],[-67.5389354539999,2.668303407000053],[-67.5543085029999,2.653619850000041],[-67.56309704499995,2.657121277000044],[-67.56891007899992,2.66869788300005],[-67.56928447899992,2.680908181000063],[-67.56529374099995,2.696805090000055],[-67.56275374499995,2.72128781300006],[-67.5645218539999,2.727457227000059],[-67.5843096019999,2.743936577000056],[-67.5858205319999,2.760598969000057],[-67.58347590299991,2.771663419000049],[-67.5926511959999,2.787437943000043],[-67.61034161099991,2.804107766000072],[-67.6122998479999,2.810150050000061],[-67.6214057919999,2.81384218900007],[-67.64069774199993,2.809143640000059],[-67.64980930799993,2.79789074100006],[-67.65834797499991,2.796558368000092],[-67.68560500699994,2.802291507000064],[-67.73556534099993,2.816934397000068],[-67.73473890899993,2.831179573000043],[-67.73992331099993,2.837795063000044],[-67.75326903299992,2.836845014000062],[-67.76364313699992,2.831823854000049],[-67.78818493099993,2.82636109300006],[-67.81088971499992,2.83215387000007],[-67.82233882399993,2.82719600300004],[-67.83296836399995,2.809200601000043],[-67.8379501149999,2.793300197000065],[-67.86411073599993,2.789472143000069],[-67.8628294419999,2.864865688000066],[-67.73075364599993,2.983108325000046],[-67.54531614799993,3.149123744000065],[-67.51640571699994,3.174741244000074],[-67.4348526899999,3.248472015000061],[-67.3811784639999,3.248417414000073],[-67.38428750199995,3.264964659000043],[-67.3811181559999,3.281783179000058],[-67.38160288699993,3.292583516000093],[-67.37521852499992,3.301047074000053],[-67.35662590499993,3.30935816300007],[-67.3343439489999,3.335384485000077],[-67.3250119619999,3.356640969000068],[-67.32263590999992,3.366477503000056],[-67.3107846339999,3.37789336600008],[-67.31300999399991,3.394556891000093],[-67.3299926979999,3.425691034000067],[-67.33915038499993,3.451022203000093],[-67.3566735519999,3.457747288000064],[-67.36756342399991,3.466007208000065],[-67.3945629939999,3.471581263000076],[-67.40146813699994,3.479996636000067],[-67.40794274399991,3.50618453900006],[-67.40763755099994,3.517292349000058],[-67.41204402999995,3.538876882000068],[-67.4306726449999,3.562245206000057],[-67.43128605099992,3.575071225000045],[-67.4440718429999,3.585236201000043],[-67.44884098199992,3.611484167000071],[-67.44538279099993,3.614003986000057],[-67.43887438799993,3.639957153000069],[-67.43990107399992,3.646630606000087],[-67.45129083099994,3.65204854600006],[-67.45333944899994,3.658873540000059],[-67.44795671599991,3.676483996000059],[-67.45442851199994,3.682677377000061],[-67.4659578319999,3.684748379000041],[-67.48284095799994,3.711895577000064],[-67.48599220299991,3.723799294000059],[-67.48661134899993,3.742683570000054],[-67.50128593499994,3.767448795000064],[-67.5161302539999,3.775234340000054],[-67.52481985499992,3.773653080000088],[-67.5373092129999,3.758426842000063],[-67.54805328899994,3.755101019000051],[-67.55610857999994,3.757168879000062],[-67.59434099499992,3.751319551000051],[-67.61250545099995,3.755614175000062],[-67.6227176779999,3.77794861700005],[-67.63442656199993,3.785550010000065],[-67.63570826999995,3.793236236000041],[-67.64501807199991,3.81514044100004],[-67.64531513599991,3.852433093000059],[-67.65015776299992,3.868934722000063],[-67.65888302199994,3.882182497000088],[-67.66291515899991,3.897075078000057],[-67.67637603199995,3.912284119000049],[-67.68331074399993,3.916051263000043],[-67.69238842099992,3.936180024000066],[-67.69092849599991,3.952431349000051],[-67.69739558399993,3.977031641000053],[-67.69801195399992,4.01083331600006],[-67.7033714559999,4.039559048000058],[-67.70760158799993,4.045025831000089],[-67.71938720199995,4.036815795000052],[-67.75224875999993,4.023345513000038],[-67.79339972199995,3.998329281000053],[-67.81930581899991,3.979689759000053],[-67.86835429299992,3.925532069000042],[-67.8795652519999,3.917049515000087],[-67.90590702999992,3.910459882000055],[-67.91964453599991,3.910747062000041],[-67.92215715599991,3.935614858000065],[-67.93072791199995,3.956462649000059],[-67.9448010399999,3.965361277000056],[-67.96084138599991,3.962485341000047],[-67.98354231199994,3.970129531000055],[-67.9935029209999,3.980321786000047],[-68.01921519399991,3.973835808000047],[-68.02801759399995,3.977773721000062],[-68.03201608899991,3.989003703000037],[-68.02875953699993,4.001585832000046],[-68.03453251499991,4.01135548700006],[-68.04303899099995,4.011497937000058],[-68.05095016099995,3.99746329900006],[-68.05581464599993,3.977310435000049],[-68.0734194449999,3.938394566000056],[-68.08384333999993,3.941174268000054],[-68.08278867699994,3.94814879200004],[-68.0724269239999,3.96324734600006],[-68.07272297499992,3.973313051000048],[-68.0783599909999,3.980535161000091],[-68.09161099099992,3.979580135000049],[-68.0982961819999,3.974566240000058],[-68.10533950699994,3.949735535000059],[-68.12061994099992,3.939349618000051],[-68.12849891399992,3.942572833000042],[-68.13625850999995,3.95343626500005],[-68.12324626599991,3.970268621000059],[-68.11954553499993,3.982087079000053],[-68.1269469959999,3.999516325000059],[-68.13470659099994,4.001545759000066],[-68.1472413219999,3.998561298000084],[-68.16705813499993,3.987578487000064],[-68.18687494699992,3.987459109000042],[-68.2000065709999,3.997128756000052],[-68.20716927399991,3.990801702000056],[-68.1996484359999,3.981012675000045],[-68.20048408499991,3.961792753000054],[-68.21278005899995,3.95916642800006],[-68.23164184399991,3.972894945000064],[-68.24274403399994,3.976118159000066],[-68.26268022499994,3.975879405000057],[-68.28190014699993,3.979580135000049],[-68.31389355499994,3.977789459000064],[-68.32857709799993,3.990204812000059],[-68.33979866599992,3.99390554200005],[-68.34887142499991,3.98853351200006],[-68.34612572199995,3.978266971000039],[-68.35388531699994,3.96012145800006],[-68.35448220799992,3.947706103000087],[-68.34230561299995,3.93564888800006],[-68.34672261299994,3.92406918100005],[-68.36474874999993,3.920845967000048],[-68.37059829199995,3.914638288000049],[-68.38432680699992,3.912847612000064],[-68.4041436199999,3.92454669500006],[-68.42037908099991,3.926695505000055],[-68.43315256799991,3.92012969600006],[-68.43756956999994,3.907594963000065],[-68.42957121699993,3.895895881000058],[-68.39745842899993,3.877869744000066],[-68.3917282669999,3.870348906000061],[-68.39017634699991,3.860559878000061],[-68.39328018599991,3.852084012000091],[-68.40438237599994,3.847428256000057],[-68.41441016199991,3.852919660000055],[-68.42598986599995,3.875004662000038],[-68.43339132599993,3.883838663000063],[-68.4467617059999,3.884435556000085],[-68.45028816099995,3.868318353000063],[-68.44020925199993,3.853819897000051],[-68.44252433699995,3.840624757000057],[-68.4541900829999,3.838779230000057],[-68.46600406199991,3.850325639000062],[-68.48358229599995,3.849310908000064],[-68.49645966299994,3.837361015000056],[-68.5062872769999,3.832006680000063],[-68.51365871799993,3.823567367000066],[-68.51418471699992,3.808249881000052],[-68.50323957199993,3.795602686000052],[-68.5072005479999,3.780294378000065],[-68.5191786659999,3.779590299000063],[-68.52714839499993,3.785387431000061],[-68.55021690599995,3.812783208000042],[-68.5624393299999,3.819919416000062],[-68.57376653799992,3.810659477000058],[-68.56985543499991,3.79745998900006],[-68.55508283699993,3.784544084000061],[-68.54755208999995,3.771416724000062],[-68.5552680799999,3.765131913000062],[-68.56656990899995,3.784485630000063],[-68.58003532299995,3.789822297000057],[-68.58950312699994,3.777023821000057],[-68.60168770299993,3.783986050000067],[-68.61134827599994,3.782860128000038],[-68.62669856199994,3.772782981000091],[-68.63589324199995,3.774224258000061],[-68.64485712599992,3.783976770000038],[-68.65483806299994,3.804405106000047],[-68.66346784599995,3.809868902000062],[-68.67624531199993,3.811135042000046],[-68.68125123599992,3.803805221000061],[-68.67403025599992,3.788888219000057],[-68.65716473599991,3.783653960000038],[-68.64489597699992,3.771382722000055],[-68.65293875499992,3.761460753000051],[-68.67048243099993,3.775911651000058],[-68.68275462999992,3.775634566000065],[-68.69617264899995,3.768456039000057],[-68.70964920099993,3.767584483000064],[-68.73224639499995,3.772760839000057],[-68.74265345899994,3.780698352000059],[-68.75366234799992,3.783356647000062],[-68.76013194299992,3.780255689000057],[-68.76784532699992,3.769758595000042],[-68.7690434189999,3.747019227000067],[-68.77493117499995,3.73497732900006],[-68.78223342799993,3.72853365800006],[-68.80039549399993,3.720050040000046],[-68.81253276699994,3.719765402000064],[-68.8261611069999,3.735831302000065],[-68.83782556999995,3.744053636000046],[-68.85257241199992,3.737790025000038],[-68.85214272999991,3.718292703000088],[-68.83862285099991,3.701015306000045],[-68.8364828039999,3.691418712000086],[-68.83002538199992,3.683920295000064],[-68.8293736899999,3.674850870000057],[-68.84042374899991,3.672541927000054],[-68.84450534299992,3.68733237400005],[-68.85126880399991,3.699787830000048],[-68.86332051099993,3.706137366000064],[-68.87541652399995,3.705491961000064],[-68.88763025199995,3.699444808000067],[-68.89967141399995,3.686587536000047],[-68.91134314399994,3.682264627000052],[-68.9268428279999,3.687762200000066],[-68.9293332819999,3.693566406000059],[-68.92910506599992,3.711333599000056],[-68.92513338899994,3.729354145000059],[-68.92908188799993,3.738540926000042],[-68.94443045899993,3.740245533000063],[-68.94776348599993,3.730609227000059],[-68.93833687199992,3.713854594000054],[-68.93542069799992,3.697323509000057],[-68.94140869699993,3.683403484000053],[-68.94959670599991,3.679204498000047],[-68.95870910899993,3.68061233800006],[-68.97535891399991,3.692812521000064],[-68.99221024899992,3.692913804000057],[-69.01196633199993,3.681953109000062],[-69.03927988599992,3.654019710000057],[-69.04421961399993,3.645397678000052],[-69.05594243999991,3.638655851000067],[-69.06532933999995,3.641899701000057],[-69.0710337239999,3.653237248000039],[-69.08175696599994,3.654793106000056],[-69.0868426529999,3.639416955000058],[-69.09496266799994,3.635910444000046],[-69.10552672199992,3.642762398000059],[-69.10898448899991,3.652090487000066],[-69.11026555099994,3.667507355000055],[-69.11382483699992,3.67481650700006],[-69.1275916809999,3.673701483000059],[-69.14134833799994,3.653455602000065],[-69.1519064069999,3.643028893000064],[-69.16767092499992,3.634212773000058],[-69.18669243599993,3.633916194000051],[-69.18755425199993,3.641946829000062],[-69.17042893099995,3.655681431000062],[-69.1684366309999,3.672241629000041],[-69.17996390199994,3.675809818000062],[-69.19464531099993,3.667077962000064],[-69.20285970399993,3.674839362000057],[-69.19668987599994,3.69305502800006],[-69.19821791999993,3.697813451000059],[-69.21053842999993,3.701369592000049],[-69.22043241199992,3.679325564000067],[-69.23296593099991,3.673476786000037],[-69.24179105199994,3.683886481000059],[-69.24204655999995,3.705726126000059],[-69.25046091899992,3.718136926000057],[-69.26266162099995,3.723589807000053],[-69.27967753599995,3.726294526000061],[-69.2870756289999,3.72272528700006],[-69.28425528699995,3.707173490000059],[-69.27085659999995,3.696361324000065],[-69.2679905519999,3.685445904000062],[-69.2711695289999,3.670432306000066],[-69.2813950609999,3.652392152000061],[-69.29198258699995,3.644787372000053],[-69.29930195999992,3.644801916000063],[-69.30565814399995,3.652168163000056],[-69.3037337099999,3.665782230000048],[-69.29152084299994,3.689937398000041],[-69.29180509799994,3.709490130000063],[-69.30560096599993,3.717345213000044],[-69.31184416699995,3.713677374000042],[-69.32048270899992,3.695911179000063],[-69.32902739299993,3.693476859000043],[-69.35744256899994,3.674917145000052],[-69.36635858199992,3.66549606600006],[-69.3777378019999,3.669330980000041],[-69.3785343749999,3.678184471000066],[-69.38407953199993,3.684868097000049],[-69.39539140499994,3.680422057000044],[-69.3999234229999,3.665759433000062],[-69.40658798899995,3.660185151000064],[-69.41455031299995,3.660534461000054],[-69.42469613799994,3.667335374000061],[-69.43156272599992,3.687240665000047],[-69.44439534799994,3.706638069000064],[-69.46182768599994,3.709234084000059],[-69.47794075799993,3.69609319500006],[-69.48753075999991,3.674354880000067],[-69.48554345199994,3.660084450000056],[-69.49300863099995,3.650748942000064],[-69.49968420099992,3.655220666000048],[-69.49757245899991,3.672663354000065],[-69.51040737199992,3.679195865000054],[-69.53276493099992,3.674689225000066],[-69.55981664399991,3.678208509000058],[-69.57376250399994,3.67657104500006],[-69.5710853189999,3.667222697000057],[-69.57895994199993,3.659426139000061],[-69.58168503399992,3.638100484000063],[-69.57736279099993,3.628803785000059],[-69.57599926499995,3.61593821200006],[-69.57830047899995,3.60341089800005],[-69.58758952599993,3.582315553000058],[-69.59000600299993,3.57190391000006],[-69.5955958589999,3.56977272000006],[-69.6015182989999,3.588159894000057],[-69.61247052399995,3.595523340000057],[-69.62043710599994,3.590736182000057],[-69.62071258499992,3.578339331000052],[-69.6248107429999,3.570085593000044],[-69.64297260299992,3.571186479000062],[-69.65023924699994,3.580062220000059],[-69.66243349099994,3.585516188000042],[-69.6736792289999,3.579220067000051],[-69.68071322599991,3.557980498000063],[-69.69088994499992,3.543958400000065],[-69.7015255039999,3.542390533000059],[-69.70178719099994,3.559640156000057],[-69.70926218099993,3.575896043000057],[-69.72942547799994,3.591523107000057],[-69.73958853199991,3.591028789000063],[-69.7448467399999,3.586334041000043],[-69.7416455309999,3.575145991000056],[-69.72071442399994,3.569300824000038],[-69.71311095899995,3.550699339000062],[-69.7227397119999,3.54275926400004],[-69.73403358399992,3.542927851000059],[-69.7472068209999,3.554941804000066],[-69.75758736599994,3.561272852000059],[-69.77506074699994,3.56513562400005],[-69.78424349799991,3.559350554000048],[-69.7895000339999,3.550252453000041],[-69.78664570899991,3.524322837000057],[-69.7982062719999,3.509821079000062],[-69.8056375399999,3.506885277000038],[-69.81539814899992,3.515932921000058],[-69.8139885299999,3.546569282000064],[-69.82081780199991,3.555416607000041],[-69.83410792799992,3.556613073000051],[-69.84604810099995,3.544059459000039],[-69.84489165399992,3.531684618000043],[-69.83319417099995,3.508886481000047],[-69.81621547199995,3.489420087000042],[-69.8140723169999,3.484310821000065],[-69.82209568199994,3.476858388000039],[-69.84729476399991,3.48769380400006],[-69.85822040699992,3.503027498000051],[-69.87244670399991,3.535845381000058],[-69.88964321499992,3.539402918000064],[-69.89707918199991,3.532931077000057],[-69.89553528399995,3.517216695000059],[-69.87562169899991,3.498729185000059],[-69.86168031299991,3.475395490000039],[-69.87170605199992,3.461935305000054],[-69.87059505999991,3.444475802000056],[-69.87419676499991,3.433474171000057],[-69.8862911519999,3.426278395000054],[-69.90498581999992,3.426301555000066],[-69.90799426899991,3.436932055000057],[-69.91496909499995,3.446998145000066],[-69.94592471599992,3.459180677000063],[-69.96027962399995,3.456920550000063],[-69.96350127799991,3.447246179000047],[-69.96124641699993,3.437565371000062],[-69.9461543079999,3.424643372000048],[-69.9395572869999,3.414198365000061],[-69.93919266899991,3.403096588000039],[-69.94354559099992,3.394751987000063],[-69.96942282899994,3.388519761000055],[-69.99895833199992,3.372960583000065],[-70.00594529199992,3.37325850700006],[-70.01690777499994,3.383874225000056],[-70.0140024879999,3.402850953000041],[-70.01534927999995,3.408535556000061],[-70.02580958499993,3.417619678000051],[-70.03376656599994,3.417843656000059],[-70.04299546999994,3.410997092000059],[-70.04969929299995,3.400432778000038],[-70.07302445399995,3.387977681000052],[-70.10071838999994,3.384480021000059],[-70.11232058199994,3.386366877000057],[-70.1128993989999,3.397480223000059],[-70.1190626209999,3.403148455000064],[-70.13051678699992,3.395859438000059],[-70.12947549899991,3.372170143000062],[-70.13780580199995,3.361496939000062],[-70.17034604699995,3.353426958000057],[-70.17190797899991,3.344836337000061],[-70.1534251189999,3.324531223000065],[-70.14275191799993,3.320626392000065],[-70.12400873799993,3.304746754000064],[-70.1128977219999,3.299985966000065],[-70.10960958299995,3.284361370000056],[-70.11961599699993,3.28005859600006],[-70.13274071699993,3.29287940200004],[-70.14759390199993,3.291078298000059],[-70.15785059199993,3.281578099000058],[-70.15785059199993,3.259971376000067],[-70.15368544199993,3.254504613000051],[-70.1359835479999,3.249298174000046],[-70.13181839599991,3.244091734000051],[-70.12765324599991,3.221964368000044],[-70.12765324599991,3.203063796000038],[-70.13682052299993,3.192671039000061],[-70.14833929699995,3.19096376400006],[-70.15227966599991,3.197543860000053],[-70.15345764599994,3.220654611000043],[-70.15717934699995,3.229403063000063],[-70.16734811499992,3.236678849000043],[-70.17825257499993,3.230822327000055],[-70.1778077649999,3.216888263000044],[-70.16069512899992,3.199133546000041],[-70.15820787399991,3.189969528000063],[-70.17245224399994,3.175524635000045],[-70.18547764499993,3.171766138000066],[-70.19399478699995,3.174371371000063],[-70.19807037099991,3.18166977900006],[-70.1996371589999,3.194887633000064],[-70.20971470199993,3.207175436000057],[-70.21785881999995,3.205977460000042],[-70.22023671499994,3.196987444000058],[-70.20651144599992,3.184920142000067],[-70.20652729199992,3.173090093000042],[-70.21823878099991,3.169027959000061],[-70.22489021199993,3.177695234000055],[-70.23378373999992,3.182354132000057],[-70.2472809539999,3.176485151000065],[-70.25079781399995,3.162959542000067],[-70.25993902399995,3.143588045000058],[-70.28375064699992,3.12893013300004],[-70.2874599939999,3.118161057000066],[-70.28081906499995,3.109306484000058],[-70.2786652499999,3.09955449000006],[-70.2824942549999,3.092375103000052],[-70.29386161199994,3.090041804000066],[-70.3132459489999,3.090101634000064],[-70.32156206899992,3.083221390000062],[-70.3172544379999,3.072093344000052],[-70.31133144699993,3.069819872000039],[-70.28548566499995,3.071375407000062],[-70.27274225799994,3.066110524000067],[-70.25844331899992,3.049298802000067],[-70.25569122199994,3.038529724000057],[-70.27187977699992,3.030817630000058],[-70.29512086099993,3.035367006000058],[-70.30184272899993,3.026225409000062],[-70.29015564699995,3.011734989000047],[-70.28485640499991,3.000842476000059],[-70.2801057989999,2.980259468000042],[-70.27776782699993,2.954650589000039],[-70.27980198599994,2.934309003000067],[-70.2985525599999,2.930729283000062],[-70.30798077299994,2.92202489500005],[-70.32401502399995,2.91336913300006],[-70.35087788499993,2.916240888000061],[-70.35614276799993,2.904215417000046],[-70.34883850599994,2.878388244000064],[-70.35147616699993,2.859763065000038],[-70.35871538099991,2.851865744000065],[-70.37385191399994,2.849173474000054],[-70.4046399739999,2.830947035000065],[-70.44796426399995,2.819429232000061],[-70.46730356199993,2.816806418000056],[-70.4987731949999,2.808370642000057],[-70.49660041099992,2.795935504000056],[-70.50115263299995,2.787987389000079],[-70.62034877799994,2.739020770000081],[-70.81694183899992,2.658243227000071],[-70.94249237999992,2.606656134000048],[-70.9333262479999,2.587532189000058],[-70.93004660199995,2.573225725000043],[-70.9168337289999,2.560006289000057],[-70.9019794479999,2.56655279000006],[-70.8880507909999,2.557483606000062],[-70.87623011999995,2.560523628000055],[-70.87064716299994,2.565904285000045],[-70.8480699399999,2.568137148000062],[-70.83808118499991,2.556338449000066],[-70.82994987799992,2.541145137000058],[-70.82930773599992,2.532729152000059],[-70.8097227909999,2.52914774900006],[-70.79245044299995,2.520112234000067],[-70.77925303299992,2.534782341000039],[-70.76577318299991,2.539574754000057],[-70.75405502899991,2.53698950200004],[-70.74726304699993,2.529861091000043],[-70.74304928299995,2.514112108000063],[-70.74350576099994,2.499829766000062],[-70.72454151799991,2.478088280000065],[-70.70686397499992,2.471737227000062],[-70.69028368099993,2.444059971000058],[-70.67964932599995,2.440763892000064],[-70.68154410599993,2.428104007000059],[-70.6746101089999,2.410795656000062],[-70.66773412599991,2.404264329000057],[-70.6657670219999,2.394340125000042],[-70.65494337399991,2.380494967000061],[-70.64203020799994,2.352705044000061],[-70.63666361899993,2.347533506000048],[-70.63754047299994,2.337859390000062],[-70.63294560899993,2.333220310000058],[-70.62999854199995,2.312933052000062],[-70.6153643749999,2.305465536000042],[-70.60394530499991,2.296408030000066],[-70.58125072599995,2.288589731000059],[-70.57362086799992,2.293132775000061],[-70.5619437389999,2.293049543000052],[-70.54788942599993,2.28569619600006],[-70.53073066999991,2.268444203000058],[-70.52000719299991,2.270035254000049],[-70.51909701099993,2.280441634000056],[-70.5085250429999,2.280589362000057],[-70.51227939899991,2.270791837000047],[-70.50105760899993,2.25954506100004],[-70.51306464399994,2.258106570000052],[-70.51374957299993,2.24435780500005],[-70.4968140119999,2.233741834000057],[-70.4840019529999,2.234698821000052],[-70.47471053399994,2.243430507000085],[-70.46595518499993,2.234007674000054],[-70.45590716799995,2.246081167000057],[-70.46420230399991,2.248860617000048],[-70.4581677079999,2.257349650000037],[-70.43777862699994,2.259594198000059],[-70.4265238509999,2.267564977000063],[-70.41738726599993,2.266877147000059],[-70.41558056499991,2.254646730000047],[-70.40614123899991,2.255680482000059],[-70.4041482909999,2.265377096000066],[-70.3952627669999,2.266183125000055],[-70.3938077119999,2.25592787000005],[-70.38278834699992,2.245085679000056],[-70.36152500899993,2.234390373000053],[-70.34724736499993,2.247397567000064],[-70.34105629399994,2.24602715900005],[-70.3412892529999,2.233215547000043],[-70.32498449899992,2.223307256000055],[-70.31004150899992,2.208791415000064],[-70.29362268599994,2.225265655000044],[-70.2970121109999,2.241117407000047],[-70.3082845209999,2.247757127000057],[-70.29562162699995,2.252636963000043],[-70.2768030709999,2.237561669000058],[-70.2514176869999,2.26390461200009],[-70.23709704999993,2.262554383000065],[-70.24485454199993,2.253266816000064],[-70.24730164199991,2.243267210000056],[-70.23542369499995,2.240044828000066],[-70.22326364199995,2.245962336000048],[-70.21466291099995,2.233956091000039],[-70.20275414299994,2.240633135000053],[-70.19951330799995,2.230680910000046],[-70.18899240099995,2.231434080000042],[-70.18272015799994,2.240114528000049],[-70.17207550799992,2.237424154000053],[-70.16595678599992,2.241901700000085],[-70.1564437529999,2.240832309000041],[-70.16096229699991,2.259596166000051],[-70.15499450999994,2.263997749000055],[-70.1482083759999,2.249182114000064],[-70.14065538599993,2.252974989000052],[-70.13747855699995,2.261631777000048],[-70.1505385609999,2.265665893000062],[-70.15272349699995,2.273110917000054],[-70.1413950139999,2.276901286000054],[-70.1209417849999,2.263139959000057],[-70.10681888599993,2.268143447000057],[-70.08696448299992,2.262964991000047],[-70.07323519499994,2.276494415000059],[-70.07113072599992,2.291890266000053],[-70.0627128509999,2.29543463400006],[-70.04471410399992,2.289564274000043],[-70.05412883399993,2.281367923000062],[-70.04260963599995,2.274389947000088],[-70.0378468909999,2.266692022000086],[-70.0281552589999,2.262095419000048],[-70.02549698299993,2.238780120000058],[-70.02235426899995,2.233297591000053],[-69.9954826419999,2.223834539000052],[-69.99679828799992,2.214290930000061],[-70.01382360399992,2.185308517000067],[-70.03624480299993,2.181950970000059],[-70.02871945599992,2.174591159000045],[-70.03219621799991,2.15991858600006],[-70.03758679399994,2.163172068000051],[-70.05461973799993,2.16211947000005],[-70.05216367799994,2.156314237000061],[-70.05835167599992,2.145724465000058],[-70.08080709299992,2.137845932000062],[-70.08321366699994,2.131537111000057],[-70.09688313099991,2.123970778000057],[-70.1012790549999,2.11780107900006],[-70.11697817799995,2.112583584000049],[-70.10967378799995,2.09877222700004],[-70.1047030929999,2.09528279500006],[-70.11287587399994,2.084654269000055],[-70.10960353999991,2.08005021300005],[-70.11907974899992,2.059172639000053],[-70.12175515599995,2.031845106000048],[-70.1133058719999,2.01418441900006],[-70.11505054399993,1.99918530900004],[-70.12724471599995,1.991849784000067],[-70.1419235109999,1.976248886000064],[-70.13744066599992,1.964452569000059],[-70.14265283499992,1.950597431000062],[-70.15847372999991,1.943630456000051],[-70.16558622199994,1.933795853000049],[-70.16329960599995,1.920103794000056],[-70.1751200249999,1.903580380000051],[-70.18030599899993,1.885637755000062],[-70.17556491499994,1.870091528000046],[-70.15437630799994,1.869540573000052],[-70.14866130699994,1.867252484000062],[-70.12339124899995,1.837498215000039],[-70.11429644399993,1.836199028000067],[-70.0976390379999,1.818579327000066],[-70.09465662199995,1.811251778000042],[-70.07965480199994,1.800619525000059],[-70.07076557699992,1.800720630000058],[-70.05472030099992,1.776684912000064],[-70.04494499499992,1.771621449000065],[-70.02584472799992,1.767508587000066],[-70.0162265109999,1.760896679000041],[-70.00527836599991,1.762917818000062],[-69.99404663099995,1.752340258000061],[-69.97834865499993,1.748310032000063],[-69.97501501199991,1.743234932000064],[-69.96513847199992,1.74654369700005],[-69.93844444799993,1.745598336000057],[-69.9295879039999,1.748434422000059],[-69.90769532199994,1.741792013000065],[-69.9022719319999,1.742662741000061],[-69.88373787099994,1.727711102000058],[-69.87513010599992,1.728755976000059],[-69.85134680099992,1.708231678000061],[-69.84571911099994,1.713921054000082]]]},"properties":{"DPTO_CCDGO":"94","DPTO_CNMBR":"GUAINÍA","DPTO_ANO_C":1991,"DPTO_ACT_A":"Articulo 309 Constitucion Politica de 1991","DPTO_NAREA":71289.3546827,"DPTO_CSMBL":"3","DPTO_VGNC":2021,"Shape_Leng":21.1790506698,"Shape_Area":5.74793739457}},
{"type":"Feature","geometry":{"type":"Polygon","coordinates":[[[-71.07752569599995,2.882232412000064],[-71.08778136599994,2.883059269000057],[-71.10291911099995,2.872613693000062],[-71.11583084799992,2.875150103000067],[-71.13527390299993,2.902754990000062],[-71.14076514999994,2.901710180000066],[-71.13883480699991,2.882759372000066],[-71.1514491019999,2.872164049000048],[-71.1563467439999,2.873954373000061],[-71.16940797799992,2.889024618000064],[-71.1728221969999,2.89827596300006],[-71.18350852899994,2.904840702000058],[-71.1881082619999,2.89320114800006],[-71.20784681799995,2.890662367000061],[-71.2131890899999,2.885886733000063],[-71.21808458499993,2.868576690000054],[-71.24064178499992,2.861709662000067],[-71.24954684699992,2.865737297000067],[-71.24969693799994,2.877227152000046],[-71.2547440589999,2.884985793000055],[-71.26216469099995,2.885581505000061],[-71.27804158799995,2.86782179100004],[-71.29451554899993,2.87125085200006],[-71.30015627699993,2.877516968000066],[-71.29986911299994,2.900847193000061],[-71.3037383269999,2.916498955000066],[-71.31369674399991,2.924885373000052],[-71.3310375449999,2.920821853000064],[-71.33279095799992,2.910246284000038],[-71.32851739299991,2.893025562000048],[-71.3383906599999,2.870725166000057],[-71.3463977749999,2.859153337000066],[-71.35485961699993,2.857945901000051],[-71.35875148799994,2.863987565000059],[-71.3563904639999,2.877336512000056],[-71.35816139299993,2.886377005000043],[-71.36608066199994,2.892503955000052],[-71.38225075999992,2.887806855000065],[-71.37924275099994,2.87249524300006],[-71.38302279899995,2.855533906000062],[-71.38929984899994,2.844811230000062],[-71.39844631499994,2.847475148000058],[-71.42000842399995,2.868119852000063],[-71.43557528499991,2.873744240000065],[-71.45012657299992,2.884962438000059],[-71.46442389899994,2.899045667000053],[-71.46826073799991,2.893956183000057],[-71.46387708499992,2.870151544000066],[-71.4652067259999,2.856887982000046],[-71.47999110099994,2.853181389000042],[-71.49158634799994,2.870263385000044],[-71.51160544699991,2.87688279200006],[-71.52800218999994,2.879262917000062],[-71.5420595029999,2.860303952000038],[-71.54588268799995,2.859083080000062],[-71.57413930299992,2.87196461700006],[-71.5844721659999,2.86603378600006],[-71.57158755799992,2.850869794000062],[-71.58132330099994,2.842457652000064],[-71.59724974799991,2.847136213000056],[-71.60793419399994,2.846821202000058],[-71.62384796099991,2.840833911000061],[-71.6333857219999,2.825366148000057],[-71.65221259899994,2.820186094000064],[-71.67057394299991,2.823246316000052],[-71.67345929599992,2.831640074000063],[-71.66314196999991,2.846853758000066],[-71.65798330699994,2.861018222000041],[-71.66200531599992,2.872734508000065],[-71.68150331399994,2.871685288000037],[-71.68263996799993,2.852537030000065],[-71.69383164399994,2.838197696000066],[-71.70222540099991,2.84047100500004],[-71.72906793699991,2.860581047000039],[-71.7417460069999,2.884275924000065],[-71.7557356019999,2.896779127000059],[-71.76762675799995,2.892669683000065],[-71.76596549299995,2.882177485000057],[-71.75958274099992,2.872384769000064],[-71.75844608599994,2.851225506000048],[-71.76902571699992,2.831202899000061],[-71.7800425229999,2.817825348000042],[-71.78922319499992,2.821934791000047],[-71.78922319499992,2.835312342000066],[-71.78406453199995,2.857783128000051],[-71.79001010999991,2.871335548000047],[-71.79752951699993,2.875532427000053],[-71.81746468999995,2.879292131000057],[-71.85051510799991,2.872734509000054],[-71.84964075799991,2.868887369000049],[-71.8277820159999,2.872734509000054],[-71.8186887789999,2.857783128000051],[-71.8242256609999,2.842061666000063],[-71.82891333899994,2.837090506000038],[-71.84959451499992,2.842816926000069],[-71.85823367599994,2.842473247000044],[-71.88872222899994,2.832829749000041],[-71.91175444099991,2.827828469000053],[-71.9245208669999,2.828354919000049],[-71.94029686999994,2.833319506000066],[-71.9528845669999,2.831958628000052],[-71.9672566239999,2.821861081000065],[-71.98141013799994,2.801368271000058],[-71.98625242399993,2.807386769000061],[-71.9922320519999,2.823529565000058],[-72.00750884699994,2.829857765000042],[-72.02618070699992,2.828113561000066],[-72.0468969179999,2.817768671000067],[-72.05941986399995,2.817331066000065],[-72.08021393999991,2.824861876000057],[-72.09608166499993,2.836065206000058],[-72.1124398689999,2.875357301000065],[-72.12686963899995,2.888373344000058],[-72.13884222699994,2.883402090000061],[-72.1419583839999,2.866554807000057],[-72.15853732599993,2.866568471000051],[-72.1741012789999,2.873341672000038],[-72.18952112099993,2.874278393000054],[-72.19910448099995,2.869306575000053],[-72.2043645199999,2.858858552000072],[-72.20775112099994,2.83630523000005],[-72.2043645199999,2.812743135000062],[-72.18743151599995,2.798764399000049],[-72.1840449149999,2.790333927000063],[-72.18939947399991,2.774923344000058],[-72.19843618399995,2.770268138000063],[-72.2151208809999,2.775662055000055],[-72.22611634999993,2.784429998000064],[-72.23808641799991,2.804961160000062],[-72.2517048759999,2.822974993000059],[-72.26474689199995,2.82275882600004],[-72.27108776199992,2.815841514000056],[-72.2715921489999,2.807771317000061],[-72.26510716899992,2.796458631000064],[-72.26610682199993,2.788024661000065],[-72.27286339299991,2.77964716200006],[-72.28753518099995,2.772959098000058],[-72.29448116099991,2.773843055000043],[-72.30906092399994,2.797251238000058],[-72.31641056799992,2.799701121000055],[-72.33550523199995,2.796746853000059],[-72.34799464699995,2.786406768000063],[-72.35841511299992,2.781131545000051],[-72.37250682399991,2.757390150000049],[-72.38967224499993,2.736505776000058],[-72.40665012599993,2.726001370000063],[-72.41139987799994,2.72568708600005],[-72.43305032699993,2.739680556000053],[-72.4432282919999,2.734885577000057],[-72.46958050699993,2.734251273000041],[-72.47216954899994,2.729432674000066],[-72.46408714599994,2.717035960000089],[-72.46523757499995,2.696665],[-72.47220881499993,2.689345507000041],[-72.48555482499995,2.686067484000091],[-72.50986848199994,2.691022277000059],[-72.51952254199995,2.698735077000038],[-72.53056264899993,2.703088734000062],[-72.53865261999994,2.698453827000094],[-72.53568562999993,2.685444712000049],[-72.54835240099993,2.678902113000049],[-72.56279593099993,2.682218814000066],[-72.5714208199999,2.674116644000094],[-72.5710723389999,2.666275837000057],[-72.5592240069999,2.662791032000086],[-72.55486800199992,2.651204059000065],[-72.5616484169999,2.646920378000061],[-72.57753186199994,2.64642075200004],[-72.58671925699991,2.639323478000051],[-72.58742583499992,2.631035512000039],[-72.58118880399991,2.608535744000051],[-72.5804526359999,2.591962374000047],[-72.58319157199992,2.585353424000061],[-72.59753311199995,2.584450188000062],[-72.59944487999991,2.614394048000065],[-72.60629705399992,2.62281269500005],[-72.62466266599995,2.626931748000061],[-72.63726280199995,2.60983753000005],[-72.64441714599991,2.604238613000064],[-72.64664193199991,2.596333651000066],[-72.64308542499992,2.580802163000044],[-72.65295977699992,2.571539949000055],[-72.66370276299995,2.575802807000059],[-72.66287651999994,2.588516349000088],[-72.6671406289999,2.610734218000061],[-72.67242206399993,2.618072655000049],[-72.68220978799991,2.622828219000041],[-72.69958313099994,2.619972050000058],[-72.70602413199992,2.613006],[-72.71970753799991,2.584696828000062],[-72.73623408499992,2.570983660000081],[-72.74752910699993,2.569989090000092],[-72.7616077369999,2.573095014000046],[-72.78889799699994,2.588867081000046],[-72.7958125209999,2.608068979000052],[-72.80281214399992,2.613899296000056],[-72.81650725899993,2.61464959500006],[-72.84859507099992,2.596751494000046],[-72.86779064699994,2.578482711000049],[-72.87935921899992,2.577457898000091],[-72.89258747199995,2.57057678700005],[-72.8980990789999,2.563188292000063],[-72.9109154059999,2.567089359000079],[-72.92181778399993,2.560516868000093],[-72.91903151499992,2.539828292000038],[-72.92471229499995,2.529678409000041],[-72.93304301199993,2.524493092000057],[-72.9479042449999,2.523959801000046],[-72.95621715699991,2.514513308000062],[-72.95810645499995,2.499587853000094],[-72.95069095899993,2.495289701000047],[-72.94388948699992,2.503744311000048],[-72.93626647899993,2.502735682000093],[-72.93053952999992,2.491738425000051],[-72.92755600999993,2.475575649000064],[-72.92978176699995,2.468867221000039],[-72.93820266299991,2.464683944000058],[-72.96000424599993,2.481027837000056],[-72.97060652999994,2.471490201000051],[-72.97139339199992,2.46115812000005],[-72.96313203599993,2.452489964000051],[-72.98638834899992,2.451744944000041],[-72.99335641099992,2.443733857000041],[-73.01180131199993,2.433489947000055],[-73.0348191619999,2.412983531000066],[-73.03792433599995,2.432897677000085],[-73.04308894399992,2.437957569000048],[-73.05580929899992,2.426350315000093],[-73.06653277399994,2.426980465000042],[-73.07375414599994,2.41523978400005],[-73.08178899099994,2.410949303000052],[-73.09653535899992,2.393166945000075],[-73.11369929699993,2.381509339000047],[-73.1180206869999,2.40704904100005],[-73.12302656799994,2.411568870000053],[-73.13473427499991,2.407644022000056],[-73.14058973699991,2.395074534000059],[-73.12665129699991,2.388127485000041],[-73.12996793999991,2.376545641000064],[-73.14180475199993,2.377320860000054],[-73.15585689199992,2.365604738000059],[-73.16774215999993,2.370109122000088],[-73.1640455399999,2.396118253000054],[-73.17403439199995,2.400967691000062],[-73.18267955399995,2.396669236000093],[-73.18575471199995,2.388657562000049],[-73.19999483099991,2.382645310000044],[-73.21684373199992,2.385688362000053],[-73.21133945899993,2.398528403000057],[-73.21784346699991,2.40458250100005],[-73.22469480099994,2.389907606000065],[-73.23974901199995,2.388831703000051],[-73.2530574999999,2.381527969000047],[-73.26734429999993,2.381329543000049],[-73.26337574399992,2.371937293000087],[-73.2439298239999,2.373392433000049],[-73.23857227399992,2.36598446000005],[-73.2381754189999,2.353880366000055],[-73.24733090899991,2.347971725000093],[-73.25558777399993,2.355729199000052],[-73.27057258099995,2.358035944000051],[-73.27999232299993,2.352772943000048],[-73.29908155099992,2.336217853000051],[-73.3088616249999,2.34321099400006],[-73.31962794299994,2.358668223000052],[-73.3250529149999,2.360886200000039],[-73.3362016449999,2.353925523000044],[-73.32984545399995,2.344090130000041],[-73.33779401599992,2.328840734000039],[-73.35591178699991,2.324165390000076],[-73.3584433119999,2.336542855000062],[-73.34552951599994,2.348590645000058],[-73.34866315399995,2.363664970000059],[-73.35637033899991,2.368484349000084],[-73.37400691999994,2.363373412000044],[-73.37472620799991,2.329701193000062],[-73.38046975999993,2.324350279000043],[-73.39602142899992,2.328406175000055],[-73.3880581869999,2.342087947000039],[-73.39075618599992,2.351481944000057],[-73.41162360999994,2.356944572000089],[-73.42016880799991,2.353921831000093],[-73.42470058399994,2.346426183000062],[-73.4241227789999,2.329892806000089],[-73.43489186499994,2.325481278000041],[-73.44104616699991,2.334428777000085],[-73.43367092699992,2.349953670000048],[-73.43137121099994,2.362900537000087],[-73.43852698599994,2.382752580000044],[-73.45261356799995,2.384311622000041],[-73.45564471599994,2.379138190000049],[-73.44703768799991,2.353698135000059],[-73.44675033599992,2.343750728000089],[-73.4588807529999,2.33824035400005],[-73.46314092499995,2.353129607000085],[-73.47403902399992,2.361762919000057],[-73.48542994999991,2.356889515000091],[-73.49916467799994,2.358287562000044],[-73.50866181999993,2.349722181000061],[-73.50635292499993,2.33524843500004],[-73.51874290299992,2.33707979400009],[-73.51407569799994,2.349591960000055],[-73.52266718499993,2.367776251000066],[-73.5240458909999,2.383396517000051],[-73.5338075599999,2.385984275000055],[-73.5417132739999,2.376089413000045],[-73.55828170199993,2.368601426000055],[-73.56398763999994,2.360035424000046],[-73.57384600299991,2.354874270000039],[-73.58369626299992,2.357540095000047],[-73.58798006899991,2.366157365000049],[-73.58265093799992,2.375829027000066],[-73.58439483899991,2.387545296000042],[-73.58904101399992,2.390069751000055],[-73.59914178899993,2.380612934000055],[-73.61850009699992,2.376722600000051],[-73.63213711599991,2.362928942000053],[-73.63142846199992,2.353588637000087],[-73.61384779299993,2.341135077000047],[-73.6187038079999,2.33298078200005],[-73.63037808899992,2.330856849000043],[-73.6355564349999,2.321400778000054],[-73.63227644499995,2.303867239000056],[-73.6289405949999,2.299569112000086],[-73.6334089419999,2.288257509000061],[-73.64623065899991,2.284406450000063],[-73.65693152999995,2.294470947000093],[-73.65682022499993,2.035304352000082],[-73.65675577999991,1.861772496000071],[-73.65666833299991,1.61773194400007],[-73.65804132199992,1.607360567000057],[-73.66370938599994,1.596458299000062],[-73.6598339549999,1.590455631000054],[-73.6583457879999,1.576350894000086],[-73.64920267199994,1.568146453000054],[-73.63797521299995,1.545637098000043],[-73.62674459099992,1.539132714000061],[-73.6136274189999,1.523725132000038],[-73.6112446379999,1.510920672000054],[-73.5933886819999,1.489931904000059],[-73.58547626699993,1.487915283000063],[-73.57871148399994,1.469780114000059],[-73.55497821099993,1.447995160000062],[-73.54659153999995,1.436479825000049],[-73.54545215299993,1.416427103000046],[-73.54812353599993,1.407217016000061],[-73.53795394199994,1.399441110000055],[-73.53511581399994,1.389910731000043],[-73.50782194999994,1.386512215000039],[-73.50331465199991,1.370167036000055],[-73.47664297199992,1.361683858000049],[-73.47001824699993,1.35183175800006],[-73.47009816999991,1.341034117000049],[-73.45732574399995,1.323085156000047],[-73.45974764699992,1.31176169400004],[-73.4541410089999,1.298447583000041],[-73.4469853889999,1.290831829000069],[-73.42823154799993,1.295765017000065],[-73.4225380709999,1.279953680000062],[-73.42723953899991,1.263560181000059],[-73.4140486849999,1.24558642900007],[-73.41386390299994,1.23184771800004],[-73.4224599719999,1.218299823000052],[-73.4149286039999,1.211811985000054],[-73.41822161199991,1.198175289000062],[-73.41650436599991,1.183567450000055],[-73.41177427699995,1.174860927000054],[-73.3962768209999,1.170224099000052],[-73.39182209299992,1.154829626000094],[-73.39271141599994,1.147070903000042],[-73.37463452799994,1.141494396000041],[-73.37320452599994,1.131162791000065],[-73.35787697799992,1.128466587000048],[-73.33398029999995,1.110281703000055],[-73.33456857099992,1.094126421000055],[-73.32549839799992,1.090294756000048],[-73.32261294699993,1.080724079000049],[-73.3012868049999,1.075305528000058],[-73.3021168919999,1.070196783000085],[-73.2807775899999,1.05984432200006],[-73.27732901799993,1.046562935000054],[-73.2647359959999,1.048216357000058],[-73.24768210099995,1.039537564000057],[-73.2389550019999,1.031928596000057],[-73.24796554599993,1.022362193000049],[-73.23507981599994,1.008874374000072],[-73.22501857899994,1.005936695000059],[-73.2166846479999,0.997035400000073],[-73.20430352799991,1.004865009000071],[-73.19897031599993,0.998661841000057],[-73.18517709199995,0.999342675000094],[-73.17164863799991,0.991803054000059],[-73.18244351599992,0.971186036000063],[-73.17551162899991,0.960864103000063],[-73.16263451099991,0.949859101000072],[-73.1643801319999,0.945280007000065],[-73.14851774699991,0.940878006000048],[-73.13943545899991,0.917780150000056],[-73.1300495829999,0.914643093000052],[-73.12238402899993,0.921954460000052],[-73.11024057799995,0.918286127000044],[-73.10287860999995,0.912340896000046],[-73.08734511199992,0.910494078000056],[-73.0786423049999,0.894884683000043],[-73.05223029799993,0.911683126000071],[-73.04560199799994,0.906193272000053],[-73.02488223299991,0.921423184000048],[-73.01311826499995,0.91150603400007],[-73.00595868899995,0.919551072000047],[-73.00694534399992,0.931947509000054],[-72.98711103999995,0.932377589000055],[-72.99138654699993,0.949176030000046],[-72.98270903899993,0.955247756000063],[-72.95586695199995,0.968959737000091],[-72.95265399699991,0.978927489000057],[-72.94030815399992,0.979990039000086],[-72.92891499199993,1.001872262000063],[-72.9329902149999,1.008512064000058],[-72.92793131699995,1.016100412000071],[-72.90941715899993,1.008687722000047],[-72.8848252969999,1.024075199000038],[-72.87526960299994,1.021299834000047],[-72.86711915799992,1.025585843000044],[-72.8745318469999,1.03640626400005],[-72.85728241299995,1.043678425000053],[-72.86149816099993,1.057309343000043],[-72.86083066799995,1.071923937000065],[-72.87214292399995,1.076807177000092],[-72.86999991899995,1.087662728000055],[-72.87618301499992,1.090754275000052],[-72.87526960299994,1.100766675000045],[-72.86378168999994,1.108214497000063],[-72.85928489299994,1.102277319000052],[-72.84899144299993,1.107933446000061],[-72.86736507599994,1.120475295000062],[-72.87186187399993,1.134387263000065],[-72.87045662499992,1.145594126000049],[-72.85580690199993,1.142713367000056],[-72.8494481489999,1.145277944000043],[-72.85085339799991,1.158171107000044],[-72.84424872699992,1.161227523000093],[-72.83592262499991,1.155782182000053],[-72.82274841399993,1.161086997000041],[-72.81624913599995,1.168078112000046],[-72.82264301999993,1.178652613000054],[-72.80518279799992,1.182657572000039],[-72.79762958399994,1.176088033000042],[-72.78431484799995,1.175315146000059],[-72.77658597699991,1.18142798100007],[-72.76920841899994,1.177106839000089],[-72.7774993889999,1.164564990000088],[-72.77802635799992,1.147877655000059],[-72.76446570299993,1.132595569000046],[-72.75079965399993,1.128801398000064],[-72.74194658399995,1.133614377000072],[-72.74250868399992,1.146683194000047],[-72.7339717939999,1.153287864000049],[-72.72673476199992,1.16811324300005],[-72.7262780559999,1.185784253000065],[-72.71897075999993,1.18785699600005],[-72.69919187699992,1.182200868000052],[-72.6942032419999,1.177071708000085],[-72.69367627299994,1.163616447000038],[-72.67077071199992,1.163827234000053],[-72.66441195899995,1.152725767000049],[-72.65777215599991,1.151777224000057],[-72.65144853499993,1.171661498000049],[-72.63665828699993,1.159365568000055],[-72.63518277599991,1.149107248000064],[-72.61923319699991,1.134106213000052],[-72.60816685899994,1.133017145000053],[-72.58968783099994,1.124901831000045],[-72.58663141399995,1.115697449000038],[-72.57380851599993,1.11302747700006],[-72.55703099599992,1.093614066000043],[-72.53464265799994,1.083660664000092],[-72.5205874749999,1.081017449000058],[-72.50802171899994,1.067612580000059],[-72.50017598999995,1.073255631000052],[-72.48414888299993,1.071598377000043],[-72.47959668199991,1.078814771000054],[-72.46782808599994,1.083870445000059],[-72.45691958499992,1.080430069000045],[-72.45484277299994,1.069164942000043],[-72.44202528499994,1.054081844000052],[-72.43227056699993,1.046802516000071],[-72.4262263139999,1.037301620000051],[-72.42365943899995,1.022663494000085],[-72.41332256299995,1.012465367000061],[-72.39920307099993,1.00261488700005],[-72.4033690679999,0.992175767000049],[-72.41026950299994,0.987430712000048],[-72.40046509099994,0.967362853000054],[-72.37702235799992,0.957590288000063],[-72.3850587689999,0.935443432000056],[-72.39234760599993,0.923295370000062],[-72.38870318799991,0.917968912000049],[-72.37403206499994,0.917408229000046],[-72.3544082709999,0.935069645000056],[-72.3399240409999,0.926659448000066],[-72.34646530499992,0.908157012000061],[-72.34543739299994,0.898158223000053],[-72.33244830899991,0.880403361000049],[-72.34319467299991,0.870684908000044],[-72.34086302599991,0.862756412000067],[-72.33114005599992,0.850768068000093],[-72.3288038899999,0.840781984000046],[-72.31880509899992,0.844613295000045],[-72.3168427199999,0.854425194000044],[-72.3246922379999,0.865825685000061],[-72.32394466399995,0.875357243000053],[-72.3088997559999,0.876291707000064],[-72.30011577099992,0.882085400000051],[-72.28852838699993,0.873207971000056],[-72.28703324199995,0.862274711000055],[-72.2965647979999,0.853957961000049],[-72.30011577099992,0.837791692000053],[-72.28796770799994,0.823774695000054],[-72.28927596099993,0.81676619600006],[-72.30329295699994,0.817420325000057],[-72.31011456199991,0.80929046600005],[-72.29961737799994,0.795556226000087],[-72.29336177899995,0.782411047000039],[-72.2696544499999,0.763105179000092],[-72.26111966699995,0.766913822000049],[-72.26177632799994,0.778142743000046],[-72.26978595299994,0.787328441000057],[-72.26619599799994,0.794691409000052],[-72.25044551299993,0.790231507000044],[-72.23866981999993,0.768111240000053],[-72.2262030039999,0.757493194000062],[-72.22185126799991,0.747279620000086],[-72.23025654399993,0.716153835000057],[-72.22071602799991,0.706117415000051],[-72.21005917499991,0.700083360000065],[-72.20037841399994,0.701969929000086],[-72.19079114699991,0.726988759000051],[-72.17789052699993,0.723047082000051],[-72.16851494999992,0.712071347000062],[-72.16248900699992,0.714315178000049],[-72.15927870199994,0.732889580000062],[-72.14622207999992,0.719427451000058],[-72.14029382399991,0.718058155000051],[-72.1288679029999,0.73979367000004],[-72.11947763299992,0.734409041000049],[-72.1213819539999,0.72166979800005],[-72.10982469999993,0.704924909000056],[-72.09399914099993,0.698817953000059],[-72.08112856199995,0.704924909000056],[-72.07173829299995,0.694877980000058],[-72.06687899299993,0.681219404000046],[-72.0725262869999,0.666181840000093],[-72.08559386499991,0.662964198000054],[-72.08277021799995,0.657054239000047],[-72.04855811699991,0.65620057600006],[-72.0331922229999,0.664277520000041],[-71.96534533099992,0.730333766000058],[-71.80334335999993,0.88806014000005],[-71.78693248299993,0.895435047000092],[-71.77409653899991,0.90605789600005],[-71.76749601499995,0.931100378000053],[-71.76982517699992,0.951519379000047],[-71.76570553699992,0.961615475000087],[-71.75502188599995,0.964074075000042],[-71.73993768999992,0.985022894000053],[-71.72856084999995,0.983747799000071],[-71.71052641599994,0.990430608000054],[-71.69911454999993,0.982436501000052],[-71.69189617399991,0.98236999900007],[-71.6882937549999,0.970307962000049],[-71.66512742099991,0.973102844000039],[-71.64960092199993,0.98430251700006],[-71.64072367199992,0.994622140000047],[-71.63179438999992,1.01529301000005],[-71.62182207599994,1.024805919000073],[-71.61586259899991,1.03699929000004],[-71.5949145049999,1.044799076000061],[-71.58613526099992,1.044017953000093],[-71.59198056199995,1.057331885000053],[-71.57441713399993,1.081295423000086],[-71.57996264899992,1.084864950000053],[-71.58292365799991,1.101806684000053],[-71.57505401299994,1.108318534000091],[-71.5737785309999,1.122616795000056],[-71.56254783499992,1.129242117000047],[-71.5503936739999,1.111837361000084],[-71.54057311399993,1.113004161000049],[-71.54018418099992,1.120393891000049],[-71.55700553799994,1.144313275000059],[-71.55622767199992,1.155495105000057],[-71.53746164899991,1.162787601000048],[-71.53162765299993,1.160259533000044],[-71.53046085199992,1.146355175000053],[-71.53493358399993,1.13546505000005],[-71.53551698399991,1.124088756000049],[-71.52394622399993,1.113976492000063],[-71.50051300399991,1.103086368000049],[-71.48855331099992,1.106489534000048],[-71.48339994699995,1.112031827000067],[-71.4950679399999,1.133520382000086],[-71.50868059899994,1.138868212000091],[-71.51188893699992,1.160962983000047],[-71.51554922999992,1.17162131300006],[-71.53127815599993,1.179195538000045],[-71.52737156199993,1.191265682000051],[-71.5310382529999,1.199107980000065],[-71.55136070399993,1.205308092000053],[-71.55162692899995,1.219442022000067],[-71.53892910799993,1.229947794000054],[-71.54484024599992,1.250455091000049],[-71.5471860799999,1.270243753000045],[-71.53116647699994,1.27798202300005],[-71.5307031179999,1.295356193000089],[-71.5207652169999,1.301006901000051],[-71.52229396299992,1.315491474000055],[-71.51363501999992,1.325377162000052],[-71.50486999599991,1.342079997000042],[-71.50623,1.354589998000051],[-71.5028599979999,1.36278000100009],[-71.48760999899991,1.372849998000049],[-71.4897000009999,1.383529998000085],[-71.48388999499991,1.391150004000053],[-71.47853,1.406719997000039],[-71.47861000299991,1.430960003000052],[-71.48259999699991,1.43579999800005],[-71.4793699949999,1.446269999000094],[-71.46006999699995,1.464220001000058],[-71.4552099949999,1.465180003000057],[-71.45409000199993,1.485309999000094],[-71.44728,1.491600003000087],[-71.43804999899993,1.525840002000052],[-71.4385199969999,1.546280005000085],[-71.42619000099995,1.559299997000039],[-71.4219771349999,1.568392244000052],[-71.41199400099993,1.570633353000062],[-71.39007999899991,1.598639999000056],[-71.39450938499994,1.608105395000052],[-71.39248609099991,1.616527028000064],[-71.39829189399995,1.629158105000045],[-71.38884802299992,1.657140116000051],[-71.39667905099992,1.67248739200005],[-71.40167782499992,1.700738714000067],[-71.40307513499994,1.722585886000047],[-71.39817629099991,1.733711396000047],[-71.37361310799992,1.73578027800005],[-71.36045499799991,1.727705044000061],[-71.35128126799992,1.726734694000072],[-71.34488239699994,1.715986155000053],[-71.33044368599991,1.705118779000088],[-71.32205934099994,1.707314526000062],[-71.31512631499993,1.714435490000085],[-71.30594875699995,1.700991573000067],[-71.29765073199991,1.698590348000039],[-71.29208999899993,1.689349999000058],[-71.2841399969999,1.684029997000039],[-71.26673,1.678639997000062],[-71.25889022099994,1.667917752000051],[-71.24605000199995,1.67221999800006],[-71.23851000199994,1.684910005000063],[-71.23082999899992,1.688170002000049],[-71.2217300019999,1.699800004000053],[-71.20807579799992,1.70927533400004],[-71.19824068399993,1.722820339000066],[-71.19856409399995,1.727104763000057],[-71.16541118599991,1.755359898000052],[-71.1437811909999,1.760434757000041],[-71.1413101039999,1.765825135000057],[-71.12792307899991,1.77144766400005],[-71.12582539599993,1.783058837000056],[-71.09724003299993,1.783455217000039],[-71.08203429499991,1.797944217000065],[-71.0679667309999,1.805372574000046],[-71.0527432689999,1.802576506000094],[-71.03688262399993,1.811421811000059],[-71.0262243379999,1.810596026000042],[-71.00963172699994,1.816296368000053],[-71.0034224819999,1.822341203000065],[-70.98860996399992,1.823918456000058],[-70.97449009199994,1.843210011000053],[-70.96456320499993,1.840632725000091],[-70.94419164199991,1.858427946000063],[-70.9441997529999,1.862109513000064],[-70.92520925199995,1.876234748000059],[-70.90282364799992,1.888111240000057],[-70.90807217199995,1.895609137000065],[-70.8992308359999,1.900214350000056],[-70.89471740399995,1.910602530000062],[-70.89494594799993,1.919552205000059],[-70.88278395999993,1.923379404000059],[-70.86977148299991,1.920300633000068],[-70.86664168499993,1.90892109300006],[-70.8572522899999,1.91169368900006],[-70.84757372799993,1.920436710000047],[-70.84078682899991,1.914364223000064],[-70.82789341999995,1.916864658000065],[-70.81955863099995,1.90892109300006],[-70.81020325599991,1.913207559000057],[-70.79581298599993,1.90948241600006],[-70.79651038799994,1.917000739000059],[-70.78099747399995,1.912118931000066],[-70.77803777299994,1.922494894000067],[-70.7701112179999,1.927614835000043],[-70.76283103599991,1.919875391000062],[-70.76038162799995,1.910077759000046],[-70.74799851299991,1.91274829200006],[-70.74338886399994,1.922069648000047],[-70.7217864509999,1.919263037000064],[-70.7207998849999,1.910707120000041],[-70.70709000699992,1.91621828600006],[-70.70521893199992,1.907135068000059],[-70.6930399339999,1.905383061000066],[-70.67732290299995,1.907764429000053],[-70.6704679639999,1.904158359000064],[-70.65919048399991,1.910962267000059],[-70.65122990999993,1.906420658000059],[-70.63653346599995,1.903222819000064],[-70.63447528299992,1.918718724000087],[-70.61880928199992,1.930064243000061],[-70.60872248599992,1.922222736000037],[-70.6020886739999,1.926900425000042],[-70.59955421799992,1.935609430000056],[-70.59082820399993,1.938705207000055],[-70.57723739499994,1.933108992000086],[-70.56597692399993,1.932666740000059],[-70.5604997769999,1.939963934000048],[-70.55003876499995,1.937888741000052],[-70.5458203419999,1.94630858000005],[-70.53627636199991,1.953854379000063],[-70.51381077899993,1.95679218500004],[-70.5022323629999,1.949929075000057],[-70.48645708099991,1.948966262000056],[-70.48591395699992,1.962272800000051],[-70.47808803399994,1.966667169000061],[-70.46668242999993,1.962840612000093],[-70.4581899449999,1.970543098000064],[-70.4662874309999,1.979381205000038],[-70.45996744299993,1.987133067000059],[-70.45204276999993,1.983800261000056],[-70.44115560299991,1.987330568000061],[-70.44132841499993,1.994465242000047],[-70.41456721399993,1.986688692000087],[-70.39866849499992,1.998859606000053],[-70.39185475799991,1.995107114000064],[-70.39010194899993,1.986120880000044],[-70.37820259599994,1.986022130000038],[-70.38173290199995,1.995823052000048],[-70.37849884499991,2.004611785000066],[-70.36410605999993,1.996440238000048],[-70.36368637299995,1.984960571000045],[-70.35462607799991,1.989478374000043],[-70.3405295419999,1.98910806300006],[-70.3306298729999,1.99873616900004],[-70.32465550899991,1.997575858000062],[-70.31764427199994,2.01283270600004],[-70.31075647099993,2.011079897000059],[-70.27636684899994,2.014511454000058],[-70.25412345299992,2.027422990000048],[-70.22963349899993,2.03426141500006],[-70.21953633099992,2.029644861000065],[-70.21556165099992,2.02065863100006],[-70.19299731799993,2.025571432000049],[-70.18778826499994,2.024016122000091],[-70.17544453799991,2.034927976000063],[-70.17092673499991,2.046382956000059],[-70.16277987399991,2.045889208000062],[-70.15984761099992,2.061133885000061],[-70.13063979099991,2.068676654000058],[-70.11582328399993,2.079681070000049],[-70.10960353999991,2.08005021300005],[-70.11287587399994,2.084654269000055],[-70.1047030929999,2.09528279500006],[-70.10967378799995,2.09877222700004],[-70.11697817799995,2.112583584000049],[-70.1012790549999,2.11780107900006],[-70.09688313099991,2.123970778000057],[-70.08321366699994,2.131537111000057],[-70.08080709299992,2.137845932000062],[-70.05835167599992,2.145724465000058],[-70.05216367799994,2.156314237000061],[-70.05461973799993,2.16211947000005],[-70.03758679399994,2.163172068000051],[-70.03219621799991,2.15991858600006],[-70.02871945599992,2.174591159000045],[-70.03624480299993,2.181950970000059],[-70.01382360399992,2.185308517000067],[-69.99679828799992,2.214290930000061],[-69.9954826419999,2.223834539000052],[-70.02235426899995,2.233297591000053],[-70.02549698299993,2.238780120000058],[-70.0281552589999,2.262095419000048],[-70.0378468909999,2.266692022000086],[-70.04260963599995,2.274389947000088],[-70.05412883399993,2.281367923000062],[-70.04471410399992,2.289564274000043],[-70.0627128509999,2.29543463400006],[-70.07113072599992,2.291890266000053],[-70.07323519499994,2.276494415000059],[-70.08696448299992,2.262964991000047],[-70.10681888599993,2.268143447000057],[-70.1209417849999,2.263139959000057],[-70.1413950139999,2.276901286000054],[-70.15272349699995,2.273110917000054],[-70.1505385609999,2.265665893000062],[-70.13747855699995,2.261631777000048],[-70.14065538599993,2.252974989000052],[-70.1482083759999,2.249182114000064],[-70.15499450999994,2.263997749000055],[-70.16096229699991,2.259596166000051],[-70.1564437529999,2.240832309000041],[-70.16595678599992,2.241901700000085],[-70.17207550799992,2.237424154000053],[-70.18272015799994,2.240114528000049],[-70.18899240099995,2.231434080000042],[-70.19951330799995,2.230680910000046],[-70.20275414299994,2.240633135000053],[-70.21466291099995,2.233956091000039],[-70.22326364199995,2.245962336000048],[-70.23542369499995,2.240044828000066],[-70.24730164199991,2.243267210000056],[-70.24485454199993,2.253266816000064],[-70.23709704999993,2.262554383000065],[-70.2514176869999,2.26390461200009],[-70.2768030709999,2.237561669000058],[-70.29562162699995,2.252636963000043],[-70.3082845209999,2.247757127000057],[-70.2970121109999,2.241117407000047],[-70.29362268599994,2.225265655000044],[-70.31004150899992,2.208791415000064],[-70.32498449899992,2.223307256000055],[-70.3412892529999,2.233215547000043],[-70.34105629399994,2.24602715900005],[-70.34724736499993,2.247397567000064],[-70.36152500899993,2.234390373000053],[-70.38278834699992,2.245085679000056],[-70.3938077119999,2.25592787000005],[-70.3952627669999,2.266183125000055],[-70.4041482909999,2.265377096000066],[-70.40614123899991,2.255680482000059],[-70.41558056499991,2.254646730000047],[-70.41738726599993,2.266877147000059],[-70.4265238509999,2.267564977000063],[-70.43777862699994,2.259594198000059],[-70.4581677079999,2.257349650000037],[-70.46420230399991,2.248860617000048],[-70.45590716799995,2.246081167000057],[-70.46595518499993,2.234007674000054],[-70.47471053399994,2.243430507000085],[-70.4840019529999,2.234698821000052],[-70.4968140119999,2.233741834000057],[-70.51374957299993,2.24435780500005],[-70.51306464399994,2.258106570000052],[-70.50105760899993,2.25954506100004],[-70.51227939899991,2.270791837000047],[-70.5085250429999,2.280589362000057],[-70.51909701099993,2.280441634000056],[-70.52000719299991,2.270035254000049],[-70.53073066999991,2.268444203000058],[-70.54788942599993,2.28569619600006],[-70.5619437389999,2.293049543000052],[-70.57362086799992,2.293132775000061],[-70.58125072599995,2.288589731000059],[-70.60394530499991,2.296408030000066],[-70.6153643749999,2.305465536000042],[-70.62999854199995,2.312933052000062],[-70.63294560899993,2.333220310000058],[-70.63754047299994,2.337859390000062],[-70.63666361899993,2.347533506000048],[-70.64203020799994,2.352705044000061],[-70.65494337399991,2.380494967000061],[-70.6657670219999,2.394340125000042],[-70.66773412599991,2.404264329000057],[-70.6746101089999,2.410795656000062],[-70.68154410599993,2.428104007000059],[-70.67964932599995,2.440763892000064],[-70.69028368099993,2.444059971000058],[-70.70686397499992,2.471737227000062],[-70.72454151799991,2.478088280000065],[-70.74350576099994,2.499829766000062],[-70.74304928299995,2.514112108000063],[-70.74726304699993,2.529861091000043],[-70.75405502899991,2.53698950200004],[-70.76577318299991,2.539574754000057],[-70.77925303299992,2.534782341000039],[-70.79245044299995,2.520112234000067],[-70.8097227909999,2.52914774900006],[-70.82930773599992,2.532729152000059],[-70.82994987799992,2.541145137000058],[-70.83808118499991,2.556338449000066],[-70.8480699399999,2.568137148000062],[-70.87064716299994,2.565904285000045],[-70.87623011999995,2.560523628000055],[-70.8880507909999,2.557483606000062],[-70.9019794479999,2.56655279000006],[-70.9168337289999,2.560006289000057],[-70.93004660199995,2.573225725000043],[-70.9333262479999,2.587532189000058],[-70.94249237999992,2.606656134000048],[-70.81694183899992,2.658243227000071],[-70.62034877799994,2.739020770000081],[-70.50115263299995,2.787987389000079],[-70.5112174599999,2.789405105000071],[-70.53049177999992,2.805642115000069],[-70.55371349099994,2.817146857000068],[-70.56992814499995,2.832685895000054],[-70.58332528699992,2.839967263000062],[-70.59718911099992,2.836270812000066],[-70.6054652549999,2.801067327000055],[-70.61830185699995,2.791743902000064],[-70.63181407199994,2.807958554000038],[-70.63161663299991,2.828774882000062],[-70.63396790399992,2.846043636000047],[-70.64460343499991,2.854631009000059],[-70.66005458899991,2.857413247000068],[-70.66505410999991,2.85268396500004],[-70.66032483799995,2.840117614000064],[-70.64264054999995,2.825393975000054],[-70.63921618199993,2.817775730000051],[-70.64210797499993,2.799320631000057],[-70.65921157399993,2.780250894000062],[-70.68023953199992,2.778967497000053],[-70.69149393099991,2.753891904000056],[-70.70304450099991,2.739774543000067],[-70.7108436019999,2.737405195000065],[-70.72051861999995,2.749800096000058],[-70.7167966209999,2.780908664000037],[-70.71990657099991,2.791233282000064],[-70.72759447699991,2.795046970000044],[-70.74625138199991,2.775939870000059],[-70.76209415099993,2.767233513000065],[-70.77867682699991,2.767984522000063],[-70.79979285199994,2.760210164000057],[-70.81134342199994,2.760012718000041],[-70.81529233299995,2.767910545000063],[-70.79897049599992,2.775704813000061],[-70.79426603599995,2.783170057000063],[-70.79677672999992,2.796365982000054],[-70.80972598199992,2.81227801600005],[-70.82241802899995,2.812968378000051],[-70.83511007399994,2.80383435400006],[-70.84631518599991,2.799851495000041],[-70.86240593799994,2.77659159600006],[-70.87345173499995,2.779193732000067],[-70.86851298899995,2.790770576000057],[-70.87047786599993,2.797621096000057],[-70.86214041399995,2.812809066000057],[-70.85539610399991,2.818491279000057],[-70.85560852299994,2.829749493000065],[-70.86060037499993,2.837184164000064],[-70.87531040099992,2.847114761000057],[-70.88210781599992,2.844459524000058],[-70.88237333899991,2.829643283000053],[-70.87100891299991,2.809357252000041],[-70.87156651499993,2.795656216000054],[-70.88824141899994,2.793691340000066],[-70.9003493109999,2.811746970000058],[-70.9096957559999,2.847380284000053],[-70.91399724399992,2.85157556300004],[-70.93640746699992,2.858054347000063],[-70.9408151639999,2.852743868000061],[-70.94166484099992,2.839626984000063],[-70.93805371499991,2.832139209000047],[-70.92546787899994,2.821412040000041],[-70.92807001299991,2.802506735000065],[-70.93635436199992,2.78795602200006],[-70.94803741599992,2.785831830000063],[-70.96200397599995,2.80048875500006],[-70.94793120699995,2.81796022900005],[-70.94779844499993,2.833845200000042],[-70.95895045099991,2.842740253000045],[-70.97275769599992,2.832783104000043],[-70.99021589799992,2.829928725000059],[-71.00554990599994,2.852697402000047],[-71.01690105599994,2.85687940400004],[-71.02340639199991,2.848183495000058],[-71.05473821999993,2.851768069000059],[-71.06376603599995,2.857543217000057],[-71.06559834199993,2.873484485000063],[-71.07752569599995,2.882232412000064]]]},"properties":{"DPTO_CCDGO":"95","DPTO_CNMBR":"GUAVIARE","DPTO_ANO_C":1991,"DPTO_ACT_A":"5 de Julio Constitucion Politica de 1991","DPTO_NAREA":55543.8488207,"DPTO_CSMBL":"3","DPTO_VGNC":2021,"Shape_Leng":19.3938877514,"Shape_Area":4.50890623034}},
{"type":"Feature","geometry":{"type":"Polygon","coordinates":[[[-70.10960353999991,2.08005021300005],[-70.11582328399993,2.079681070000049],[-70.13063979099991,2.068676654000058],[-70.15984761099992,2.061133885000061],[-70.16277987399991,2.045889208000062],[-70.17092673499991,2.046382956000059],[-70.17544453799991,2.034927976000063],[-70.18778826499994,2.024016122000091],[-70.19299731799993,2.025571432000049],[-70.21556165099992,2.02065863100006],[-70.21953633099992,2.029644861000065],[-70.22963349899993,2.03426141500006],[-70.25412345299992,2.027422990000048],[-70.27636684899994,2.014511454000058],[-70.31075647099993,2.011079897000059],[-70.31764427199994,2.01283270600004],[-70.32465550899991,1.997575858000062],[-70.3306298729999,1.99873616900004],[-70.3405295419999,1.98910806300006],[-70.35462607799991,1.989478374000043],[-70.36368637299995,1.984960571000045],[-70.36410605999993,1.996440238000048],[-70.37849884499991,2.004611785000066],[-70.38173290199995,1.995823052000048],[-70.37820259599994,1.986022130000038],[-70.39010194899993,1.986120880000044],[-70.39185475799991,1.995107114000064],[-70.39866849499992,1.998859606000053],[-70.41456721399993,1.986688692000087],[-70.44132841499993,1.994465242000047],[-70.44115560299991,1.987330568000061],[-70.45204276999993,1.983800261000056],[-70.45996744299993,1.987133067000059],[-70.4662874309999,1.979381205000038],[-70.4581899449999,1.970543098000064],[-70.46668242999993,1.962840612000093],[-70.47808803399994,1.966667169000061],[-70.48591395699992,1.962272800000051],[-70.48645708099991,1.948966262000056],[-70.5022323629999,1.949929075000057],[-70.51381077899993,1.95679218500004],[-70.53627636199991,1.953854379000063],[-70.5458203419999,1.94630858000005],[-70.55003876499995,1.937888741000052],[-70.5604997769999,1.939963934000048],[-70.56597692399993,1.932666740000059],[-70.57723739499994,1.933108992000086],[-70.59082820399993,1.938705207000055],[-70.59955421799992,1.935609430000056],[-70.6020886739999,1.926900425000042],[-70.60872248599992,1.922222736000037],[-70.61880928199992,1.930064243000061],[-70.63447528299992,1.918718724000087],[-70.63653346599995,1.903222819000064],[-70.65122990999993,1.906420658000059],[-70.65919048399991,1.910962267000059],[-70.6704679639999,1.904158359000064],[-70.67732290299995,1.907764429000053],[-70.6930399339999,1.905383061000066],[-70.70521893199992,1.907135068000059],[-70.70709000699992,1.91621828600006],[-70.7207998849999,1.910707120000041],[-70.7217864509999,1.919263037000064],[-70.74338886399994,1.922069648000047],[-70.74799851299991,1.91274829200006],[-70.76038162799995,1.910077759000046],[-70.76283103599991,1.919875391000062],[-70.7701112179999,1.927614835000043],[-70.77803777299994,1.922494894000067],[-70.78099747399995,1.912118931000066],[-70.79651038799994,1.917000739000059],[-70.79581298599993,1.90948241600006],[-70.81020325599991,1.913207559000057],[-70.81955863099995,1.90892109300006],[-70.82789341999995,1.916864658000065],[-70.84078682899991,1.914364223000064],[-70.84757372799993,1.920436710000047],[-70.8572522899999,1.91169368900006],[-70.86664168499993,1.90892109300006],[-70.86977148299991,1.920300633000068],[-70.88278395999993,1.923379404000059],[-70.89494594799993,1.919552205000059],[-70.89471740399995,1.910602530000062],[-70.8992308359999,1.900214350000056],[-70.90807217199995,1.895609137000065],[-70.90282364799992,1.888111240000057],[-70.92520925199995,1.876234748000059],[-70.9441997529999,1.862109513000064],[-70.94419164199991,1.858427946000063],[-70.96456320499993,1.840632725000091],[-70.97449009199994,1.843210011000053],[-70.98860996399992,1.823918456000058],[-71.0034224819999,1.822341203000065],[-71.00963172699994,1.816296368000053],[-71.0262243379999,1.810596026000042],[-71.03688262399993,1.811421811000059],[-71.0527432689999,1.802576506000094],[-71.0679667309999,1.805372574000046],[-71.08203429499991,1.797944217000065],[-71.09724003299993,1.783455217000039],[-71.12582539599993,1.783058837000056],[-71.12792307899991,1.77144766400005],[-71.1413101039999,1.765825135000057],[-71.1437811909999,1.760434757000041],[-71.16541118599991,1.755359898000052],[-71.19856409399995,1.727104763000057],[-71.19824068399993,1.722820339000066],[-71.20807579799992,1.70927533400004],[-71.2217300019999,1.699800004000053],[-71.23082999899992,1.688170002000049],[-71.23851000199994,1.684910005000063],[-71.24605000199995,1.67221999800006],[-71.25889022099994,1.667917752000051],[-71.26673,1.678639997000062],[-71.2841399969999,1.684029997000039],[-71.29208999899993,1.689349999000058],[-71.29765073199991,1.698590348000039],[-71.30594875699995,1.700991573000067],[-71.31512631499993,1.714435490000085],[-71.32205934099994,1.707314526000062],[-71.33044368599991,1.705118779000088],[-71.34488239699994,1.715986155000053],[-71.35128126799992,1.726734694000072],[-71.36045499799991,1.727705044000061],[-71.37361310799992,1.73578027800005],[-71.39817629099991,1.733711396000047],[-71.40307513499994,1.722585886000047],[-71.40167782499992,1.700738714000067],[-71.39667905099992,1.67248739200005],[-71.38884802299992,1.657140116000051],[-71.39829189399995,1.629158105000045],[-71.39248609099991,1.616527028000064],[-71.39450938499994,1.608105395000052],[-71.39007999899991,1.598639999000056],[-71.41199400099993,1.570633353000062],[-71.4219771349999,1.568392244000052],[-71.42619000099995,1.559299997000039],[-71.4385199969999,1.546280005000085],[-71.43804999899993,1.525840002000052],[-71.44728,1.491600003000087],[-71.45409000199993,1.485309999000094],[-71.4552099949999,1.465180003000057],[-71.46006999699995,1.464220001000058],[-71.4793699949999,1.446269999000094],[-71.48259999699991,1.43579999800005],[-71.47861000299991,1.430960003000052],[-71.47853,1.406719997000039],[-71.48388999499991,1.391150004000053],[-71.4897000009999,1.383529998000085],[-71.48760999899991,1.372849998000049],[-71.5028599979999,1.36278000100009],[-71.50623,1.354589998000051],[-71.50486999599991,1.342079997000042],[-71.51363501999992,1.325377162000052],[-71.52229396299992,1.315491474000055],[-71.5207652169999,1.301006901000051],[-71.5307031179999,1.295356193000089],[-71.53116647699994,1.27798202300005],[-71.5471860799999,1.270243753000045],[-71.54484024599992,1.250455091000049],[-71.53892910799993,1.229947794000054],[-71.55162692899995,1.219442022000067],[-71.55136070399993,1.205308092000053],[-71.5310382529999,1.199107980000065],[-71.52737156199993,1.191265682000051],[-71.53127815599993,1.179195538000045],[-71.51554922999992,1.17162131300006],[-71.51188893699992,1.160962983000047],[-71.50868059899994,1.138868212000091],[-71.4950679399999,1.133520382000086],[-71.48339994699995,1.112031827000067],[-71.48855331099992,1.106489534000048],[-71.50051300399991,1.103086368000049],[-71.52394622399993,1.113976492000063],[-71.53551698399991,1.124088756000049],[-71.53493358399993,1.13546505000005],[-71.53046085199992,1.146355175000053],[-71.53162765299993,1.160259533000044],[-71.53746164899991,1.162787601000048],[-71.55622767199992,1.155495105000057],[-71.55700553799994,1.144313275000059],[-71.54018418099992,1.120393891000049],[-71.54057311399993,1.113004161000049],[-71.5503936739999,1.111837361000084],[-71.56254783499992,1.129242117000047],[-71.5737785309999,1.122616795000056],[-71.57505401299994,1.108318534000091],[-71.58292365799991,1.101806684000053],[-71.57996264899992,1.084864950000053],[-71.57441713399993,1.081295423000086],[-71.59198056199995,1.057331885000053],[-71.58613526099992,1.044017953000093],[-71.5949145049999,1.044799076000061],[-71.61586259899991,1.03699929000004],[-71.62182207599994,1.024805919000073],[-71.63179438999992,1.01529301000005],[-71.64072367199992,0.994622140000047],[-71.64960092199993,0.98430251700006],[-71.66512742099991,0.973102844000039],[-71.6882937549999,0.970307962000049],[-71.69189617399991,0.98236999900007],[-71.69911454999993,0.982436501000052],[-71.71052641599994,0.990430608000054],[-71.72856084999995,0.983747799000071],[-71.73993768999992,0.985022894000053],[-71.75502188599995,0.964074075000042],[-71.76570553699992,0.961615475000087],[-71.76982517699992,0.951519379000047],[-71.76749601499995,0.931100378000053],[-71.77409653899991,0.90605789600005],[-71.78693248299993,0.895435047000092],[-71.80334335999993,0.88806014000005],[-71.96534533099992,0.730333766000058],[-72.0331922229999,0.664277520000041],[-72.02649908899991,0.66440256900006],[-72.01736669099995,0.654739216000053],[-72.00441142799991,0.658031128000061],[-71.99644712699995,0.655270169000062],[-71.99389855099992,0.632120601000054],[-71.9818990039999,0.62914726200006],[-71.9899694959999,0.613431043000048],[-71.99846474999993,0.603555309000058],[-72.01131382199992,0.598989111000094],[-72.00696000399995,0.592617669000049],[-71.9924053769999,0.590729334000059],[-71.98912169599993,0.586235875000057],[-71.99075505199994,0.565425666000067],[-71.98692830499994,0.560559554000065],[-71.97639293899994,0.560795774000042],[-71.96387333399991,0.556024150000042],[-71.9553694519999,0.541473064000058],[-71.95031436599993,0.540622675000066],[-71.94336952899994,0.550591114000042],[-71.94478684299992,0.568118561000063],[-71.9386451499999,0.569961069000044],[-71.92929087899995,0.553425742000059],[-71.92891292799993,0.543504546000065],[-71.91318074599991,0.515961415000049],[-71.9152122289999,0.510433891000048],[-71.92914914699992,0.497205629000064],[-71.92673971399995,0.482323835000045],[-71.91993660799994,0.478119138000068],[-71.9054327639999,0.47863882200005],[-71.90325954999992,0.46800896700006],[-71.92173187199995,0.458843672000057],[-71.91719646799993,0.448686255000041],[-71.90420442499993,0.442780781000067],[-71.88861397399995,0.448308306000058],[-71.88162189299993,0.466355433000047],[-71.8569606339999,0.455205900000067],[-71.84727565599991,0.438056404000065],[-71.84689770599994,0.413584119000063],[-71.83925795499994,0.407764869000061],[-71.8238427359999,0.403521190000049],[-71.83626785299992,0.395111795000048],[-71.83291354399995,0.37352138500006],[-71.83574817099992,0.365773402000059],[-71.8510079159999,0.350371926000093],[-71.83177969299993,0.338938928000061],[-71.82346478499994,0.339364122000063],[-71.80527592499993,0.348293200000057],[-71.8015909099999,0.358734078000055],[-71.81420500199994,0.366151351000042],[-71.81481917099995,0.373568627000054],[-71.79086656899995,0.364167113000065],[-71.78075639699995,0.364167113000065],[-71.77045725099993,0.369269444000054],[-71.77315014699991,0.348954611000067],[-71.7843469259999,0.345978253000055],[-71.78907130499994,0.335679105000054],[-71.7693233999999,0.327458686000057],[-71.75297704799993,0.331710627000064],[-71.75396916699992,0.317537491000053],[-71.75132351499991,0.297222659000056],[-71.74522906599992,0.289380190000088],[-71.73379606799995,0.286829027000067],[-71.73137701999991,0.302200341000059],[-71.72716071499991,0.308560528000044],[-71.7050072479999,0.318422398000052],[-71.6991472979999,0.303772521000042],[-71.7033636029999,0.296197464000045],[-71.7243736659999,0.288122170000065],[-71.72630316099992,0.280975888000057],[-71.69793243099991,0.237455044000058],[-71.65584084199992,0.219374959000049],[-71.64390655499994,0.20958455400006],[-71.62704133499994,0.21587327900005],[-71.62682694599994,0.203081440000062],[-71.61777576799994,0.19688347500005],[-71.62477996799993,0.18431855700004],[-71.60578243899994,0.18330254500006],[-71.59244097699991,0.197250436000047],[-71.5770106999999,0.207964033000053],[-71.57114854299994,0.215308575000051],[-71.56184994799992,0.216656199000056],[-71.5628606649999,0.207020698000065],[-71.57721284399992,0.197991629000057],[-71.57957118299993,0.177103483000053],[-71.59001525699995,0.169556796000052],[-71.58368143099995,0.16308820800009],[-71.56710567599993,0.171308705000058],[-71.54372442699992,0.172588947000065],[-71.53146106299994,0.165244405000067],[-71.52586842999995,0.153385329000059],[-71.5340215459999,0.139437434000058],[-71.54460038199994,0.133373134000067],[-71.53637988499992,0.121648821000065],[-71.52856367499993,0.120099054000093],[-71.5175131709999,0.13162122500006],[-71.50302623099992,0.129465030000063],[-71.49521002099993,0.134788137000044],[-71.4937276359999,0.146714596000038],[-71.48537237699992,0.148533885000063],[-71.48314879999992,0.163155589000041],[-71.47694973699993,0.172117278000087],[-71.47566949599991,0.182965639000088],[-71.46933567099995,0.184919691000061],[-71.4591611219999,0.178585866000049],[-71.45666801999994,0.16308820800009],[-71.47021162499993,0.157293433000063],[-71.4495930029999,0.139033149000056],[-71.43793606899993,0.142132679000042],[-71.43052414599993,0.139774342000067],[-71.41974316699992,0.14294125300006],[-71.4042455089999,0.155271997000057],[-71.40242621899995,0.185189219000051],[-71.39110619099995,0.178316341000084],[-71.37486734099991,0.173734426000067],[-71.36893780199995,0.162347017000059],[-71.36718589299994,0.145703878000063],[-71.35182299799993,0.144491018000053],[-71.33524724199992,0.15500247500006],[-71.33012627699992,0.145097448000058],[-71.32298387799995,0.140582914000049],[-71.32049077699992,0.130004080000049],[-71.32871127399994,0.117066906000048],[-71.30741883999991,0.101906154000062],[-71.29117998999993,0.097324234000041],[-71.2896976049999,0.087486593000051],[-71.2970421469999,0.074953704000052],[-71.29266237399992,0.068350355000064],[-71.27979257999993,0.06578987000006],[-71.2620039649999,0.069226307000065],[-71.25384590399995,0.059518811000089],[-71.24825821599995,0.058512710000059],[-71.23491675499992,0.066396300000065],[-71.22763959399992,0.054941510000049],[-71.19880047399994,0.078053234000038],[-71.18923235499994,0.080142050000063],[-71.19179283799991,0.09557232800006],[-71.1843135339999,0.097054710000066],[-71.1690180189999,0.088362545000052],[-71.15978680599994,0.074549418000061],[-71.14543462699993,0.062926173000051],[-71.14537755999993,0.051483222000059],[-71.14945226399993,0.038720884000043],[-71.1419064879999,0.025806641000088],[-71.13674052199991,0.007482172000039],[-71.1231314769999,0.00396769300005],[-71.1163259839999,0.010773187000041],[-71.11221573499995,0.024721081000052],[-71.10049141999991,0.023912505000055],[-71.09766141299991,0.010099375000038],[-71.0992785599999,-0.001557557999945],[-71.08890186799994,-0.006543758999953],[-71.07690802799993,0.001407212000061],[-71.0687549129999,-0.007621857999936],[-71.06167989499994,-0.00991281599994],[-71.0471255729999,-0.003309466999951],[-71.03506435299994,-0.010788772999945],[-71.04072436699994,-0.01887450299995],[-71.05244868199992,-0.02406285099994],[-71.05015772399992,-0.034304780999946],[-71.02852838399991,-0.048320052999941],[-71.02138598599993,-0.047915767999939],[-71.01161572299992,-0.040234321999947],[-71.01747788099993,-0.028442624999911],[-71.01572597199993,-0.012473300999943],[-70.9984090239999,-0.002366131999906],[-70.98190064899995,-0.00378113499994],[-70.96815490099993,-0.01274282199995],[-70.9728715789999,-0.026758097999959],[-70.95939535499991,-0.040773370999943],[-70.94255007499993,-0.043266469999935],[-70.93581196299994,-0.05101529999996],[-70.92725456099993,-0.051756490999935],[-70.92617646299993,-0.070488442999931],[-70.93048885499991,-0.076283219999937],[-70.92711979899991,-0.086390386999938],[-70.91714739299994,-0.098855893999939],[-70.8965300779999,-0.103624110999931],[-70.89214134999992,-0.116173705999927],[-70.9015734269999,-0.132506426999953],[-70.91206209299992,-0.123694456999942],[-70.92021151099993,-0.123314665999942],[-70.93454841599993,-0.131746980999935],[-70.94450877399993,-0.141546656999935],[-70.94714975799991,-0.148687483999936],[-70.94473504199993,-0.159474649999936],[-70.93492542999991,-0.172996532999946],[-70.91734367499993,-0.183783554999934],[-70.91364605699994,-0.203002902999913],[-70.89855445899991,-0.205509616999962],[-70.88527381999995,-0.210675126999945],[-70.88225524699993,-0.230881993999958],[-70.87425656699992,-0.241137259999959],[-70.8725961749999,-0.261116221999941],[-70.8781797609999,-0.279955824999945],[-70.8683700229999,-0.289755232999937],[-70.86663419999991,-0.305252203999942],[-70.85810717499993,-0.317026709999936],[-70.84271344699994,-0.327737510999953],[-70.83992119599992,-0.339664039999946],[-70.83222425999992,-0.347032494999951],[-70.82769627499994,-0.364656373999935],[-70.81177452599991,-0.365415557999938],[-70.8060402559999,-0.346196156999952],[-70.77125441599992,-0.335484006999934],[-70.75895502399993,-0.32773517399994],[-70.76159636799991,-0.317631903999938],[-70.77857435599992,-0.317404522999936],[-70.78008365999995,-0.312314902999958],[-70.77193457499993,-0.300008304999949],[-70.75978610999994,-0.292791285999954],[-70.74733566599991,-0.291499515999931],[-70.73896003499993,-0.286561548999941],[-70.7299050709999,-0.290055664999954],[-70.7154920879999,-0.309806023999954],[-70.70100391499994,-0.320668441999942],[-70.68885483899993,-0.332974222999951],[-70.67798822399993,-0.352116796999951],[-70.6656133379999,-0.349913302999937],[-70.65550279999991,-0.333580567999945],[-70.63746921899991,-0.319906258999936],[-70.62599967299991,-0.323172199999931],[-70.6153595959999,-0.33882024199994],[-70.60653087199995,-0.345276721999937],[-70.5986066989999,-0.369356753999909],[-70.58532523299993,-0.389334388999941],[-70.57295018499991,-0.392296223999949],[-70.56698953999995,-0.385383209999929],[-70.56434945399991,-0.370266397999956],[-70.55514423799991,-0.362745511999947],[-70.54352390999992,-0.364719864999927],[-70.53001675199994,-0.37391053999994],[-70.52979124699993,-0.359705495999947],[-70.5171147069999,-0.359780686999954],[-70.51168117499992,-0.371630487999937],[-70.49681548599995,-0.386138307999943],[-70.47757335699993,-0.400493788999938],[-70.46957389499994,-0.41644518399994],[-70.45674531499992,-0.431332666999936],[-70.44919830799995,-0.448955123999951],[-70.44844277999994,-0.460273330999939],[-70.46055436099994,-0.472422009999946],[-70.46455468399995,-0.480608521999955],[-70.46258289999992,-0.490994348999948],[-70.45576657399994,-0.495765693999942],[-70.44925691399993,-0.492717227999947],[-70.43686763699992,-0.477961768999933],[-70.40339580799991,-0.462851864999948],[-70.38767206499995,-0.468109125999945],[-70.3793103129999,-0.496549933999916],[-70.3608237119999,-0.497379947999946],[-70.34280088499992,-0.500661314999945],[-70.33461479499994,-0.499275617999956],[-70.32402560899993,-0.492211535999957],[-70.31939375299993,-0.481017038999937],[-70.32323406199993,-0.467558041999951],[-70.34259667999993,-0.473604958999942],[-70.36151808299991,-0.467481302999943],[-70.36649880899995,-0.460037709999938],[-70.36076519599993,-0.450921912999945],[-70.34612742699994,-0.447958012999948],[-70.33398036299991,-0.43815798299994],[-70.32145464999991,-0.442714291999948],[-70.30975953699993,-0.441497733999938],[-70.3011590939999,-0.429723173999946],[-70.29474708999993,-0.414986471999953],[-70.28169402999993,-0.412858318999952],[-70.26811211299992,-0.418098074999932],[-70.25777400499993,-0.429414790999942],[-70.2487935819999,-0.444529493999937],[-70.24094645699995,-0.445743922999952],[-70.22299010499995,-0.435791407999943],[-70.20978540899995,-0.442094357999906],[-70.20072953899995,-0.45675302099994],[-70.20007779299993,-0.469103526999959],[-70.20868817099995,-0.477626418999932],[-70.23179213999992,-0.468079805999935],[-70.24493242599993,-0.470170698999937],[-70.25705187599993,-0.491756172999942],[-70.26918453099995,-0.50062801699994],[-70.27843102499992,-0.503523195999946],[-70.2918994389999,-0.51240323199994],[-70.31986489099995,-0.549544462999961],[-70.3261252769999,-0.568365298999936],[-70.32490599399995,-0.579097149999939],[-70.31025447099995,-0.590287427999954],[-70.30285238199991,-0.586147100999938],[-70.30066916999994,-0.577426731999935],[-70.30233017299992,-0.563593447999949],[-70.29644709599995,-0.556733455999961],[-70.28132574699993,-0.55879267399996],[-70.26461474699994,-0.581255790999933],[-70.26138438799995,-0.596495674999915],[-70.25604278999992,-0.603319842999952],[-70.26035577199991,-0.616672842999947],[-70.25476280599992,-0.626418638999951],[-70.25634102899994,-0.645923882999909],[-70.26072694699991,-0.652795050999941],[-70.25418537899992,-0.66510692199995],[-70.25355171599995,-0.678846499999906],[-70.26061992099994,-0.696997929999952],[-70.2617771429999,-0.713415128999941],[-70.24946276399993,-0.731402897999942],[-70.25224017199992,-0.745129114999941],[-70.26574240899993,-0.747263793999934],[-70.27540654499995,-0.744733638999946],[-70.29023166699994,-0.752465437999945],[-70.2948627159999,-0.76499277399995],[-70.29694482699995,-0.792375010999933],[-70.29055518199993,-0.807889616999944],[-70.27809067099992,-0.819841655999937],[-70.2626023599999,-0.828690913999935],[-70.25240896899993,-0.839797775999955],[-70.23529840799995,-0.869859069999961],[-70.2239098359999,-0.879838246999952],[-70.22124424599991,-0.886906156999942],[-70.22482814799992,-0.895330279999939],[-70.25047827299994,-0.909918026999947],[-70.25479630899991,-0.92816079499994],[-70.26058557399995,-0.938044904999913],[-70.27004607899994,-0.939880526999957],[-70.28331902799994,-0.933950060999962],[-70.29588596799994,-0.936491687999933],[-70.3034948589999,-0.949972424999942],[-70.30702288099991,-0.965672147999953],[-70.30245438199995,-0.977798585999949],[-70.28580666999994,-0.997749360999933],[-70.2669683869999,-1.014748727999915],[-70.25476672399992,-1.02043182999995],[-70.23855812699992,-1.020224223999946],[-70.2305096369999,-1.012175735999961],[-70.22825041199991,-0.998902783999938],[-70.21991951899992,-0.985347434999937],[-70.20452854599995,-0.982099795999943],[-70.1945032349999,-0.991136697999934],[-70.2005749029999,-1.010481314999936],[-70.21709548699994,-1.023613062999914],[-70.2272895669999,-1.037777613999936],[-70.2274692659999,-1.050192894999952],[-70.21770685199994,-1.064851335999947],[-70.1969916939999,-1.072305395999933],[-70.17722822799993,-1.075291052999944],[-70.17798579499993,-1.099918978999938],[-70.1695188139999,-1.112295644999961],[-70.14983590899993,-1.117039304999935],[-70.13705515499993,-1.115196635999951],[-70.12668290099992,-1.109594318999939],[-70.1200946479999,-1.098482626999953],[-70.11333546399993,-1.07806407299995],[-70.08791234299991,-1.051514004999945],[-70.0786968569999,-1.035758264999913],[-70.0799786199999,-1.023351863999949],[-70.08742363199991,-1.012571624999907],[-70.1011901789999,-1.010176096999942],[-70.10955455299995,-1.012225052999952],[-70.12190300199995,-1.020933753999941],[-70.13167960099992,-1.019265570999949],[-70.13677630899991,-1.012834902999941],[-70.14001251699995,-0.999230924999949],[-70.13694860599992,-0.991112777999945],[-70.12262773599991,-0.972789839999962],[-70.10068320599993,-0.952993405999962],[-70.08004171699992,-0.946878743999946],[-70.07034973999993,-0.949764930999947],[-70.06243498899994,-0.957901927999956],[-70.05373802199995,-0.972265394999908],[-70.04451462299994,-0.979666236999947],[-70.02744115299993,-0.977159856999947],[-70.02266753399994,-0.967415990999939],[-70.0262983529999,-0.948649432999957],[-70.02363374299995,-0.939319807999937],[-70.0096097309999,-0.938056076999942],[-70.00038961099995,-0.94699228199994],[-70.00781406099992,-0.961728299999947],[-70.00682630099993,-0.969694156999935],[-69.99788778499993,-0.976317335999909],[-69.9881928879999,-0.976544358999945],[-69.96017708499994,-0.968579930999908],[-69.94190540699992,-0.946642676999943],[-69.93310842999995,-0.948731321999958],[-69.90822875299995,-0.963712567999949],[-69.90180814299993,-0.97468091099995],[-69.90612157399994,-0.980190842999946],[-69.92054857199992,-0.972782175999953],[-69.95075781799994,-0.991654702999938],[-69.95473682399995,-1.005835015999935],[-69.94407902299992,-1.02076031699994],[-69.9412459529999,-1.033663240999942],[-69.94399869599994,-1.03952163799994],[-69.95473509999994,-1.045418793999943],[-69.96717593099993,-1.060289484999942],[-69.97093823599994,-1.078928934999908],[-69.9638974479999,-1.09100178999995],[-69.94656968299995,-1.097563524999941],[-69.93653298699991,-1.095948189999945],[-69.91042414499992,-1.080888409999943],[-69.88903788099992,-1.081217749999951],[-69.8763981269999,-1.078556456999934],[-69.86927718299995,-1.073575828999935],[-69.85341641899993,-1.03877892099996],[-69.83980949499994,-1.028470642999935],[-69.82180437199992,-1.028882973999941],[-69.81479474299994,-1.035480271999916],[-69.79229815799994,-1.074504363999949],[-69.78444827499993,-1.086115311999947],[-69.76916881199992,-1.096025354999938],[-69.75656554799991,-1.098934551999946],[-69.73869924199994,-1.094106231999945],[-69.73421309299994,-1.086757446999911],[-69.73971717699993,-1.077148625999939],[-69.75402977399995,-1.076104406999946],[-69.76438958599994,-1.064422535999938],[-69.7723930009999,-1.036741570999936],[-69.74952003999994,-1.027621015999955],[-69.74098552999993,-1.039651878999962],[-69.73515209999994,-1.042731370999945],[-69.72392706799991,-1.038543860999937],[-69.70471089199992,-1.047776509999949],[-69.69883391499991,-1.054135469999949],[-69.68132391799992,-1.082718568999951],[-69.66026450699991,-1.102870573999951],[-69.64967236399991,-1.115785587999937],[-69.64904733299994,-1.130030173999955],[-69.65855471299994,-1.126645080999936],[-69.6597536459999,-1.118499244999953],[-69.6692609779999,-1.115168728999947],[-69.67991491999993,-1.118144528999949],[-69.6810939849999,-1.124146315999951],[-69.67801842299991,-1.153741054999955],[-69.6814235949999,-1.189388015999953],[-69.68002021099994,-1.202849246999961],[-69.67215927099994,-1.219955162999952],[-69.66469821399994,-1.226138501999912],[-69.64988060299993,-1.226812966999944],[-69.63713930299991,-1.211928031999946],[-69.6347273259999,-1.197515866999936],[-69.63643912899994,-1.170680359999949],[-69.63036942699995,-1.164897112999938],[-69.61906456199995,-1.164364717999945],[-69.59200835699994,-1.14586529099995],[-69.57784512299992,-1.155323085999953],[-69.57730682599993,-1.162280383999928],[-69.56647203799992,-1.191216854999936],[-69.56168541099993,-1.194583308999938],[-69.54929915299994,-1.191232907999961],[-69.53904901599992,-1.191925760999936],[-69.52931928299995,-1.198082154999952],[-69.5109939109999,-1.215254666999954],[-69.4903966299999,-1.216860331999953],[-69.48149175599991,-1.213751334999927],[-69.4678279229999,-1.199784860999955],[-69.46503098199992,-1.189306100999943],[-69.46622931699994,-1.171306926999932],[-69.47572996199995,-1.158771611999953],[-69.48757452899991,-1.155227577999938],[-69.48334379499994,-1.145174080999936],[-69.46817869699993,-1.145864973999949],[-69.46229162399993,-1.141766878999931],[-69.45971907299992,-1.126427535999937],[-69.46793562999994,-1.110475531999953],[-69.47071934799993,-1.093386995999936],[-69.46263916399994,-1.077594497999939],[-69.45214878299993,-1.070840261999933],[-69.43297404499992,-1.069490934999919],[-69.42678802499995,-1.066397445999939],[-69.42287762599994,-1.048708939999926],[-69.43713884999994,-1.034101420999946],[-69.4450791079999,-1.023005359999956],[-69.4328100159999,-1.021992311999952],[-69.42999249799993,-1.015495720999922],[-69.43601798999993,-0.993514494999943],[-69.44823080999993,-0.996666193999943],[-69.45959942199994,-0.992670284999917],[-69.46727692999991,-0.982742310999924],[-69.4629199499999,-0.966725074999943],[-69.47265641599995,-0.957663959999934],[-69.48025427499994,-0.955750434999914],[-69.48590403899993,-0.947872979999943],[-69.51390987899993,-0.932394122999938],[-69.5190876609999,-0.924402320999945],[-69.52861411299995,-0.919108252999933],[-69.52674176099993,-0.89840083699994],[-69.52235987499995,-0.887616959999946],[-69.53006231499995,-0.879884627999957],[-69.52567245599994,-0.86879741499996],[-69.54601221599995,-0.860912172999917],[-69.54831173699995,-0.852487782999958],[-69.56384495299994,-0.847285780999925],[-69.57357175299995,-0.837964264999925],[-69.55832498099994,-0.818596629999945],[-69.56450373099995,-0.806711108999934],[-69.58338871699993,-0.800534795999909],[-69.5887826689999,-0.790230903999941],[-69.60226489299993,-0.777688182999952],[-69.60289184699991,-0.767481430999908],[-69.61104366399991,-0.766583142999934],[-69.61332428299994,-0.754580381999915],[-69.62371451199994,-0.72888792099991],[-69.6136379319999,-0.726699874999952],[-69.60825383699995,-0.710916140999927],[-69.59977126399991,-0.704592914999921],[-69.60218286799994,-0.695615151999959],[-69.59282339999993,-0.691454433999922],[-69.58886375599991,-0.682294688999946],[-69.5800425189999,-0.672665825999957],[-69.5816861909999,-0.661558242999945],[-69.57429033599993,-0.657178513999952],[-69.5732232869999,-0.647318549999909],[-69.56208327199994,-0.636167090999948],[-69.5729342219999,-0.632723472999942],[-69.57272371599993,-0.618807301999936],[-69.5812252899999,-0.618778198999962],[-69.58863272299993,-0.602278314999921],[-69.60122154599992,-0.596712746999913],[-69.5950937739999,-0.579940700999941],[-69.59645404799994,-0.565838288999942],[-69.59271291599993,-0.554509346999907],[-69.6015607569999,-0.542746259999944],[-69.6142185029999,-0.53462643599994],[-69.60865076399995,-0.511010103999922],[-69.61219274699994,-0.499860810999962],[-69.6410473709999,-0.491720639999926],[-69.64374258299995,-0.483225886999946],[-69.65497601599992,-0.471550840999953],[-69.68262121299995,-0.463788267999917],[-69.69733447899995,-0.452108935999945],[-69.7091880559999,-0.45444879799993],[-69.72021191999994,-0.44941204099996],[-69.72640519599992,-0.442020400999922],[-69.73841004999991,-0.435467273999961],[-69.74449368899991,-0.42013566299994],[-69.75357452199995,-0.408978047999938],[-69.76644181499995,-0.401026796999929],[-69.77350642699992,-0.392903772999944],[-69.78586751099994,-0.394545905999962],[-69.81567692699991,-0.372169391999932],[-69.83095186599991,-0.372894754999948],[-69.8294770519999,-0.362875581999958],[-69.83926524299994,-0.341576274999909],[-69.84411559299991,-0.33819862699994],[-69.8679129919999,-0.34025711299995],[-69.88682869999991,-0.335679286999948],[-69.88895795099995,-0.341717314999926],[-69.90172462599992,-0.337519636999957],[-69.91625936899993,-0.326542228999926],[-69.93546638299995,-0.304974154999911],[-69.93835554799995,-0.293115501999921],[-69.94775258999994,-0.29162004199992],[-69.9549347809999,-0.276746119999927],[-69.96960399099993,-0.268679878999933],[-69.9780253909999,-0.257766882999931],[-69.98419249799991,-0.244913274999931],[-69.99306968399992,-0.241243073999954],[-69.99692974099992,-0.226495211999918],[-70.01475271299995,-0.212632865999922],[-70.02453246899995,-0.208413075999943],[-70.03396401099991,-0.198088791999908],[-70.05330195699992,-0.189243712999939],[-70.05922223199991,-0.171731225999906],[-70.06522743799991,-0.164499165999928],[-70.05533520099993,-0.146784450999917],[-70.05094456199993,-0.145227871999907],[-70.04767916499992,-0.129445939999925],[-70.0428459609999,-0.121153040999957],[-70.0473741699999,-0.109591666999961],[-70.04738863999995,0.076208915000052],[-70.04709453699991,0.25938287200006],[-70.04673972799992,0.43358250700004],[-70.04647625799993,0.56318989500005],[-70.03859539799993,0.566353585000059],[-70.02604703399993,0.561795345000064],[-70.02097878199993,0.556298790000085],[-70.01838973499991,0.544105349000063],[-70.00543133999992,0.544343489000084],[-69.99558979499994,0.550476597000056],[-69.98854177599992,0.575295324000081],[-69.97867177199993,0.578036463000046],[-69.96397701399991,0.571371592000048],[-69.9559005239999,0.561604988000056],[-69.93562097699993,0.553104470000051],[-69.92974033299993,0.564252139000075],[-69.9198655699999,0.57034950700006],[-69.91547170099994,0.589795759000083],[-69.90287084399995,0.58081095700004],[-69.89690377099993,0.586024207000094],[-69.88722273999991,0.577051366000092],[-69.8685677659999,0.582743037000057],[-69.86391353999994,0.577993632000073],[-69.85220202699992,0.587595841000052],[-69.83492118999993,0.586465597000085],[-69.82331041799995,0.591404275000059],[-69.81465763499995,0.58683927900006],[-69.80978449799994,0.576778918000059],[-69.79731612299992,0.578273219000039],[-69.77753804299994,0.59718517500005],[-69.7511704499999,0.615210824000087],[-69.74106566499995,0.60973921100009],[-69.72321858399994,0.615740106000089],[-69.71583926799991,0.634034762000056],[-69.70425903899991,0.651527199000043],[-69.68694720299993,0.655596184000046],[-69.68787519299991,0.663924297000051],[-69.6703028739999,0.667517284000041],[-69.66894658099994,0.663591173000043],[-69.6504046309999,0.664256232000071],[-69.64847726799991,0.654506391000041],[-69.63981127099993,0.648784977000048],[-69.6337222969999,0.636103533000039],[-69.6207056259999,0.634348311000053],[-69.60876190099992,0.613730977000046],[-69.60453005099993,0.636446996000075],[-69.59038177499991,0.637760458000059],[-69.59256612099995,0.656805664000046],[-69.5806325289999,0.661531274000083],[-69.55848582199991,0.681351988000074],[-69.5357463759999,0.679477168000062],[-69.53143045899992,0.69320951800006],[-69.53316466099994,0.701011291000043],[-69.51399189999995,0.714634508000074],[-69.5078947849999,0.712801520000085],[-69.49962114399995,0.724061124000059],[-69.48908387699993,0.726150296000071],[-69.48172182499991,0.73530646200004],[-69.46378048399993,0.736491643000079],[-69.45664210099994,0.71970454600006],[-69.44711235999995,0.714790959000084],[-69.43386407699995,0.71264446400005],[-69.43686217699991,0.700632515000052],[-69.43102720299993,0.693334169000082],[-69.41576372999992,0.688464049000061],[-69.40709384099995,0.676187823000078],[-69.40378757099995,0.663789768000072],[-69.39140129499992,0.655355642000075],[-69.36732114999995,0.631858464000061],[-69.35782710099994,0.617403239000055],[-69.35024074099994,0.614314876000094],[-69.3457037469999,0.626040682000053],[-69.33230577499995,0.642974661000039],[-69.3184501739999,0.63203984800009],[-69.29831678099993,0.64929991300005],[-69.28575677599991,0.648990916000059],[-69.29058668499994,0.637869527000078],[-69.28494740099995,0.618804724000086],[-69.29344840399995,0.610807373000057],[-69.27227120099991,0.601860599000076],[-69.26891881199992,0.60629143400007],[-69.25428009599995,0.605106184000078],[-69.24431015399995,0.60985320900005],[-69.2373383339999,0.603345383000089],[-69.2117892679999,0.610695142000054],[-69.20074670899993,0.606388973000094],[-69.19946365999994,0.61588236700004],[-69.20387008499995,0.633337760000074],[-69.1958670059999,0.639629531000082],[-69.19679237899993,0.647405848000062],[-69.18328893699993,0.654268610000088],[-69.16873350299994,0.649256638000054],[-69.1577046399999,0.652542546000063],[-69.14731148699991,0.644239181000046],[-69.13474675399993,0.645187339000074],[-69.12458262299992,0.633291057000065],[-69.11564085599991,0.644241367000063],[-69.1182928149999,0.654893808000054],[-69.12850324699991,0.665617224000073],[-69.14031587199992,0.689639297000042],[-69.15245112299993,0.704915437000068],[-69.1619184029999,0.713115803000051],[-69.18109885299992,0.715985655000054],[-69.18779504199995,0.733341063000069],[-69.18797350099993,0.745982108000078],[-69.17379148099991,0.760080256000094],[-69.16173696899995,0.756191186000081],[-69.14865945199995,0.766861641000048],[-69.14725433699994,0.78003263700009],[-69.15370390899994,0.793366443000082],[-69.15331173099992,0.803532300000086],[-69.16777128199993,0.820732638000038],[-69.16510628599991,0.833543656000074],[-69.16737577999993,0.843746690000046],[-69.15655897999994,0.85020189100004],[-69.14480443699995,0.846160984000051],[-69.13974539499992,0.851633934000063],[-69.13568917899994,0.869462948000091],[-69.14006882899992,0.883746374000054],[-69.14831369699994,0.880335736000063],[-69.15700337899995,0.882960191000052],[-69.18174893799994,0.902824844000065],[-69.19138881299995,0.916666786000064],[-69.1915002309999,0.928145362000066],[-69.1819534569999,0.936743739000065],[-69.16920829499992,0.934875304000059],[-69.16581252799995,0.942053930000043],[-69.17200908899991,0.950164615000062],[-69.1927983139999,0.960032463000061],[-69.20622953899993,0.964108933000091],[-69.20748327199993,0.969662701000061],[-69.2181866809999,0.975338372000067],[-69.21759059399994,0.980585512000061],[-69.19878333999992,0.99640517000006],[-69.2125681409999,1.018073753000067],[-69.22735919799993,1.028633011000068],[-69.23224921299993,1.036406806000059],[-69.24463483399995,1.044933022000066],[-69.24402,1.055999600000064],[-69.25973417599994,1.054069690000063],[-69.28843154899994,1.054203832000042],[-69.29786467699995,1.062635689000047],[-69.3062261149999,1.075047390000066],[-69.32117684799994,1.08814902000006],[-69.33464710299995,1.081794634000062],[-69.34508710799992,1.084663486000068],[-69.35584810799992,1.07930753100004],[-69.37801722599994,1.086703388000046],[-69.38118992299991,1.07458547400006],[-69.39888011399995,1.060654086000056],[-69.4051938689999,1.048004720000051],[-69.41396841499994,1.041269754000041],[-69.43174005599991,1.049927959000058],[-69.43492537399993,1.059431713000038],[-69.4345412269999,1.07237830400004],[-69.44818390499995,1.073021095000058],[-69.45790574299991,1.076634076000062],[-69.47606187899993,1.075405366000041],[-69.48548941899992,1.079729371000042],[-69.5190695309999,1.072061533000067],[-69.53870987399995,1.071754721000048],[-69.55364999799991,1.07388052400006],[-69.56108160799994,1.071923120000065],[-69.57419745099992,1.074467121000055],[-69.59208762499992,1.090406911000059],[-69.60524874299995,1.097857852000061],[-69.6185297689999,1.097435282000049],[-69.63335948999992,1.085513731000049],[-69.64504328399994,1.089688283000044],[-69.6551047559999,1.083737412000062],[-69.6681766719999,1.08120159300006],[-69.67428766799992,1.07063458500005],[-69.70360916699991,1.076384920000066],[-69.7055402009999,1.098054762000061],[-69.7003120409999,1.116804543000057],[-69.7080454309999,1.118752358000052],[-69.72254707799993,1.108336403000067],[-69.74473977799994,1.113742381000066],[-69.77364034099992,1.10059132400005],[-69.7911951289999,1.087818980000065],[-69.79622421199991,1.073699385000054],[-69.80383897899992,1.065284851000058],[-69.82106199299994,1.06734737000005],[-69.82941927099995,1.078512058000058],[-69.8465865199999,1.077834658000086],[-69.84631247999994,1.287794171000087],[-69.84614172399995,1.418621815000051],[-69.84593428499994,1.577554166000084],[-69.84571911099994,1.713921054000082],[-69.85134680099992,1.708231678000061],[-69.87513010599992,1.728755976000059],[-69.88373787099994,1.727711102000058],[-69.9022719319999,1.742662741000061],[-69.90769532199994,1.741792013000065],[-69.9295879039999,1.748434422000059],[-69.93844444799993,1.745598336000057],[-69.96513847199992,1.74654369700005],[-69.97501501199991,1.743234932000064],[-69.97834865499993,1.748310032000063],[-69.99404663099995,1.752340258000061],[-70.00527836599991,1.762917818000062],[-70.0162265109999,1.760896679000041],[-70.02584472799992,1.767508587000066],[-70.04494499499992,1.771621449000065],[-70.05472030099992,1.776684912000064],[-70.07076557699992,1.800720630000058],[-70.07965480199994,1.800619525000059],[-70.09465662199995,1.811251778000042],[-70.0976390379999,1.818579327000066],[-70.11429644399993,1.836199028000067],[-70.12339124899995,1.837498215000039],[-70.14866130699994,1.867252484000062],[-70.15437630799994,1.869540573000052],[-70.17556491499994,1.870091528000046],[-70.18030599899993,1.885637755000062],[-70.1751200249999,1.903580380000051],[-70.16329960599995,1.920103794000056],[-70.16558622199994,1.933795853000049],[-70.15847372999991,1.943630456000051],[-70.14265283499992,1.950597431000062],[-70.13744066599992,1.964452569000059],[-70.1419235109999,1.976248886000064],[-70.12724471599995,1.991849784000067],[-70.11505054399993,1.99918530900004],[-70.1133058719999,2.01418441900006],[-70.12175515599995,2.031845106000048],[-70.11907974899992,2.059172639000053],[-70.10960353999991,2.08005021300005]]]},"properties":{"DPTO_CCDGO":"97","DPTO_CNMBR":"VAUPÉS","DPTO_ANO_C":1991,"DPTO_ACT_A":"Articulo 309 Constitucion Politica de 1991","DPTO_NAREA":53299.2800149,"DPTO_CSMBL":"3","DPTO_VGNC":2021,"Shape_Leng":20.129833744,"Shape_Area":4.31381017685}},
{"type":"Feature","geometry":{"type":"Polygon","coordinates":[[[-67.70760158799993,4.045025831000089],[-67.71853177499992,4.06273503500006],[-67.72294629299995,4.086223437000058],[-67.73320282599991,4.122885848000067],[-67.7420463549999,4.139234971000064],[-67.76843594599995,4.162304878000043],[-67.7757366589999,4.18264971900004],[-67.77655098699995,4.204229413000064],[-67.78591575999991,4.213187022000056],[-67.79701384399993,4.229666393000059],[-67.79847211499992,4.241825082000048],[-67.79129937599993,4.276596638000058],[-67.80567298999995,4.315227232000041],[-67.80401210299993,4.327284572000053],[-67.79101082799991,4.340048539000065],[-67.77343743699993,4.33768748500006],[-67.76380715599993,4.341148649000047],[-67.76160990299991,4.349344510000037],[-67.76392031599994,4.361701879000066],[-67.77086262199992,4.373204815000065],[-67.77878234099995,4.379447477000042],[-67.78145849299995,4.392416643000047],[-67.77828464599992,4.404282357000056],[-67.77229988199991,4.412422215000049],[-67.77318225199991,4.418996923000066],[-67.7871441019999,4.424983258000054],[-67.79782470599991,4.437063991000059],[-67.79178903799993,4.467048444000056],[-67.79921978099992,4.479774770000063],[-67.81762037699991,4.496542400000067],[-67.83980355299991,4.505358763000061],[-67.85369662799991,4.517719732000046],[-67.85722970199993,4.524694280000062],[-67.85515276199993,4.539007477000041],[-67.84051842399992,4.554539906000059],[-67.83917490399995,4.56187987900006],[-67.84611332999992,4.593813082000054],[-67.84384830899995,4.615242421000062],[-67.8449355219999,4.645093814000063],[-67.84212780199994,4.655002394000064],[-67.8227272179999,4.692431456000065],[-67.81784417499995,4.707232718000057],[-67.81942388899995,4.721669415000065],[-67.82380922999994,4.733660370000052],[-67.82611526799991,4.762778093000065],[-67.82634994499995,4.787368442000059],[-67.82231823299992,4.806451874000061],[-67.82328108399992,4.83985092100005],[-67.82827219599994,4.864443031000064],[-67.83570577299992,4.881573345000049],[-67.83545281599993,4.90591876700006],[-67.8376331799999,4.946903207000048],[-67.83018885899992,4.956075816000066],[-67.82474749399995,4.97106722500007],[-67.82034428499992,5.000426790000063],[-67.8214334729999,5.022203525000066],[-67.81972288399993,5.028809125000066],[-67.80971364899995,5.042139882000072],[-67.8059262349999,5.054952120000053],[-67.82194302499994,5.06594586500006],[-67.8221061509999,5.083885527000064],[-67.83739049999991,5.110098547000064],[-67.85063785699992,5.126146779000067],[-67.8545759989999,5.137860296000042],[-67.84186249299995,5.164646962000063],[-67.83791619399994,5.177861065000059],[-67.82632256399995,5.191353812000045],[-67.82518425499995,5.201891466000063],[-67.82907023199994,5.208943546000057],[-67.83075994499995,5.223989705000065],[-67.82355040699991,5.246977872000059],[-67.83141579599993,5.261748178000062],[-67.84690143999995,5.26954164700004],[-67.8513497539999,5.280838528000061],[-67.84951036199993,5.303959710000072],[-67.83777460199991,5.320923979000042],[-67.81633945199991,5.338614720000066],[-67.80130741999994,5.357263359000058],[-67.77201335099994,5.370810941000059],[-67.75075053799992,5.386971272000039],[-67.72544621799995,5.398338589000048],[-67.71585956699994,5.412091455000052],[-67.70079189299992,5.422897282000065],[-67.68069499899991,5.428070768000055],[-67.65095452799994,5.45433646500004],[-67.63483833799995,5.46528064000006],[-67.62485615999992,5.476203247000058],[-67.62294182399995,5.49686736600006],[-67.6164362959999,5.517328955000039],[-67.60508366699992,5.525222946000042],[-67.5989275469999,5.544346641000061],[-67.60216565099995,5.550249635000057],[-67.6199069459999,5.565494978000061],[-67.61988743499995,5.587079625000058],[-67.62886955499994,5.613432162000038],[-67.6305862449999,5.632421937000061],[-67.63698583399992,5.644958261000056],[-67.63803181399993,5.673651652000046],[-67.6347204249999,5.687016545000063],[-67.63248135599991,5.725427986000057],[-67.63045692299994,5.733842164000066],[-67.62006345099991,5.746678066000072],[-67.61079604399993,5.776293113000065],[-67.60923561599992,5.792784987000061],[-67.59957700299992,5.81251743200005],[-67.59771452599995,5.826731017000043],[-67.58885122599992,5.838920771000062],[-67.56319558899992,5.859548163000056],[-67.55691628499994,5.87306772900007],[-67.5411372129999,5.895064199000046],[-67.52435106099995,5.910758504000057],[-67.50200576399993,5.921101007000061],[-67.47530832099994,5.93947664600006],[-67.46362451699991,5.958264676000056],[-67.44514710599992,5.971081894000065],[-67.41822143899992,5.983047247000059],[-67.4098750679999,5.995628151000062],[-67.41199996799992,6.010827387000063],[-67.42376590899994,6.021005973000058],[-67.42827535299995,6.028825401000063],[-67.42836693699991,6.039250621000065],[-67.45616108999991,6.058872909000058],[-67.47202371199995,6.081786695000062],[-67.47725194299994,6.101838573000066],[-67.48658121599993,6.113086963000057],[-67.49327384399993,6.126999458000057],[-67.4920208929999,6.14788578200006],[-67.48546616399994,6.164171360000068],[-67.45659462599991,6.188843571000064],[-67.45709647799993,6.194598546000066],[-67.47472981499993,6.212034351000057],[-67.51146617499995,6.233887289000052],[-67.53407195599993,6.259414923000065],[-67.54642281999992,6.265956345000063],[-67.55520798799995,6.267145499000037],[-67.58481579599993,6.262059271000055],[-67.59512888699993,6.26676844900004],[-67.60678108699994,6.281337086000065],[-67.61475606099992,6.287777817000062],[-67.62687003999991,6.291233626000064],[-67.63403948799993,6.289688684000055],[-67.6667625959999,6.290715046000059],[-67.67951549999992,6.293167407000055],[-67.7011844619999,6.293860253000048],[-67.71669921499995,6.300122116000068],[-67.73658516099994,6.297204180000051],[-67.75664532299993,6.291398586000071],[-67.76909340299994,6.294202360000043],[-67.79624489299994,6.320062989000064],[-67.81025957199995,6.324303972000052],[-67.83513473099993,6.317617999000049],[-67.8474701259999,6.310399786000062],[-67.85662423899993,6.29836950300006],[-67.87323320699994,6.285722372000066],[-67.90211791599995,6.267578847000038],[-67.92451905999991,6.240139249000038],[-67.9643926199999,6.219718838000063],[-67.97882235799995,6.207913807000068],[-67.9973045019999,6.208819102000064],[-68.02620307899991,6.196336508000059],[-68.03566312999993,6.195946882000044],[-68.04715956399991,6.201737035000065],[-68.06626513099991,6.221498731000054],[-68.0930699139999,6.231308958000056],[-68.10544036399995,6.23112375900007],[-68.11725713399994,6.22585371200006],[-68.1394085739999,6.228808280000067],[-68.1530061489999,6.226434471000061],[-68.17114619799992,6.219626786000049],[-68.18627669299991,6.210357611000063],[-68.21398697899991,6.207516209000062],[-68.23952262299991,6.19772180700005],[-68.25787170699994,6.196802193000053],[-68.26823809399991,6.18477290900006],[-68.29605570199993,6.166121160000046],[-68.3128906149999,6.162242246000062],[-68.32863270099995,6.16404235400006],[-68.3550857159999,6.179216128000064],[-68.37846657199992,6.186035473000061],[-68.39738854899991,6.182346773000063],[-68.41324816999992,6.185388353000064],[-68.42693340299991,6.182129580000037],[-68.44612544199992,6.187759249000067],[-68.46472194199993,6.183508906000043],[-68.47716800099994,6.183818526000039],[-68.5122514169999,6.17752007100006],[-68.5228808139999,6.159145142000057],[-68.53347306499995,6.151623395000058],[-68.55112639799995,6.149623959000053],[-68.57744414699994,6.167120431000058],[-68.59641908899994,6.163615974000038],[-68.61547631799993,6.150770652000062],[-68.62205623599993,6.142525885000055],[-68.64296947199995,6.129284557000062],[-68.66546148899994,6.132134120000046],[-68.68688986099994,6.131950614000061],[-68.69567654399992,6.14734143000004],[-68.7067213389999,6.152103067000041],[-68.72756246099993,6.151936981000063],[-68.74612925299994,6.156852399000059],[-68.79000495699995,6.147293963000038],[-68.81112526899994,6.171635111000057],[-68.8304185849999,6.180047517000048],[-68.85752277799992,6.177080139000054],[-68.87545262999993,6.167154224000058],[-68.88651219399992,6.167944519000059],[-68.91733261899992,6.17718608000007],[-68.9339198319999,6.176826],[-68.96095700899991,6.189078112000061],[-68.97095890699995,6.195554769000069],[-68.9859879359999,6.195699998000066],[-69.00397971799993,6.191688499000065],[-69.0176044829999,6.194484613000043],[-69.028433,6.212989208000067],[-69.04347139299995,6.221568998000066],[-69.06915524199991,6.217091578000066],[-69.09104882699995,6.208627626000066],[-69.09626827199992,6.197918082000058],[-69.10278592799995,6.193771593000065],[-69.12282717199992,6.19150068600004],[-69.13896083199995,6.17500928000004],[-69.1461455139999,6.15752812900007],[-69.1517279059999,6.149900596000066],[-69.17769517099993,6.147265233000041],[-69.2119695639999,6.117884629000059],[-69.21731740699994,6.102009330000044],[-69.23747669099993,6.079873470000052],[-69.24970904999992,6.07957188000006],[-69.25979672599993,6.082864142000062],[-69.27824547099993,6.081756304000066],[-69.28749226199994,6.087050417000057],[-69.31043452199992,6.090897928000061],[-69.32925593499994,6.131966524000063],[-69.34465521599992,6.144379280000067],[-69.36099135599994,6.140016693000064],[-69.3844175349999,6.125520678000044],[-69.4042683529999,6.125582978000068],[-69.41710209699994,6.112376600000061],[-69.42755517199993,6.10729693400009],[-69.43586877199994,6.104606445000059],[-69.4447916659999,6.090142851000053],[-69.45321578099993,6.082983329000058],[-69.48551644899993,6.07002121000005],[-69.50282811599993,6.059163664000039],[-69.5356973829999,6.045197261000055],[-69.57100636399991,6.044454489000088],[-69.61396126699992,6.036349347000055],[-69.6395439289999,6.036569101000055],[-69.65777548599993,6.039794310000048],[-69.68257957799995,6.038423383000065],[-69.70449497499993,6.045654761000037],[-69.74385410299993,6.042954264000059],[-69.7843168739999,6.058551863000048],[-69.80418080899994,6.055369719000055],[-69.83590992199993,6.041260879000049],[-69.84279708699995,6.032673823000039],[-69.84800814199991,5.998703013000068],[-69.85434846999993,5.984467762000065],[-69.8652451669999,5.974829448000094],[-69.88279430999995,5.969788246000064],[-69.89050166999994,5.951910859000066],[-69.9008404839999,5.939662474000045],[-69.90277593499991,5.929298685000049],[-69.92433177899994,5.910699621000049],[-69.93018886399994,5.894308120000062],[-69.93016996499995,5.883114502000069],[-69.93437335599992,5.874906104000047],[-69.95339745399991,5.866434143000049],[-69.9607260439999,5.865358792000052],[-69.96882400699991,5.856277358000057],[-69.96727552599992,5.825913507000053],[-69.99100770299992,5.790903544000059],[-70.01126363999992,5.767220328000064],[-70.0228479779999,5.760833920000039],[-70.02995140699994,5.752536464000059],[-70.0437779849999,5.746221490000039],[-70.04746337299991,5.720714724000061],[-70.05767399599995,5.702542839000046],[-70.06740843299991,5.697609886000066],[-70.0714873949999,5.689131552000049],[-70.07885014099992,5.687052350000044],[-70.10612588799995,5.652016432000039],[-70.1144176549999,5.632117397000059],[-70.12232440199995,5.630185672000039],[-70.12776948299995,5.620597950000047],[-70.15314499699991,5.600903582000058],[-70.15979625799991,5.599001527000041],[-70.17108241999995,5.603551286000084],[-70.18592875799993,5.599409730000048],[-70.19466896299991,5.603156701000046],[-70.20503716399992,5.596626872000058],[-70.21546308899991,5.583384090000038],[-70.23028183899993,5.578879314000062],[-70.26458543699994,5.563502471000049],[-70.29835427499995,5.577267677000066],[-70.31540790799994,5.574130138000044],[-70.33666391699995,5.574662789000058],[-70.35813673199993,5.587474203000056],[-70.39077406399991,5.560783939000089],[-70.40117568599993,5.559722224000041],[-70.41868812799993,5.546023097000045],[-70.42015165899994,5.53504425400007],[-70.43439117899993,5.530872424000052],[-70.44551768499991,5.530778275000046],[-70.46558275699994,5.515913812000065],[-70.46849576699992,5.510825857000043],[-70.48099914799991,5.506514979000087],[-70.50128346799994,5.493729772000052],[-70.51123874399991,5.476239943000053],[-70.53164200799995,5.471468969000057],[-70.55431321399993,5.45182346100006],[-70.56935083699994,5.442029203000061],[-70.57012878499995,5.436084617000063],[-70.60114339599994,5.424971249000066],[-70.62062151799995,5.400431180000055],[-70.64966237999994,5.379832835000059],[-70.6524240569999,5.373181377000037],[-70.66592775899994,5.373944317000053],[-70.67789977299992,5.364017896000064],[-70.68135946699994,5.348002013000041],[-70.67492212099995,5.327342651000038],[-70.67410880199992,5.315471392000063],[-70.68531121199993,5.300402100000042],[-70.69378213699991,5.283534201000066],[-70.70649263099995,5.27292705900004],[-70.72317264999992,5.263337917000058],[-70.73657461599993,5.25012722200006],[-70.74573717299995,5.244852008000066],[-70.7635045369999,5.225456072000043],[-70.80867782399991,5.19609482900006],[-70.81377667799995,5.187342985000043],[-70.82356963899991,5.186346298000046],[-70.83437669499995,5.168854758000066],[-70.84589304899993,5.157058754000047],[-70.86575334499992,5.143574972000067],[-70.8770916329999,5.148123375000068],[-70.88551034299991,5.143999129000065],[-70.9159818249999,5.139775590000056],[-70.94218421599993,5.125573165000048],[-70.95378307099992,5.110974787000089],[-70.95590640899991,5.096122987000058],[-70.97459824999993,5.079668609000066],[-70.9677458569999,5.05827909900006],[-70.98678788599995,5.043670654000039],[-70.98500910899992,5.035580073000062],[-70.9982744699999,4.999393042000065],[-71.00234452699993,4.980229995000059],[-71.01311442699995,4.977377511000043],[-71.02347616299994,4.956145597000045],[-71.03871982499993,4.94153704900009],[-71.04165795099993,4.924724754000067],[-71.05623008099991,4.90671777600005],[-71.06807095899995,4.905998454000041],[-71.0779310449999,4.899101335000069],[-71.07761865099991,4.726488556000049],[-71.07765068899994,4.495147188000089],[-71.07763776099995,4.328298228000051],[-71.07762593799993,4.175739456000088],[-71.07761023099994,3.973034290000044],[-71.0775983879999,3.820203615000082],[-71.07758511899993,3.648972624000066],[-71.07756917199993,3.443187937000062],[-71.07755772599995,3.29550392100009],[-71.07753887199993,3.052228093000053],[-71.07752569599995,2.882232412000064],[-71.06559834199993,2.873484485000063],[-71.06376603599995,2.857543217000057],[-71.05473821999993,2.851768069000059],[-71.02340639199991,2.848183495000058],[-71.01690105599994,2.85687940400004],[-71.00554990599994,2.852697402000047],[-70.99021589799992,2.829928725000059],[-70.97275769599992,2.832783104000043],[-70.95895045099991,2.842740253000045],[-70.94779844499993,2.833845200000042],[-70.94793120699995,2.81796022900005],[-70.96200397599995,2.80048875500006],[-70.94803741599992,2.785831830000063],[-70.93635436199992,2.78795602200006],[-70.92807001299991,2.802506735000065],[-70.92546787899994,2.821412040000041],[-70.93805371499991,2.832139209000047],[-70.94166484099992,2.839626984000063],[-70.9408151639999,2.852743868000061],[-70.93640746699992,2.858054347000063],[-70.91399724399992,2.85157556300004],[-70.9096957559999,2.847380284000053],[-70.9003493109999,2.811746970000058],[-70.88824141899994,2.793691340000066],[-70.87156651499993,2.795656216000054],[-70.87100891299991,2.809357252000041],[-70.88237333899991,2.829643283000053],[-70.88210781599992,2.844459524000058],[-70.87531040099992,2.847114761000057],[-70.86060037499993,2.837184164000064],[-70.85560852299994,2.829749493000065],[-70.85539610399991,2.818491279000057],[-70.86214041399995,2.812809066000057],[-70.87047786599993,2.797621096000057],[-70.86851298899995,2.790770576000057],[-70.87345173499995,2.779193732000067],[-70.86240593799994,2.77659159600006],[-70.84631518599991,2.799851495000041],[-70.83511007399994,2.80383435400006],[-70.82241802899995,2.812968378000051],[-70.80972598199992,2.81227801600005],[-70.79677672999992,2.796365982000054],[-70.79426603599995,2.783170057000063],[-70.79897049599992,2.775704813000061],[-70.81529233299995,2.767910545000063],[-70.81134342199994,2.760012718000041],[-70.79979285199994,2.760210164000057],[-70.77867682699991,2.767984522000063],[-70.76209415099993,2.767233513000065],[-70.74625138199991,2.775939870000059],[-70.72759447699991,2.795046970000044],[-70.71990657099991,2.791233282000064],[-70.7167966209999,2.780908664000037],[-70.72051861999995,2.749800096000058],[-70.7108436019999,2.737405195000065],[-70.70304450099991,2.739774543000067],[-70.69149393099991,2.753891904000056],[-70.68023953199992,2.778967497000053],[-70.65921157399993,2.780250894000062],[-70.64210797499993,2.799320631000057],[-70.63921618199993,2.817775730000051],[-70.64264054999995,2.825393975000054],[-70.66032483799995,2.840117614000064],[-70.66505410999991,2.85268396500004],[-70.66005458899991,2.857413247000068],[-70.64460343499991,2.854631009000059],[-70.63396790399992,2.846043636000047],[-70.63161663299991,2.828774882000062],[-70.63181407199994,2.807958554000038],[-70.61830185699995,2.791743902000064],[-70.6054652549999,2.801067327000055],[-70.59718911099992,2.836270812000066],[-70.58332528699992,2.839967263000062],[-70.56992814499995,2.832685895000054],[-70.55371349099994,2.817146857000068],[-70.53049177999992,2.805642115000069],[-70.5112174599999,2.789405105000071],[-70.50115263299995,2.787987389000079],[-70.49660041099992,2.795935504000056],[-70.4987731949999,2.808370642000057],[-70.46730356199993,2.816806418000056],[-70.44796426399995,2.819429232000061],[-70.4046399739999,2.830947035000065],[-70.37385191399994,2.849173474000054],[-70.35871538099991,2.851865744000065],[-70.35147616699993,2.859763065000038],[-70.34883850599994,2.878388244000064],[-70.35614276799993,2.904215417000046],[-70.35087788499993,2.916240888000061],[-70.32401502399995,2.91336913300006],[-70.30798077299994,2.92202489500005],[-70.2985525599999,2.930729283000062],[-70.27980198599994,2.934309003000067],[-70.27776782699993,2.954650589000039],[-70.2801057989999,2.980259468000042],[-70.28485640499991,3.000842476000059],[-70.29015564699995,3.011734989000047],[-70.30184272899993,3.026225409000062],[-70.29512086099993,3.035367006000058],[-70.27187977699992,3.030817630000058],[-70.25569122199994,3.038529724000057],[-70.25844331899992,3.049298802000067],[-70.27274225799994,3.066110524000067],[-70.28548566499995,3.071375407000062],[-70.31133144699993,3.069819872000039],[-70.3172544379999,3.072093344000052],[-70.32156206899992,3.083221390000062],[-70.3132459489999,3.090101634000064],[-70.29386161199994,3.090041804000066],[-70.2824942549999,3.092375103000052],[-70.2786652499999,3.09955449000006],[-70.28081906499995,3.109306484000058],[-70.2874599939999,3.118161057000066],[-70.28375064699992,3.12893013300004],[-70.25993902399995,3.143588045000058],[-70.25079781399995,3.162959542000067],[-70.2472809539999,3.176485151000065],[-70.23378373999992,3.182354132000057],[-70.22489021199993,3.177695234000055],[-70.21823878099991,3.169027959000061],[-70.20652729199992,3.173090093000042],[-70.20651144599992,3.184920142000067],[-70.22023671499994,3.196987444000058],[-70.21785881999995,3.205977460000042],[-70.20971470199993,3.207175436000057],[-70.1996371589999,3.194887633000064],[-70.19807037099991,3.18166977900006],[-70.19399478699995,3.174371371000063],[-70.18547764499993,3.171766138000066],[-70.17245224399994,3.175524635000045],[-70.15820787399991,3.189969528000063],[-70.16069512899992,3.199133546000041],[-70.1778077649999,3.216888263000044],[-70.17825257499993,3.230822327000055],[-70.16734811499992,3.236678849000043],[-70.15717934699995,3.229403063000063],[-70.15345764599994,3.220654611000043],[-70.15227966599991,3.197543860000053],[-70.14833929699995,3.19096376400006],[-70.13682052299993,3.192671039000061],[-70.12765324599991,3.203063796000038],[-70.12765324599991,3.221964368000044],[-70.13181839599991,3.244091734000051],[-70.1359835479999,3.249298174000046],[-70.15368544199993,3.254504613000051],[-70.15785059199993,3.259971376000067],[-70.15785059199993,3.281578099000058],[-70.14759390199993,3.291078298000059],[-70.13274071699993,3.29287940200004],[-70.11961599699993,3.28005859600006],[-70.10960958299995,3.284361370000056],[-70.1128977219999,3.299985966000065],[-70.12400873799993,3.304746754000064],[-70.14275191799993,3.320626392000065],[-70.1534251189999,3.324531223000065],[-70.17190797899991,3.344836337000061],[-70.17034604699995,3.353426958000057],[-70.13780580199995,3.361496939000062],[-70.12947549899991,3.372170143000062],[-70.13051678699992,3.395859438000059],[-70.1190626209999,3.403148455000064],[-70.1128993989999,3.397480223000059],[-70.11232058199994,3.386366877000057],[-70.10071838999994,3.384480021000059],[-70.07302445399995,3.387977681000052],[-70.04969929299995,3.400432778000038],[-70.04299546999994,3.410997092000059],[-70.03376656599994,3.417843656000059],[-70.02580958499993,3.417619678000051],[-70.01534927999995,3.408535556000061],[-70.0140024879999,3.402850953000041],[-70.01690777499994,3.383874225000056],[-70.00594529199992,3.37325850700006],[-69.99895833199992,3.372960583000065],[-69.96942282899994,3.388519761000055],[-69.94354559099992,3.394751987000063],[-69.93919266899991,3.403096588000039],[-69.9395572869999,3.414198365000061],[-69.9461543079999,3.424643372000048],[-69.96124641699993,3.437565371000062],[-69.96350127799991,3.447246179000047],[-69.96027962399995,3.456920550000063],[-69.94592471599992,3.459180677000063],[-69.91496909499995,3.446998145000066],[-69.90799426899991,3.436932055000057],[-69.90498581999992,3.426301555000066],[-69.8862911519999,3.426278395000054],[-69.87419676499991,3.433474171000057],[-69.87059505999991,3.444475802000056],[-69.87170605199992,3.461935305000054],[-69.86168031299991,3.475395490000039],[-69.87562169899991,3.498729185000059],[-69.89553528399995,3.517216695000059],[-69.89707918199991,3.532931077000057],[-69.88964321499992,3.539402918000064],[-69.87244670399991,3.535845381000058],[-69.85822040699992,3.503027498000051],[-69.84729476399991,3.48769380400006],[-69.82209568199994,3.476858388000039],[-69.8140723169999,3.484310821000065],[-69.81621547199995,3.489420087000042],[-69.83319417099995,3.508886481000047],[-69.84489165399992,3.531684618000043],[-69.84604810099995,3.544059459000039],[-69.83410792799992,3.556613073000051],[-69.82081780199991,3.555416607000041],[-69.8139885299999,3.546569282000064],[-69.81539814899992,3.515932921000058],[-69.8056375399999,3.506885277000038],[-69.7982062719999,3.509821079000062],[-69.78664570899991,3.524322837000057],[-69.7895000339999,3.550252453000041],[-69.78424349799991,3.559350554000048],[-69.77506074699994,3.56513562400005],[-69.75758736599994,3.561272852000059],[-69.7472068209999,3.554941804000066],[-69.73403358399992,3.542927851000059],[-69.7227397119999,3.54275926400004],[-69.71311095899995,3.550699339000062],[-69.72071442399994,3.569300824000038],[-69.7416455309999,3.575145991000056],[-69.7448467399999,3.586334041000043],[-69.73958853199991,3.591028789000063],[-69.72942547799994,3.591523107000057],[-69.70926218099993,3.575896043000057],[-69.70178719099994,3.559640156000057],[-69.7015255039999,3.542390533000059],[-69.69088994499992,3.543958400000065],[-69.68071322599991,3.557980498000063],[-69.6736792289999,3.579220067000051],[-69.66243349099994,3.585516188000042],[-69.65023924699994,3.580062220000059],[-69.64297260299992,3.571186479000062],[-69.6248107429999,3.570085593000044],[-69.62071258499992,3.578339331000052],[-69.62043710599994,3.590736182000057],[-69.61247052399995,3.595523340000057],[-69.6015182989999,3.588159894000057],[-69.5955958589999,3.56977272000006],[-69.59000600299993,3.57190391000006],[-69.58758952599993,3.582315553000058],[-69.57830047899995,3.60341089800005],[-69.57599926499995,3.61593821200006],[-69.57736279099993,3.628803785000059],[-69.58168503399992,3.638100484000063],[-69.57895994199993,3.659426139000061],[-69.5710853189999,3.667222697000057],[-69.57376250399994,3.67657104500006],[-69.55981664399991,3.678208509000058],[-69.53276493099992,3.674689225000066],[-69.51040737199992,3.679195865000054],[-69.49757245899991,3.672663354000065],[-69.49968420099992,3.655220666000048],[-69.49300863099995,3.650748942000064],[-69.48554345199994,3.660084450000056],[-69.48753075999991,3.674354880000067],[-69.47794075799993,3.69609319500006],[-69.46182768599994,3.709234084000059],[-69.44439534799994,3.706638069000064],[-69.43156272599992,3.687240665000047],[-69.42469613799994,3.667335374000061],[-69.41455031299995,3.660534461000054],[-69.40658798899995,3.660185151000064],[-69.3999234229999,3.665759433000062],[-69.39539140499994,3.680422057000044],[-69.38407953199993,3.684868097000049],[-69.3785343749999,3.678184471000066],[-69.3777378019999,3.669330980000041],[-69.36635858199992,3.66549606600006],[-69.35744256899994,3.674917145000052],[-69.32902739299993,3.693476859000043],[-69.32048270899992,3.695911179000063],[-69.31184416699995,3.713677374000042],[-69.30560096599993,3.717345213000044],[-69.29180509799994,3.709490130000063],[-69.29152084299994,3.689937398000041],[-69.3037337099999,3.665782230000048],[-69.30565814399995,3.652168163000056],[-69.29930195999992,3.644801916000063],[-69.29198258699995,3.644787372000053],[-69.2813950609999,3.652392152000061],[-69.2711695289999,3.670432306000066],[-69.2679905519999,3.685445904000062],[-69.27085659999995,3.696361324000065],[-69.28425528699995,3.707173490000059],[-69.2870756289999,3.72272528700006],[-69.27967753599995,3.726294526000061],[-69.26266162099995,3.723589807000053],[-69.25046091899992,3.718136926000057],[-69.24204655999995,3.705726126000059],[-69.24179105199994,3.683886481000059],[-69.23296593099991,3.673476786000037],[-69.22043241199992,3.679325564000067],[-69.21053842999993,3.701369592000049],[-69.19821791999993,3.697813451000059],[-69.19668987599994,3.69305502800006],[-69.20285970399993,3.674839362000057],[-69.19464531099993,3.667077962000064],[-69.17996390199994,3.675809818000062],[-69.1684366309999,3.672241629000041],[-69.17042893099995,3.655681431000062],[-69.18755425199993,3.641946829000062],[-69.18669243599993,3.633916194000051],[-69.16767092499992,3.634212773000058],[-69.1519064069999,3.643028893000064],[-69.14134833799994,3.653455602000065],[-69.1275916809999,3.673701483000059],[-69.11382483699992,3.67481650700006],[-69.11026555099994,3.667507355000055],[-69.10898448899991,3.652090487000066],[-69.10552672199992,3.642762398000059],[-69.09496266799994,3.635910444000046],[-69.0868426529999,3.639416955000058],[-69.08175696599994,3.654793106000056],[-69.0710337239999,3.653237248000039],[-69.06532933999995,3.641899701000057],[-69.05594243999991,3.638655851000067],[-69.04421961399993,3.645397678000052],[-69.03927988599992,3.654019710000057],[-69.01196633199993,3.681953109000062],[-68.99221024899992,3.692913804000057],[-68.97535891399991,3.692812521000064],[-68.95870910899993,3.68061233800006],[-68.94959670599991,3.679204498000047],[-68.94140869699993,3.683403484000053],[-68.93542069799992,3.697323509000057],[-68.93833687199992,3.713854594000054],[-68.94776348599993,3.730609227000059],[-68.94443045899993,3.740245533000063],[-68.92908188799993,3.738540926000042],[-68.92513338899994,3.729354145000059],[-68.92910506599992,3.711333599000056],[-68.9293332819999,3.693566406000059],[-68.9268428279999,3.687762200000066],[-68.91134314399994,3.682264627000052],[-68.89967141399995,3.686587536000047],[-68.88763025199995,3.699444808000067],[-68.87541652399995,3.705491961000064],[-68.86332051099993,3.706137366000064],[-68.85126880399991,3.699787830000048],[-68.84450534299992,3.68733237400005],[-68.84042374899991,3.672541927000054],[-68.8293736899999,3.674850870000057],[-68.83002538199992,3.683920295000064],[-68.8364828039999,3.691418712000086],[-68.83862285099991,3.701015306000045],[-68.85214272999991,3.718292703000088],[-68.85257241199992,3.737790025000038],[-68.83782556999995,3.744053636000046],[-68.8261611069999,3.735831302000065],[-68.81253276699994,3.719765402000064],[-68.80039549399993,3.720050040000046],[-68.78223342799993,3.72853365800006],[-68.77493117499995,3.73497732900006],[-68.7690434189999,3.747019227000067],[-68.76784532699992,3.769758595000042],[-68.76013194299992,3.780255689000057],[-68.75366234799992,3.783356647000062],[-68.74265345899994,3.780698352000059],[-68.73224639499995,3.772760839000057],[-68.70964920099993,3.767584483000064],[-68.69617264899995,3.768456039000057],[-68.68275462999992,3.775634566000065],[-68.67048243099993,3.775911651000058],[-68.65293875499992,3.761460753000051],[-68.64489597699992,3.771382722000055],[-68.65716473599991,3.783653960000038],[-68.67403025599992,3.788888219000057],[-68.68125123599992,3.803805221000061],[-68.67624531199993,3.811135042000046],[-68.66346784599995,3.809868902000062],[-68.65483806299994,3.804405106000047],[-68.64485712599992,3.783976770000038],[-68.63589324199995,3.774224258000061],[-68.62669856199994,3.772782981000091],[-68.61134827599994,3.782860128000038],[-68.60168770299993,3.783986050000067],[-68.58950312699994,3.777023821000057],[-68.58003532299995,3.789822297000057],[-68.56656990899995,3.784485630000063],[-68.5552680799999,3.765131913000062],[-68.54755208999995,3.771416724000062],[-68.55508283699993,3.784544084000061],[-68.56985543499991,3.79745998900006],[-68.57376653799992,3.810659477000058],[-68.5624393299999,3.819919416000062],[-68.55021690599995,3.812783208000042],[-68.52714839499993,3.785387431000061],[-68.5191786659999,3.779590299000063],[-68.5072005479999,3.780294378000065],[-68.50323957199993,3.795602686000052],[-68.51418471699992,3.808249881000052],[-68.51365871799993,3.823567367000066],[-68.5062872769999,3.832006680000063],[-68.49645966299994,3.837361015000056],[-68.48358229599995,3.849310908000064],[-68.46600406199991,3.850325639000062],[-68.4541900829999,3.838779230000057],[-68.44252433699995,3.840624757000057],[-68.44020925199993,3.853819897000051],[-68.45028816099995,3.868318353000063],[-68.4467617059999,3.884435556000085],[-68.43339132599993,3.883838663000063],[-68.42598986599995,3.875004662000038],[-68.41441016199991,3.852919660000055],[-68.40438237599994,3.847428256000057],[-68.39328018599991,3.852084012000091],[-68.39017634699991,3.860559878000061],[-68.3917282669999,3.870348906000061],[-68.39745842899993,3.877869744000066],[-68.42957121699993,3.895895881000058],[-68.43756956999994,3.907594963000065],[-68.43315256799991,3.92012969600006],[-68.42037908099991,3.926695505000055],[-68.4041436199999,3.92454669500006],[-68.38432680699992,3.912847612000064],[-68.37059829199995,3.914638288000049],[-68.36474874999993,3.920845967000048],[-68.34672261299994,3.92406918100005],[-68.34230561299995,3.93564888800006],[-68.35448220799992,3.947706103000087],[-68.35388531699994,3.96012145800006],[-68.34612572199995,3.978266971000039],[-68.34887142499991,3.98853351200006],[-68.33979866599992,3.99390554200005],[-68.32857709799993,3.990204812000059],[-68.31389355499994,3.977789459000064],[-68.28190014699993,3.979580135000049],[-68.26268022499994,3.975879405000057],[-68.24274403399994,3.976118159000066],[-68.23164184399991,3.972894945000064],[-68.21278005899995,3.95916642800006],[-68.20048408499991,3.961792753000054],[-68.1996484359999,3.981012675000045],[-68.20716927399991,3.990801702000056],[-68.2000065709999,3.997128756000052],[-68.18687494699992,3.987459109000042],[-68.16705813499993,3.987578487000064],[-68.1472413219999,3.998561298000084],[-68.13470659099994,4.001545759000066],[-68.1269469959999,3.999516325000059],[-68.11954553499993,3.982087079000053],[-68.12324626599991,3.970268621000059],[-68.13625850999995,3.95343626500005],[-68.12849891399992,3.942572833000042],[-68.12061994099992,3.939349618000051],[-68.10533950699994,3.949735535000059],[-68.0982961819999,3.974566240000058],[-68.09161099099992,3.979580135000049],[-68.0783599909999,3.980535161000091],[-68.07272297499992,3.973313051000048],[-68.0724269239999,3.96324734600006],[-68.08278867699994,3.94814879200004],[-68.08384333999993,3.941174268000054],[-68.0734194449999,3.938394566000056],[-68.05581464599993,3.977310435000049],[-68.05095016099995,3.99746329900006],[-68.04303899099995,4.011497937000058],[-68.03453251499991,4.01135548700006],[-68.02875953699993,4.001585832000046],[-68.03201608899991,3.989003703000037],[-68.02801759399995,3.977773721000062],[-68.01921519399991,3.973835808000047],[-67.9935029209999,3.980321786000047],[-67.98354231199994,3.970129531000055],[-67.96084138599991,3.962485341000047],[-67.9448010399999,3.965361277000056],[-67.93072791199995,3.956462649000059],[-67.92215715599991,3.935614858000065],[-67.91964453599991,3.910747062000041],[-67.90590702999992,3.910459882000055],[-67.8795652519999,3.917049515000087],[-67.86835429299992,3.925532069000042],[-67.81930581899991,3.979689759000053],[-67.79339972199995,3.998329281000053],[-67.75224875999993,4.023345513000038],[-67.71938720199995,4.036815795000052],[-67.70760158799993,4.045025831000089]]]},"properties":{"DPTO_CCDGO":"99","DPTO_CNMBR":"VICHADA","DPTO_ANO_C":1991,"DPTO_ACT_A":"5 de Julio Constitucion Politica de 1991","DPTO_NAREA":100063.370595,"DPTO_CSMBL":"3","DPTO_VGNC":2021,"Shape_Leng":17.2926130132,"Shape_Area":8.10068049164}}
]}